AF3,F7,F3,FC5,T7,P7,O1,O2,P8,T8,FC6,F4,F8,AF4
-5.490897370834256,-1.2159949555868814,-7.603124292131346,-3.496782473135043,-1.184976377989901,-4.574426342255015,-0.4202406180343242,3.9902257189291896,1.0620524813268841,-6.942492071241065,0.37563331015716894,2.8991128753301645,-5.521819022207779,-3.267565292503374
16.303680964659396,10.080762971296918,5.223874041863361,15.08714156308769,6.6034164960063695,2.9544767227099733,15.950010405046868,14.548851743199823,15.954253167875217,12.536058111201047,11.91259938434387,10.764486263322274,11.086151094089958,7.685020028538637
10.338500295658987,18.376785677902117,28.378387438458518,15.08027871116496,12.598241316193082,12.273347463696282,15.102501338737977,13.70263416663112,20.548636345966944,15.966861235670192,17.164057555815912,20.233499545193553,19.271810248140685,18.709594841797553
14.558432915492409,1.6177851128085994,5.751159279167813,7.488555415759275,13.428401034130111,11.305940793337506,24.676338509608,10.393806352014916,8.25793395896583,6.750226851359647,12.366915949989835,13.14796337830231,5.749145393716351,13.705426829752072
6.345014280985211,-0.7440249555877738,2.18081463131524,0.30982364769803894,1.5844667464462965,4.915667500316571,8.116416149751352,-0.6307803549964475,0.631341375995232,-1.5861081207389138,3.5440560718267866,-2.5085620179730928,-3.235119927969145,8.797914514001313
4.982628500679542,-15.065479668818895,-5.426515589298229,-2.0091191954119063,1.2698498347902056,-2.664730319069071,-4.274724220115351,-11.540275411881368,-9.232780117585008,-11.42060487924088,-5.9860446798176135,-8.25966789641198,-5.551544680826867,-7.657391054743355
-2.8201870905389628,-5.269858318795669,-8.775531152446066,-8.756699153525405,-15.437248879982318,-8.375373099498514,0.06343007339568629,-2.706853179137261,-12.156803933800656,-11.51239360533824,-6.869444138278694,-9.366431084462471,-17.071523889776003,-4.86429678772016
-0.2676361853661797,-13.181792571275063,-6.934856816171877,-9.21383946131251,5.394733560896182,-10.758309181811292,-9.394160858512329,0.9581865514864125,5.796224803479974,-1.8688302862740223,-8.813878213111076,-8.383091512234266,-0.11959704023172701,-3.3282990683410203
-1.9186054937399262,-7.327964351940004,-3.0209802129555743,-4.1417700278230365,-6.263679822349813,-3.6364091047280955,0.990314428211831,2.4439072499174124,6.441164376835236,-3.637164674540521,7.593898710597829,0.3282844121251589,-10.674876792197075,-4.62825874315622
3.850166203907019,0.22168722818455588,-2.8807445743366107,-4.656045645312404,-10.894834491636445,1.8574504875430344,-8.778758283050328,-2.0137174722138367,-3.299890129456084,-10.51083217706449,-6.996367797164241,-4.274267762859668,-9.926965244399003,-3.7089114823194844
-0.5639227156915725,-13.793090771884838,-2.1302656494625754,-0.9659779729528442,-17.962180277516428,-4.349790477431983,-4.102558355311135,-3.7590915117945154,1.4128187243248345,2.0509998448221287,-2.964430541090248,-4.2342022666751,-9.525112508582481,-3.3585816808157185
5.40395980590023,-6.997678276111038,0.8900704159538888,-6.0115442511433645,-8.353095079216907,-5.3150050871665915,-1.0580673127857372,-9.95457172216249,-3.5050547161807133,4.818754865805437,6.703004726066219,-2.9813383652128156,-6.076592894191556,-1.2230249668714
9.101434333014097,8.845131425947597,1.9008790178354689,5.34412957611847,2.0505250148378034,2.1208640439332505,0.1481034793603273,8.947996432950486,1.3814565596152137,6.5019933993220995,7.0887806257228405,12.04579497855752,-2.9403518451934003,8.494260126943649
13.775729741108691,16.218164214698575,9.833285412172616,27.43624984712048,19.86524585684314,12.966582894255975,17.62904856137824,15.86655805358937,2.049580719314525,9.34856276548555,13.557477075886014,11.076456383167791,21.276667325569015,11.633389169880742
19.304003788949675,10.63049331634648,13.586483626587203,15.9318826874454,25.65794614971646,15.203224404454401,17.826608664519025,14.771613895920467,21.33606999299063,14.209966854455866,14.198400711188398,13.186673644281386,8.74159811420962,24.07647932252526
11.740374495262053,11.236599576993337,8.775573304525766,14.321231017989465,5.247026575603806,1.0305256463411752,12.833823587353749,-3.301049037338734,17.492002187070902,6.305935356371906,4.260125042625204,19.542208567762113,15.304961275998723,16.231622121986497
-8.200105393412857,-12.434391592824802,-7.841739081947068,-9.350148724975826,-6.986000641684031,3.985987149632166,-2.3463022092561516,-9.155506684836736,0.5073554077321027,-3.5858725915469725,0.6514656808076911,-11.75591990516899,1.061072974409135,-11.38045940284712
-15.660142385227097,-19.103640534338503,-10.382644518285172,-22.099093599356067,-15.842376890939219,-15.424004844400542,-22.114565699919986,-13.398458818473333,-11.389784913796039,-11.84643495242655,-15.548918850966558,-14.653946504719485,-18.636933641571982,-17.28222964310938
-15.9798285017392,-18.250144001416288,-20.03204975714868,-18.682639285746944,-19.187318562887206,-11.802033578238182,-18.800007326083715,-13.658054793344213,-25.042232565519335,-24.15595670129029,-12.678380001581665,-29.804019874889534,-14.320569917016886,-16.667411675851152
-4.269618799071709,-12.512040599698151,-10.949875689945703,-11.861764679872337,-13.717582196079329,-15.24438779736085,-11.794735788688834,-8.736240492642597,-18.466642203607734,-5.730207228840641,-1.3161903032248912,-3.556084537517762,-10.792288348201977,-10.122137479053341
-3.392748398294703,10.721075126777617,3.4151966043079556,-3.112995790904022,0.6944899634826815,-3.5935716044478383,-1.7004786343178075,3.846674170378095,0.40686987868758595,1.9066207834617788,4.938998829579836,3.182621228882385,-6.45939875723403,-1.392525990945976
21.01273713733233,8.242245128648886,16.51371141605346,14.833153873434894,12.152433776213238,11.003682335938892,15.02005524425083,17.381420734476926,11.894985220145852,15.455022859205474,12.03716800747421,12.492509759734034,7.25816926716098,18.584805720029546
9.884905604673778,10.53071267220643,13.769776956590313,11.08899298842234,12.206384100999822,11.612842967190048,4.664203307545167,12.873306433481401,18.867577489657435,2.3038604672591525,18.227849016927635,18.800084381219996,12.692566496669878,10.998822014318105
4.331389470858721,7.27087688935691,-1.7790615311333822,13.790955370135357,4.356658534207241,-0.14962572625712145,5.474210560916702,10.678651266729116,14.822805693192976,13.843749384664552,6.8569979828953045,7.477679598001765,15.706586189476262,8.129060860000747
6.400799976760902,-9.208664891122904,-0.49165725595380216,5.785452046881222,8.795231269071518,-3.689761951552665,4.412350474817805,2.4709502730472264,5.437277587793236,1.1810746627844333,-7.230214820284096,-1.010688405072408,7.978313883002309,2.1433676262973966
5.7201728456148375,3.3632496636334794,0.9916281962091797,4.379946589429903,3.045690791741855,1.6736908503249208,15.313122690882569,2.235255045263878,-0.3501972072824133,5.179450798741672,4.324524630314565,0.7557515189364737,-3.4072360502633776,-1.2471880110215363
6.974838160635995,-0.13842601377323177,-3.7616027675876476,5.71211368549783,-3.15862693484482,11.030646086880822,6.519743184640185,4.313563045136721,-10.8321979815047,-10.452594455103833,-4.750438948075275,1.3943004189790305,-3.84014935588886,5.461737302225217
2.4704743730012013,4.516980493641094,-6.517532894405619,-1.1129699863069347,9.229092243542505,-3.4282496401197706,-2.275416185769181,4.277513312144977,3.851481894908064,-14.77478518464996,-7.962647318135543,-0.6605089562190131,-5.153381970790221,-3.264475099782696
-2.876555326026474,0.6234693964786775,-8.274642382727,-3.0100324651340795,-6.4990592262872,-0.5704285248432086,-2.8716124015088,-8.906697069802808,3.7690987365316584,-11.086852484983513,-1.7642852429765004,-10.861978824685622,-5.459965357647283,-11.661279620745516
-9.844966330294458,-9.731474689706527,-14.543103114083143,-14.89346249797594,-14.070100132658556,-12.00672640938325,-16.74445482738447,-13.604980569788506,-15.910730083724953,-17.018539693718225,-9.095961096129209,-7.966895269068181,-16.978973130493536,-11.601424140916201
-7.494579900476726,-14.969650488102575,-15.10495221810319,-12.61599168139911,-18.097072159462016,-14.82910531294091,-6.927404312341285,-12.46451450153368,-19.43685644812537,-9.914141425073248,-11.658912504750244,-16.963137703731242,-5.165345362037901,-17.51312295356999
-3.605512726233921,-5.792726260097496,2.546402692642558,-7.489227815324133,-4.417330867952208,0.36980502393780945,-2.3933161241855245,2.9409350297063694,-0.7497331992432192,4.836120978736339,-5.421156564644972,-8.530620953230333,-3.5706030615221347,-5.538673810019999
14.177675292707654,1.9082445387040563,2.2715493682410104,20.489337484120963,11.008628637020388,9.542171545331861,4.927604457121131,13.408869769383383,8.311627403614136,2.0220270399168907,8.630406613749065,9.751118461206302,13.882842403356896,7.331345532348225
22.202818506644352,23.698356124021537,19.31208626134311,17.870132091064164,15.518185746761315,11.859897417628979,6.4186012134428285,19.495981187943283,19.825163468494523,14.11265320353781,16.872263398180774,17.549965743713834,15.822743746197316,28.557270979073937
23.218969657386513,15.503774532470057,15.49169508790841,13.698728124761718,22.919052073821444,19.357703102884326,14.3134007479559,20.4092294464971,23.069046659486716,11.104912049456656,21.97784254160185,20.65454226783054,9.853236940208337,18.771846633903305
2.5564422716967403,1.6483366171376268,8.261190599467945,-1.206481057762561,13.295618895255885,2.124383645825362,8.448445888945898,2.702230640913278,9.461200485956727,7.59314066686469,6.319205460659746,13.05006912114246,9.37432028543271,2.9633272708517824
-3.5050477199700807,-4.487759863280431,-3.7196456024119233,-9.561579643656348,-8.28992558307291,-9.812110420423672,-1.016441989330124,-7.78946433055717,-7.501955556544232,-6.834797635388902,-5.783298238436712,-7.150290961691022,-13.326258227260363,-7.950974467784424
-17.224533807893497,-8.119995540055438,-15.022993637623387,-7.120683703268105,-13.635337934632581,-14.329859795403639,-14.292537342708625,-26.991475695041867,-15.224226655475801,-24.02845545376868,-17.817237596970838,-18.068790988478423,-20.411796053561474,-9.22462545319301
-5.639669708503494,-13.212369415076491,-18.597368619771217,-21.498369101957774,-9.498639535512579,-16.951051638347547,-21.132665515752517,-26.051505758626526,-14.012883505548126,-14.689446298128448,-12.378542847651072,-17.68505000907508,-15.11897129862253,-14.402206993536142
-13.474387200234183,-15.111901805420352,-3.0927047768666203,-4.702691070201456,-3.4584048997735612,11.08585918435288,-13.305528555715057,3.810990237549329,-6.880921101188813,-10.244514606006918,-5.505153900953935,-8.569529493672706,-0.6107285165095249,-6.131303452486737
-6.408124003177788,-2.56245569185206,3.7745354951477226,-3.2929556757685416,7.494872008812859,-8.928522379415892,-1.453431813706647,4.9619223077148416,-1.0713472369574881,8.296621606010788,8.465987909250092,-0.8055174177766,0.4875516526672854,-0.0556308389266591
7.7757926126819035,5.01990161536701,7.332300278904401,7.1360081106425595,11.225502974337255,5.206826029710963,0.032514238067472334,4.037291246574771,9.995800784757233,12.781097647485314,4.120566487636902,-1.4568486139616015,6.936433772696915,6.019703603150486
-0.8934200421763823,2.261187036170497,0.2551052210559188,-3.2504005609280044,5.924924977932399,4.274748051522482,0.3733862566966075,-3.2681708948180628,3.3659063355537167,5.808579822659831,-5.689058398765184,11.065465044068208,6.836102090013163,4.4278280073047505
-5.109607924643316,9.733921787189935,2.5730707439885308,8.151867047600447,4.246304673256583,5.519108172892917,-0.7060287829800744,6.889875592433951,8.107291488498209,7.343492038764725,4.052604958959182,3.606716068017564,-2.6072000752554825,5.486841932176339
-1.2942035769248852,2.6343333692483335,4.174352200960536,5.854939964715005,3.48236916460407,1.2675808874079317,5.066765729463449,9.400966242045222,-4.82338107058168,-0.7850922323468321,9.606897268623818,16.20524053865985,-2.1241400338156744,8.111511155891401
9.333044898608758,13.693864723153801,4.695466041339692,6.808872427883704,5.718379269031168,11.793310602934154,12.305252287992023,7.022912474874282,16.361058553710187,3.7963345615252386,10.097981859781047,10.885169604792097,4.380191985052537,7.770191977358631
10.537512140519919,5.22470062188974,-3.229446365055745,8.473055591713523,13.865510181053313,8.909712482913253,4.417222308056205,9.063272733230614,9.31464940771974,7.615711334146788,-0.10488640782860248,9.029533313687404,12.11953612248977,7.152035565054001
2.666902570096871,1.4573709025619288,4.700685677523671,0.971757012727644,7.093691425672339,-5.743789359284611,-2.028392896418577,4.565716094227782,4.654323985579927,-2.0152603925577095,3.3575181222568786,-0.3433379740945043,-4.35555043014782,4.385037915040274
-8.731962140269545,-9.50324472416987,-13.5392641003816,-3.584212806512557,-18.74432935578474,-17.91916258153164,-5.777402818633412,-9.942971635151107,-6.738775013229004,-17.462566458509166,-16.48871862201689,-17.343454978619185,-5.00235533152224,-10.5147705390282
-10.429442529643996,-16.546291841771893,-18.398657556227054,-13.367505911820512,-23.683476872089614,-20.649492798636523,-18.123533210521742,-19.26954323194487,-25.17382745772272,-16.03195727078644,-24.66469380643501,-14.45089598584575,-16.637824883907264,-23.43901388625227
-20.342844882152058,-16.42664873343755,-9.497075371002282,-23.769911395393564,-12.312930789575509,-17.40799677633008,-21.810265523891175,-17.456809204165438,-9.354472893874622,-9.046842305189344,-17.444002356906026,-15.500571450700956,-18.160676763941126,-19.53404880828756
-6.2552113446806406,-5.393727593249375,-3.8169834296890905,-1.5788047062790083,2.6971218699324715,-2.1332623602410443,6.962278486034146,1.8613185853286365,9.735358431590845,-4.8041373405088805,-4.6427143414200716,-11.914711777606572,5.1285836005896535,-5.398569153486147
4.548896969950923,13.838675279145654,16.176706761087146,6.143910919572649,8.40329587772844,7.255047978200674,14.157911171659844,13.11790951166477,-0.49284906869547385,17.905553915077117,6.575134633280612,7.316091005759751,15.709035858694756,7.209479004049978
14.030445509649617,15.95394627384282,3.760683829856454,19.11756192710704,12.773885330082724,20.236879538585107,25.576589572490555,10.313192905233567,23.129180324512852,19.07118375312546,11.927609095237202,20.73486763808505,13.36460467800988,17.42577454140058
17.196649645556604,17.197591777127556,18.4376054146785,14.545572887145749,5.657383912466525,17.10530124619659,13.72358777492293,19.809705560515418,16.941080783826678,11.829440971115616,14.003713613511517,15.706165312863845,17.843264181081956,13.08284953240523
10.942651390637515,-1.384478612442268,6.328290240390548,-8.73506570581296,-0.3980485232515836,10.812629331314907,4.699188387615456,-1.2386728488283767,5.019235199181457,1.6720410141405857,-8.441062117417069,8.040454363439055,6.079163204968126,-3.2287887661962733
-5.363495969112391,-7.491447307313894,-0.4576901037422889,-0.9137768142224179,-9.013772152694681,-3.4910344200131456,-9.57286638582152,-0.41772580446794727,-5.947640648607248,-6.9557482491676925,-2.0469072196513305,-1.1598361647848057,-4.990217958464903,-13.873005683277494
-9.67853069443555,-9.33488305206886,-11.114899755049253,-17.75245079499428,-3.965997006856604,-11.096587807958029,-11.304404582817234,-13.083827994538627,-7.607644908021383,-5.469249251992261,-4.386881326749062,-11.687700896157638,-1.9597681171170134,-22.640870592773087
-6.6957159426576345,-2.8201357056464413,-7.223870394819258,-12.075597296018149,-5.272643885623629,-9.087925873157147,-7.725627776524341,-9.806152346254208,-10.256521360732362,3.815573257808804,3.3639362908288426,-7.300507289364837,-15.126031468024863,-8.901660671342686
-5.562484959959403,-4.434810480097069,-3.2068000188820314,3.9051842090724973,-3.5537380645399566,-8.371584346625148,-6.763337141678141,-2.732775880426721,-2.239993649118638,-7.072792494805878,-0.6324718193497354,-3.7490369013766274,-16.654197343825153,-8.065269145109571
-6.81381437034168,-12.336998345464043,-8.273774958031623,-2.2473030197597654,-8.91713077020432,-10.262931217445189,3.0436964218758673,-9.814640299227598,-3.574637969717397,-5.070606268702534,-4.89237935382408,-3.4723483694941444,-1.492680913851986,-2.3506649831854065
-16.268503998029885,-16.8291707652603,-10.287531061924529,1.8839116689168334,-2.488818293349433,-1.4911876436563687,-5.459306460859245,2.0454870525271556,-3.6091331814830268,-12.960597701760626,-6.994201553362225,-3.4878014912988937,-4.9059711572673015,-6.635265156780511
-4.426509284999539,-3.207256112976819,-4.373687769844077,-3.4026840792873836,2.5994761023319537,1.3928235057681553,2.33121842857801,1.5838057699428179,3.34851050736596,-1.4466970495267937,-3.995100037599871,-1.6677682988583504,-12.045421720420059,-5.28282809951528
5.075522230155505,5.924009215459066,-1.9625752704291601,8.118096994368937,-11.619553098318745,8.085583818757218,7.876024304463023,3.9917832670015168,9.202248268704896,-2.7602168481525275,1.2878704794892095,4.574590165350889,-4.014400950861841,6.130671599585633
12.437022950750825,14.852865914469897,9.72086927288001,14.430236793107476,22.54677519602891,8.433600130574277,9.377123373846477,21.454285300289456,12.5130439606047,11.775197704454836,14.79219108827932,4.823721846944768,20.709551173522193,11.100131977881187
21.14733526537418,14.78699803584224,21.870507455224725,19.989744699537727,12.772049289738622,22.967782534944856,25.026001395372184,14.375632075017428,18.61281951168533,20.18329649115686,15.231184104472543,12.438343462148016,14.44201100869695,11.023065537913737
17.343112308966102,14.038289366907588,10.429420147720458,4.412622945623449,-0.1593029304332596,10.827805006822556,11.562285958284766,8.247949223163904,14.542033227701676,5.887166631076119,11.295390616922985,11.759237909907885,14.75883668103595,16.13903853218531
-2.497527455478714,-6.040969068674653,-3.6403011078563834,-0.18092486953940679,0.3551016351779799,2.0522484215352943,1.5497683447083168,-9.438294379072403,-8.263916242949392,-4.950951105587441,-5.32969714083463,-2.1273704781159255,0.7153201921172885,-1.6709900060685952
-8.298701409284813,-12.128956428887331,-16.522552174201156,-5.542401529925737,-10.67824622186626,-16.108304331523076,-17.144155525781013,-22.821423506236307,-21.99174194967321,-17.24353564904637,-16.747518032969722,-17.76799961194942,-5.25342571617554,-13.933693859567507
-18.449004803568585,-19.54430111980324,-21.10851376566358,-18.358146420950227,-21.07272301498828,-21.00620575287838,-18.487512155292603,-12.30983106043633,-29.56023215499322,-16.253527037197276,-22.76867425023253,-25.025209582347586,-16.579870169301238,-29.18018841197835
-11.506116079808047,-14.44732058646933,-17.01095499444097,-20.01314297268585,-9.73152012821282,-10.405920681556614,-16.336171768365947,-5.7584821967494015,-9.418217278956883,-12.348231390076723,-15.100153923753854,-15.546183841280355,-16.58641343875221,-15.4865427114831
2.7993311070588045,5.79283096604186,-10.891190862064372,0.5809449258883491,-3.2581273242358564,-0.7603533911261671,-9.440649929730325,0.5034199363282253,-3.709589157786973,4.989812797353065,-6.821952363651223,-1.3993792865511365,3.3886155256276216,-1.7809517759558249
12.482321637381158,15.428362517332335,10.35729434769156,15.289724169056157,14.49644173482282,12.409957282074988,6.489650218270333,6.794660185151608,16.182347156294853,9.58190744512849,6.4394883779344605,10.089198084278618,12.217388598731858,9.6301327858057
5.630995656266718,12.76346331379128,14.07834592072064,16.36024278444071,17.914430187266873,14.55965067301172,11.094148724304656,13.872839252939674,8.053803910758516,14.553417582725713,9.650160960611295,20.257060625586487,17.821357292363352,11.943831732462835
11.848557216272749,-2.29945963143658,5.122422578267738,9.708335303231436,-2.8822669313780906,5.60969664353068,11.7471932231298,12.561720169031133,15.365128357763453,14.295358234839593,4.9066643037498086,4.1230294663914275,6.364588570997837,2.705338011943529
-1.1274147684630789,-1.5388515078927876,0.2870009599624952,3.588042667087068,1.890261186979076,3.246399789556698,0.7051365294372405,2.905196679681461,-6.007102203895233,-0.5390154264749585,0.7998556320465386,-9.587195305388654,8.931414696589048,1.1250176883221168
-11.520981922172968,-2.988129330139507,1.2447317879367696,-9.966318347515156,7.325432650443074,13.516237229984732,2.317240963463181,4.552142479183505,-3.5160904984854833,-8.021139880714035,-12.728445954827738,-2.318434606264048,0.9166807984981697,7.3660105014676045
-7.2250570723065515,1.706839417112995,3.2414637143182237,-1.4151831558632293,5.058383878202912,3.9605997090567966,10.090592313342484,-2.0024581743005836,-3.3712265536108728,-0.7439708177104011,-6.324787463394926,-5.379694822084329,-5.017115374330176,5.751905559633401
2.5845235146634415,-3.433556237610577,9.403672042019025,1.3855770002689471,0.5506843497972294,-6.440905569281904,-9.732934275649146,4.615329689285207,-4.082671967299916,-0.19622580876188933,-2.2802550640178936,1.7243559050834865,-6.126483605096692,-4.538758038119251
2.5162814876830755,-6.676097666166569,-0.34834953897155074,-9.939953065050354,-7.675895258881994,-6.556663245595977,-2.119272705214019,-0.6814285016495347,-6.8914732078148,-13.516040940786787,-5.131849505149941,3.0672479566594735,-6.723345561493839,-7.657824283488848
-7.048405248025506,-12.060777280146095,-14.719791759989809,-2.6521121255394426,-6.057079825198134,-15.34306664536015,-9.252338941894994,-13.610533237200576,-8.150180126446518,-12.356350959952803,-10.767380048523343,-13.163175596017402,-15.36931237192767,-17.577426264898996
-15.66041644691196,-11.983365904428764,-14.809802069313443,-8.168179316659508,-14.936927203139431,-16.431023023212106,-6.429528758244625,-9.761046696680712,-9.252206866840599,-20.258864483530893,-15.670196680409692,-8.857769048114857,-6.512035911397697,-18.806578839665463
-5.70068512737325,-2.055518114023495,-6.007669505493616,-9.642011963702593,-3.101977862546197,-1.901192716322739,0.5688494704027134,-11.422682204072718,-7.858896611186445,-4.262967354582441,-5.107409317077973,-7.591881009951921,-0.5333210485303033,-10.560532643296648
3.3030571253632632,12.735580717233415,5.6221637716248765,7.804986262765366,5.113271749745559,3.806056538494939,2.3929530988378636,3.46661247512198,8.044881968179725,10.957288552059204,10.624586658715593,11.602322902025396,1.8634451616016552,3.319901665163475
17.202208515508797,20.79152011798219,18.345655752216512,23.925849832462127,20.065431693275155,11.451036260749202,27.354116669011532,23.037941727429057,13.667455683367775,12.067237962836954,21.099610306984385,18.12030589348007,16.04808905260064,20.190405625881468
21.32030747854043,18.226041632403437,14.571900792724012,26.921180229199102,23.81392505425677,13.081735952411051,19.27047500443108,21.242962923478906,14.570758164187668,20.070235028270076,18.60924144679449,11.28695527793171,11.28701009528191,20.88078640407777
5.699654011869734,10.891776163180579,1.3044116608764558,8.43272285632975,-4.095444596523553,4.27442333240082,16.67166982168231,10.576865206678905,3.7139624755131972,7.92159913084309,5.450236251106546,1.7989281091868552,3.73236117560122,2.5784650663086772
4.896240723913081,0.05721399949904171,-11.456801791710319,-14.889834799991444,-4.137223608744062,-4.279104635087348,-5.2054451279270815,-6.06655588900426,-3.4386355970419724,-3.2124424854468163,-5.238458886645353,2.0898271008836478,-7.7759130536050325,-2.571635233096896
-3.3153446939905997,-16.900817475140748,-25.0834273095063,-16.549557400281678,-11.954819158278493,-9.71863462264606,-14.502255188340477,-13.792873424755456,-13.573714845521728,-11.60663013590941,-12.593590101192833,-19.337317639414515,-16.78783352553611,-11.668000207594604
-5.292607606700619,-21.65868042969007,-7.87431031360868,-11.922569645527915,-19.267980424868373,-8.514589669144794,-16.32252451242444,-16.075588324161636,-26.010614217242782,-15.574980766717765,-26.647436305990837,-16.082401798854953,-24.290568894504673,-15.276408281761515
-6.721363905709225,-11.85432024774417,-7.837525135565163,-2.6921542908631304,-4.976506581557348,-8.415136325092629,-9.70768600650085,-0.9119612520081448,-10.58999676050688,-6.385232251853257,-6.885997744896532,-8.709394003405492,-12.189069066649484,-3.7203682488682706
3.914893062462313,-2.961124336764283,4.740435829080916,0.15743192186444305,-0.7079667342740747,-3.8445228700201914,-1.685355876669509,10.937836302802792,-0.47516567978817537,-4.713038405385726,-3.1805723251861644,2.6226266126077094,-5.199603504416046,-1.534507110133854
10.561943665283138,14.794191812599188,-0.10221431682352211,8.934521976276663,14.251090638994736,2.9946463283952385,8.997327404150582,9.161444160823518,11.829624466275297,9.508827747108677,1.0618509511151002,10.073012071199534,6.328124766693183,-2.083915011227149
1.222541839854658,-1.7548372988883276,5.24781963037229,10.843361531407838,-1.2175382734478184,0.9569822142156985,6.826661353963935,5.72326944478703,2.1290104241365873,-8.084225307980889,0.37360052228709817,12.017753231419366,7.8406646536451206,6.81418693280806
3.795381250976858,15.62824535154897,5.895023241366935,2.924670396082018,2.0309464485443467,15.462398638980435,-4.758551830447986,4.041724325353359,5.655631651274431,0.24021838674529805,-2.7103251506035724,1.4657980277248774,8.139826191315557,-3.271297600030958
5.152327474504685,7.882755856399632,-0.9310506209897653,6.6056309703646345,1.8516493296208973,11.037084292542051,-2.734551263475735,9.668514881479151,12.091449774579555,6.249699785594809,15.169012566560987,-4.400885157488755,10.627046558158108,7.237318897782774
12.300358262629352,7.659315639673661,4.9287278950444495,9.54288459109921,4.558483894328475,18.612174288764635,3.105823310592463,11.75662338882671,9.015720133726072,-6.266897576885647,5.523649787467255,10.727572949629145,13.417022591441404,7.556878785265042
13.452909716072758,6.64219511926224,5.736700822583976,4.306623853828331,6.454315060863797,12.11095778117751,7.408318276020279,14.477797374130228,6.603989766482308,4.9146765962053465,5.844291308867271,13.02899129161977,0.3061105238902684,6.891983441841035
0.06272506387638832,-8.584230921452,8.493350270702194,4.735740266653028,-2.6028887031426295,9.708547927938273,0.9584585117193699,6.624135021908718,-0.4864085270455587,-6.952717745276517,-0.9039931183916616,-0.6330160322563474,-0.7476645592855911,1.873146439472789
-14.227193150819001,-8.067289069490906,-6.475503594735708,-3.3502294605473235,-16.536817295232915,-9.15724949717569,-6.0749186740096945,-6.140954956870151,-14.828154566859883,-9.416877453675742,-5.507622750138409,-16.483819943833232,-12.972448543988914,1.2164854510911756
-18.140591337514252,-21.133386339868963,-22.175755171609786,-17.875968526602442,-10.13492346544064,-12.595614196174054,-13.671433004258166,-17.373369198162575,-24.7801038456385,-19.23503788175192,-15.252471997825435,-18.085731424444756,-21.198469208457137,-18.778495952856744
-21.97534029022765,-14.77897394628491,-14.283870935203204,-13.640491725263072,-13.231672340512162,-15.19288229307543,-11.747863273785597,-19.535674953029687,-16.382260304206444,-24.82665227284957,-19.826423393889467,-15.201295456819055,-13.397705344893897,-12.656923752269826
-0.6235101870039301,-13.18222645578509,8.403761447726092,-2.2361122823051143,1.5102819470859492,4.26909827878613,-1.9146241440898244,-3.925334895601959,-5.3791078940058314,-2.7852695275731385,-6.956934213431689,-3.576727659590312,-6.386245936692717,-8.143169500471421
16.105123438814523,11.489888846389594,8.622338374815115,6.596376361208289,9.134201655343468,10.056644987073836,11.614702495835761,1.795790049650483,11.756657942541732,4.0180786544935785,5.348908585853644,3.2448301416497003,5.6052745715842285,4.336328458961019
17.92174021905928,15.324448316622936,17.13380187309603,13.204773775524847,16.42602110513513,17.206926359078636,17.556960235193305,23.527959918885728,12.928426093832723,16.946468509894324,21.227502586586095,14.378843507676953,13.813974505710675,27.940888033056588
14.5599289225162,13.770987072082464,16.126652052622834,14.215784210507,10.474713685945739,21.68406474701785,19.376205892228768,21.713210869077503,10.19532936149166,17.671370125579312,13.537292348224096,11.698282702294353,16.929728236529293,11.595107806344092
14.885202785095425,8.282009002253538,1.7385200653190904,6.995958489850826,10.143058890732156,1.2352585691159508,9.014445490062295,6.678460889522794,10.642230652878187,6.155271219886443,2.9908943756369397,5.403201776459133,5.0785198818297355,5.709123826580963
-2.9649233277195854,-1.6727238727138825,-5.4900321693198055,-5.56232832027426,5.376851661292783,-12.48505802022656,-3.3205479575630585,-6.849213046527947,-1.8776658217967839,2.601851784384616,-3.9579444430780635,6.393135198264961,-1.8185347995560006,-9.136455983624678
-5.136020154348816,-3.9830092839942246,-9.80590404836101,-6.699317825893665,-18.0577954398355,-8.000817542725864,-6.40432405729288,-6.45399745751865,-14.503738817000864,-10.801250733406635,-9.334265045025367,-14.07952168936729,-9.866836190674906,-10.632913124543606
-4.430298911767355,-3.38749005309582,-7.74002149869679,-10.041772526493807,-7.9378688916788,-4.918072129091705,-1.967918259407626,-7.677476722818019,-7.971286463921633,-5.826440985756555,-2.762804549476276,-15.22688928069104,-2.528785567939037,-10.869366651766526
-2.004388897673477,-2.956153798635909,-1.0276866627673282,-8.47756986498246,-4.723974842609252,-0.3283121930362132,-6.747101110934505,0.3879960038910877,2.7024840262225975,-2.085714995718327,-8.406875031188175,-10.484842868032295,-5.970736907175357,-15.08443989656045
-0.26472662042980577,-3.81197953734924,0.48966792419852645,-2.682784767013806,-15.992060340931781,-4.28768148379476,-4.406677741597239,-8.092796460197574,-0.23496899384990577,-1.3744128443342936,-6.223957959323787,2.9874569074105395,-9.748037660522773,-3.6998060089881477
0.07696237423862051,-3.1378163410172557,-4.174647644039883,1.3436757571093114,1.7914168802040757,0.2920489686964398,-1.162138315918515,-7.27909584334635,-2.929555338828485,-3.8785501767677255,-3.407245524807818,-8.22143727324834,-17.15887983215189,-0.4054923312436216
-0.9794732725528972,-4.904858192659336,-3.979136608882313,-3.261957454470664,-6.324249622491003,-10.066333122111512,-7.2359839283757275,-0.013410803536572313,-5.428545347195224,1.6500831783130208,-10.544818516637033,-1.5253789057788163,-12.171221569425395,-1.2379838914712717
-8.319468035339835,6.612487847322743,2.2618981122656776,2.6562482743712756,-2.524358796939106,-6.87429340166823,-1.5850355943571062,5.461037610016755,0.1774038587470903,4.656133376169095,2.530134145206741,3.673423354927049,6.888885376343359,9.421000554796848
11.882556901881113,11.970677784299122,14.838501125020981,12.519452246273634,1.0077439378053974,9.085226944165388,-1.1585171545699051,12.4316160631642,3.593770190962619,8.101547789718753,5.625570139950427,1.5898237005796787,5.634037326482802,19.911366891500947
14.460775247575798,18.485852205193506,11.959681461502548,18.10002865508475,14.593798401542317,14.552077631928691,18.200070166614054,9.083851391702913,19.17133150203522,21.232118090435417,12.946707129555818,20.792410269237457,20.360050656717636,18.49994918599893
1.5847684967283318,18.61149805296171,1.9229679183483075,13.84296312663673,8.528139900091933,14.044409146731347,13.643281984064156,13.077117241023295,5.069762960323855,15.255714765556675,13.624202208783688,13.999932276890664,15.410532413870843,13.790848570898795
-3.4487247601524196,-4.3605007822673345,8.392806443544142,3.552468397368238,6.371844507652255,-2.8292461113188954,-3.759069074661928,2.4975222532697954,5.049233688268357,-0.36130702701136475,1.7168176162558522,-1.3489262494942311,4.309398671748443,2.446208074869622
-16.949933229615567,-14.901709500834452,-13.829018057271986,-8.331954347067065,-20.834194143981918,-6.62010790794122,-8.851919014655815,-7.254240571146465,-12.417709329670378,-4.635664768019611,-9.02631960876026,-11.45551248463694,-21.92736565175469,-13.985172995500706
-17.440632198352315,-16.338042392623436,-20.026349304941284,-19.666622056607636,-20.757315158635723,-21.735279267548105,-9.581669786487277,-19.18081627802139,-21.784576067006896,-12.372453345056652,-27.308051210535332,-7.407516329841965,-14.468321708569214,-16.118382254751538
-9.823089915792714,-14.841122754187456,-26.07836262313615,-22.54178961871225,-12.874903710350381,-15.232434015379754,-20.977290072944463,-15.636414044050387,-13.981314675951317,-11.253665819831793,-11.680823229393464,-17.38579462858712,-15.333061036623072,-18.892690555851505
0.20627388210584918,1.3681424375764109,-3.1560318174694033,-3.5352597756662414,-4.792584050803302,10.334868587439894,12.304624018397197,-0.49480247157283985,-5.122873244952951,-2.4306240977844977,-0.38164440411616773,0.4350810072582858,0.838832432060459,-5.652948407894096
11.872553560718021,3.8017482962815485,13.646259758258399,2.336051359544797,13.377610737466458,6.337912161079317,5.731772352133321,3.134608266671113,3.6654339755012577,9.653268929173567,10.26592245143874,12.89818442388475,4.013220963043954,7.206974250565494
8.18783779446293,13.9825923864396,20.145672530854178,12.892323021965835,12.254751681389079,6.627005274219955,14.068514623700056,10.87236472054473,17.284009667736232,7.9578009477372005,13.636439399448516,15.892485178324575,6.324888029978869,7.096863067489453
20.463814128184858,10.740489849911732,6.762050781059135,11.923453341758657,9.37501220750247,7.080545339018487,7.897878627765215,9.644358306970053,4.575538943227881,9.670784500527379,10.26573902280062,13.943799439340983,19.447428626356558,11.883099439567452
4.148887937418854,6.926579922806441,-3.5740877601658525,-5.472601543109616,3.586116299701862,5.868441514360281,4.01285731086986,0.8423057082569656,-2.0817081800485013,1.795349122911721,0.25086176704610796,-4.6428444890916785,2.76833302815678,3.8155691763465027
9.14572881002096,-3.436787022797192,4.904968451411551,-0.2680679432065074,-1.3134680309027242,-5.176247513298603,1.9416290134897993,-4.154119615056027,3.608655565089598,-11.077540620098947,7.80695141340647,-3.850410270598485,8.28017255003709,-5.017372170493729
2.5670014622062913,-8.217646772223125,-3.9770708415499856,-3.6973399472233206,-0.09146197285209065,-3.7599293623003405,3.410589346753111,-0.31337360023155725,-1.3027370532760285,-3.089600984134653,10.159095579109472,-3.236691244998734,-1.1810945844755825,-5.578894023125461
8.12075723032559,-5.2895258485149945,-0.8080270388580235,-5.907493360124434,6.529735874391175,6.4604764313891625,-6.264182047006043,-2.073863717226357,1.278695638307425,-2.4223990295643785,-0.6913547950816094,-0.4560381450692433,-7.052304216332217,0.4373934816746242
-10.700728334755112,-12.533449197747743,2.5253240473830347,-10.292433443922299,-11.547530846947097,-13.98225384468854,-3.37523618770612,3.0979871370951093,-13.030661339140273,-7.527664090508701,-10.250897545336418,-5.371084444437242,-0.9016228600179659,-8.310513756455817
-10.161996531901082,-10.809091808599785,-6.340004895124273,-8.62945963207871,-13.957423151968369,-15.189226595030945,-19.98447373156469,-10.578869706774814,-11.382226375057892,-15.720776982297163,-14.954707267673857,-3.114077418187426,-13.63591610642109,-13.46798347452725
-24.000147209667656,-11.132878190165595,-11.76338607989134,-17.637941595895043,-13.650781981612257,-9.488093532476519,-11.170245587955431,-18.644801931034003,-8.520923916952253,-9.617312634800427,-12.119668936168429,-18.01790250572106,-11.367554706699396,-10.490637787903669
-0.9377067756845072,-11.84511190861918,-11.036060660765937,-4.44433371098361,-2.6843644135482148,-12.09645453191777,-6.721440304877421,-7.546038287299652,-5.620790706001245,-6.47410372092213,-14.390586580513201,-9.446122870350333,-7.8740937251948235,-13.210421852442744
-2.040810302985948,11.611333088725708,2.1635615520324283,15.480607154206336,3.8321033438519625,0.18780208037376234,7.229659709629973,5.151633715171652,-4.974545007927169,9.565905051025343,-0.2794189658190458,3.165893001237138,0.31151937944015096,9.948961498819163
2.193582701921894,8.816623554690398,21.393208063804245,19.12002051928261,15.121896234325739,11.685047776481653,9.38550448570996,18.41682893848823,24.738660007165993,22.494408517674927,21.426800253788407,14.996039627442212,15.207616969548038,18.70539929493422
18.374358159429896,25.02339773917162,23.64101573188865,19.739033407103054,18.961512336780842,24.844150708161656,18.21755228771341,15.414027302204806,24.916608616234175,21.23423478540951,24.96848252319062,24.88562712275592,13.560308922436484,20.141251113145024
0.8651199307360784,3.612849843685659,3.0911999726700046,7.966137884192051,11.64579680138123,10.212729586688411,7.52860260164708,15.245992447430186,13.872076588315553,12.849471326467368,1.7830274833752089,16.067030983792336,7.678393253038761,12.882291298435604
-0.29012384562131865,-3.8469001129179805,2.238728759374198,-0.8469225365271353,-3.805955912625744,-2.8094238175565502,3.0827972718555707,-1.0328321236385047,-2.005667446085932,-5.749186868313561,-5.313063925609844,-1.6862231899736402,4.081230784466744,0.2720306010487521
-17.771623084442698,-14.674368411597056,-15.339360517183266,-15.013247595464698,-9.070841727750803,-11.068084177722628,-17.127101382374637,-21.944685112353596,-9.017407749822745,-7.273116843451508,-15.283267578276973,-15.908324010380827,-9.942730834434355,-19.489866008307498
-28.29247329882103,-13.136101733145395,-25.385998040731913,-18.679629302205832,-19.979586105740566,-8.941460843810976,-16.995001029811686,-5.527072923947582,-10.906506236069912,-20.042718241047304,-18.047471236810765,-20.13012326860968,-18.81424994061274,-11.255150763592594
-13.39549393412268,-0.6731758698115726,-6.125466049721862,-9.318130328235048,-9.612187481150782,-2.5008376651326385,-8.508107576553378,-5.40426081646296,-7.598681072504393,-11.533065064584903,-11.385997953316863,-13.769031524723836,-12.349464007524665,-7.307527219350223
-11.158990973208677,-2.096185565120151,7.558698190162576,5.1634598287864,-7.467018468934771,9.892353358749354,2.542928062684768,-4.946404130841865,0.03187583540798122,-1.227236980667879,-4.162996419387433,-4.208915561207656,-9.012524269515545,-9.02943499001466
-1.619285451113309,3.6288379397863375,8.865764554156737,1.3223011761341654,8.967065357933471,-1.2730776375941826,8.258357916988226,8.501485750206946,7.099570853156063,4.366138968776645,8.392097794155593,3.2612321041664645,-4.083097611523593,5.389109658545895
9.289607025893869,1.0044570583549044,9.36144456548895,3.1496074352583,0.9166661495734427,5.808290939889957,-1.666687873354478,4.664364102476658,8.021055427247418,-0.6738694068039122,-0.11107777430659027,2.830499685085199,8.092772332262447,3.3077819934556274
12.538724220936386,10.50756428350222,0.677326309317277,-8.722644318634849,-1.4112380667269342,0.6189395976207499,9.31525223484383,0.15492068534397996,14.95508534867633,9.128030171688563,14.210074772321684,0.10823151726701896,8.23758991199926,7.635264303013078
8.379601112156234,3.336943421522,10.00346181377379,-8.197452864981823,3.8297293594076343,10.930844958842416,8.068024122206431,6.622955374779068,-2.292899804370582,-0.3350166640424437,9.2765550903802,9.058840176320619,10.537861257057763,3.800110875968116
5.8899875259566175,3.440063575435195,5.007055399951663,12.405353407942211,8.370134083494978,11.508855555960782,11.371102609591428,4.4466388116822575,6.754529700356287,3.5392866371497513,3.3513122465369287,8.94106762402036,12.818700069243684,3.8114213937435855
9.121810078056331,11.626841024795155,10.626825718130606,16.392352037730976,8.36667523856801,12.052592982251497,12.288941598827728,6.77550505134378,9.99430241936419,8.850308484407083,-0.4207082997239162,5.132618439611942,9.88379046919788,11.941337333973667
5.914482304801848,1.6871372124918886,1.4160198756309577,-0.889869337386505,10.462167135519685,5.803908565892653,-5.05621894762504,5.44207509519429,15.184929934197616,-4.611314778712056,6.101933364210916,-0.6991736580377865,0.5553038492111506,8.129585560071249
-5.082112689371196,-14.706427812927847,-4.749025455291574,2.8039046744507203,-4.5830487921139085,-5.441522675862967,3.728251434672286,-26.735767037471888,-4.471811971391587,4.662205961000497,-3.7865858216337918,-3.6955674202538553,-6.5601251242817415,-13.806917121473548
-22.557602966595088,-10.944375865564652,-4.884276108163352,-18.59006792099873,-17.50880739815016,-20.999018604002362,-15.736461828467164,-9.755337418775452,-14.928169282916972,-14.799157834291115,-16.23657302287227,-15.339074231498918,-12.00632498672869,-17.930397909722537
-12.741642181966302,-20.553308903991027,-22.527737163266355,-14.840103866472075,-15.988499448528717,-15.94887715836717,-16.183790126885828,-13.9437147869147,-13.826217290574226,-14.709808575475229,-17.352883424580796,-17.520590363025217,-16.82457129687363,-11.308777332518467
-16.339037523853204,-5.349044579694378,-11.74216588620176,-0.48618780469104106,-0.37269467093750386,-9.686180844582351,-2.3858131008941035,-6.8325344923397795,-1.8032446118883172,-5.327505595750408,-0.3320303667302307,-9.533552949202994,-16.578757469084454,-7.581397442667355
7.24453134979511,5.516766583149167,14.774497683438232,6.892277014884592,13.241073851881575,11.383066052615492,-1.1223334385180816,2.267540233391223,8.36188853407645,6.605610153960721,7.274897183861787,9.860904236266686,11.03729902926286,13.207275004054127
14.246631538580411,21.01093226661034,12.50144454248647,17.29870449376578,21.205917285862228,18.997589590729852,14.698229365037449,25.668808019274564,15.690055125330117,13.927938258887574,16.873867651582525,25.586051723339196,14.542001278274082,14.475998255021954
16.839909074692493,23.494330400914453,16.266422184233782,11.080921096459445,11.419621609870996,12.114014688719923,11.768181795166857,13.23521387219299,6.430700536628155,15.74188416363298,24.26393544524908,20.80715268824528,12.345757921231904,17.157552744692197
3.4415280143909994,3.6121240234149834,6.565358164877641,0.27315803115941506,3.8773539754888944,14.28441071221248,11.523403489345029,6.1861594936516,10.096926064722396,16.129070522456388,5.032415614251628,6.028241910418749,1.342436375805816,4.750825695041135
-6.4863224756667215,-0.796189287801214,-8.540681253077203,-7.058070347801189,-1.4497719874254869,-6.111714604700237,-2.6630012174689157,2.5936094816133366,-5.61131006578784,-7.709321042885563,-0.027132991604398082,-7.847361781124022,-2.356172062953755,1.4848908325688877
-8.330749272223843,-3.8017872338662233,-16.222288747565916,-10.409537029005792,-8.056226719158984,-4.387511392753712,-3.548749521555889,-7.265227957402673,-12.101047893127642,-4.937267840333161,-2.0810743860642917,-19.601191867355062,-7.137871528101288,-1.7296132449230193
-6.490671027717417,-15.517563325361458,-14.071298582094308,-4.997684921211123,-4.570394251708501,-4.164837861046829,-8.76272441690374,-14.03475332798866,-2.5456448186192784,-8.305203538648879,-11.542858692242635,-11.09575799782332,-14.424044216654636,-2.3009877048823695
2.972041083722597,-2.357083767165305,-4.194518378150035,-3.3209491758587064,-3.1678987910104768,-7.729449379066931,-6.603166207266815,-0.6245684233880988,-7.15637689537087,-9.70233277662199,-6.156112423099723,-5.424306114601846,-4.7065213277521565,-5.127373688043522
5.779328832109589,-10.544186931833266,-3.7985035070319095,-10.19209647252976,-6.145436963337091,-10.115075257364701,-5.520929981157379,-6.221308310082703,-13.780354718556673,-5.726296744704708,-4.657225228043163,-4.477208898329457,-0.5876918173948931,-9.640682509451832
-11.589467862346769,-6.216283545019209,-1.537732550853943,3.907684196032899,-9.028049857111307,-1.9917634723030901,-3.0553978761797755,-5.995004611597965,-2.364858248952108,-5.284083011973503,-5.828294518363293,-5.5785556301071475,4.521883058726259,-0.6166913748597058
-7.229030581326831,1.5763023848566506,-1.2251355970944902,-9.012577811592383,3.6029121526212666,-6.708458589308089,-1.2021790235389807,-7.3271945723702325,-3.89645015660399,-12.30282927019693,5.914746335061124,0.29199908876410063,1.7300040637897691,-6.690195436926813
7.778048029040234,-6.540847755749179,8.187095492690519,4.759387159233413,4.539828099546877,-2.6490161498855587,-2.7062005234843336,9.2989992833838,-3.4589072206661147,6.40500882511404,-2.2728759149906126,-6.300338413213077,-7.911212212274974,3.1047761372178675
8.222534236143288,10.084677558151174,3.208776331831179,-0.37407681344912724,5.405754161260312,6.58049743853905,3.8539014257046738,3.4337755842108884,19.08508219257678,18.5525835880418,16.2509759825043,5.291187021067435,16.62554002377025,11.538898249991627
14.071778009138335,13.355883552765631,11.343778711545,14.758674121604555,9.586625047929136,22.153538353841512,18.953835002554843,11.46280020507664,25.022297607947163,16.950297012870028,6.0739930963873565,19.602875211109005,18.633988195910252,14.154692833855751
9.285407232152671,14.372863418808246,12.17029536108347,10.839223954732464,13.58270533513094,12.971765625645556,20.680759706658343,20.242559109200833,19.23437558862779,7.590508147278727,13.81505266653556,11.243528780790239,16.7940251990173,4.158287485454544
-0.9405901691744649,7.209689458479277,1.2941191224709736,-0.029756875325109178,12.84677830062274,-2.3778395019023715,2.5728932867010226,-1.3392467501062808,4.68019714285555,2.438616330213713,7.403773904367375,6.025041264164493,-4.397437851966382,2.352897111286992
-12.791713436787724,-17.216112890557188,-8.797070104199424,-11.535261327892691,-11.489596184921357,-18.66517138623316,-13.545322183823306,-15.598889013796192,-9.28309048107819,-9.403165335168378,-10.2771280708661,-3.0621842073755516,-10.986900991399274,-9.829423023095345
-23.962262117711507,-18.64604969062806,-17.908413007425768,-21.297919500868524,-10.926974426143044,-21.659657415895623,-29.210583838580206,-15.927878755484995,-24.46848227559721,-19.04013380238792,-12.020278767981473,-12.83004864122614,-27.01645633347532,-23.9264462007636
-17.874465227784214,-13.00705643546898,-16.254592611997364,-14.18289169384909,-18.66186256932501,-8.996604361101376,-14.608331774070372,-23.877138408400945,-12.178533532689041,-19.584716739979562,-9.12605020286378,-5.716808359017289,-13.466210668283185,-7.7275540174674635
-7.8961655748797845,-10.189840245624843,0.090348050354363,-4.792020644743472,0.30978466043965636,-3.060859257168749,-2.7358273485953024,-11.574812416899402,3.523550070551579,-4.251108241083842,-1.2247054923605787,-3.6478854576334503,-3.2791032242100977,-5.849110075786973
4.387650913908777,8.923254899706537,12.191752650920915,5.261084800149321,5.236593054199661,17.029187270228714,6.922246238385298,11.251489780904905,11.307715399462701,12.818467791048468,6.25470336324967,12.70391505745999,8.762146714996518,8.55065957424906
15.990087162913122,14.318236190807038,9.105098099708899,12.590547473642074,14.167736929520105,15.111259925188465,17.144139303596877,5.5970872173347495,7.590376796962179,17.605650585123282,11.882390071104842,12.07600415066316,15.27932435254429,24.935168368396255
-0.32843967251756645,12.467977498159135,11.328020650564445,15.790404802754614,15.325104794567505,8.956795400799246,8.624935516094927,12.021202175017631,9.368617914597639,17.943187661830827,11.090723151307076,11.325632865681333,14.644364436886924,9.614918860641417
-6.195658274277347,8.864671565653447,5.566552898169664,9.403890107509223,-0.4225530362063523,4.694186648613833,2.246529505825654,5.987200722026229,2.3433247282004186,4.680934724122812,11.857127614551239,9.978772080424447,5.811210146753047,-4.547592242737929
-8.447779544810366,-3.9023919731271492,3.09095102792687,8.315515007083528,2.8083276895585034,-10.834488411626555,1.0652544128727413,-5.67867916886079,-2.4738841407779844,2.143897478073981,4.076321192373699,17.090281647282254,7.5954025743576645,-6.855675587292467
-13.253207396053554,4.905060645261941,7.469422346263176,-4.962864648880686,-5.434812635551598,-0.2420391861029917,1.2541276400798909,1.2797030548882593,3.8280526256215412,-4.991953756281668,-4.410728499980731,-2.3343019539605225,1.3690741223309366,4.67043336336766
7.60047234909948,-3.517021278743549,-3.5062883440730945,-1.230280101209997,-5.660635897148658,3.5541983903863397,-5.414158527902019,-9.65945138866888,-1.4076144180158008,4.335611576242322,-4.948079103082773,2.076324677550015,-3.941817899389571,-1.5816923523597957
4.96804482495953,-4.678039098094035,3.1480374034720384,-4.989863012698154,1.03001566930556,0.76601204751376,0.5307876812650596,0.9905372794744709,-14.542354316925312,-2.8456296369844543,-0.07228461671961117,4.854808441431053,6.77534591846388,-2.5308373577662904
-9.681990621441509,-12.85027993047992,4.420582438180084,-14.984087719728091,-4.282568042865746,-3.9118133815020606,-13.76345740088379,-9.52420193870211,1.1708272931596397,-9.497553649635273,-15.250644399858167,-9.571838387620085,-14.948180751780683,-8.333244877993739
-23.326361443065508,-9.90178986298547,-19.761384522609884,-21.48827495133009,-17.18235744842478,-10.329494291797445,-7.079936384916193,-1.0447221315324278,-20.27488754449331,-17.162440909232473,-10.63917649910876,-9.13901065497316,-15.816838445180618,-12.092698108480917
-10.037447693808733,-7.501536637680754,-3.413864909851754,-9.513994594487146,-17.42749427402959,-3.884476079777114,-11.274033130413049,-11.119645947731357,-14.240995092208037,-10.54496886117695,-4.1251781897303825,-11.407865139421475,-8.742041625753867,-7.617053322660458
1.893605899127683,6.882402249803167,6.431450649624967,0.892858257386866,1.4947515330528525,14.301418349400153,1.9340050227106431,2.5392347626622866,1.6489781925872942,3.85528493186749,8.981360698511454,1.3080382940068525,5.489196889462347,-1.3891813626127285
19.995333800575022,15.049885077755935,21.048027088002343,17.840208185725963,16.447850333501563,25.96396453278284,14.260567121855564,12.870508241788414,27.528335327879653,13.407180449513183,15.401937716955636,9.456920335371114,14.70836369707856,11.016180008683843
13.808267054935413,17.291032826068715,10.202357235320894,17.554041096753366,24.99675565470436,24.4863618984644,34.3158143119779,20.25361554591935,15.711385451019414,22.140482158735615,27.485386520074208,18.912681219255347,14.42907906058743,18.390318916889626
17.758665114202504,5.955803260575638,2.3603693938887655,11.404211469790873,8.036078513433871,18.927490229282615,12.36788475155858,5.8371274133712845,17.510672709493285,10.56395337303154,14.061225319369235,4.95781363572287,18.160640491083488,17.46095183385966
1.4047753438009758,-1.700568266944741,8.120165667733541,-2.0469537971453615,8.049781185674473,-11.103168992788007,6.5447762307882416,-6.7026697314280925,-0.18479641841505245,1.8793378965918874,6.032948004622116,-1.88110765415568,-2.5829271980895605,-1.1086431848268954
-5.301866056167517,-7.794896024110482,-15.71226750941257,-18.995059828314798,-20.50478814441007,-9.811798021541971,-10.776125748065503,-10.520761628703074,-14.125957255734935,-6.631960173234753,-21.359019180685657,-11.071357118944148,-10.895529091577558,-10.676420000710714
-7.525441257185355,-14.188853195311623,-20.56073808350089,-13.377281220280683,-19.205616237225883,-21.606778003750833,-19.245290658968692,-22.449095945764277,-25.525002380367578,-17.64892948939878,-15.546114595264912,-17.235390347836557,-20.971978545981713,-10.90368579439237
-11.154207491337791,-10.487731734555998,-15.452467930289215,-5.311588248029132,-17.638053698630713,-11.070918223070539,-9.996309784956857,-19.38665757785496,-15.801361722552436,-7.293241832665222,-12.799228901543108,-9.379726043338154,-8.072212649069815,-13.890731638861475
-2.6685747661524797,-8.462563844417888,6.37916457648442,0.03193747123524626,0.41364902325086605,-6.564590846654045,6.427026506593426,3.2305247157228525,-2.2516860315171487,-2.885026792388762,-6.760097676358882,-10.202778957497092,-0.8686267234205223,-5.5208686320414095
12.463682150187092,3.298179537685858,-2.558026353916347,3.643873355713514,2.79454591569095,2.38965161610584,10.340045757824788,8.453192179368251,10.363042142260515,10.2215740620475,1.162341625266869,0.9531013294313415,9.929599840773935,-8.898632197218824
2.6064688704387384,10.749362537702066,10.272678447263939,8.941908605400782,0.6570735336856708,1.0503093448379204,6.559648357759539,12.73192751612941,7.769420965245328,3.010929425417513,11.345396853418958,5.745068328327748,7.544906331169222,-0.9754680380331138
3.2793893747520553,9.60218492813058,0.11136390786722572,2.7414542221989686,-3.246021811007404,1.8302843956587556,-3.2792217428458734,2.3410536127188606,4.7183377808471025,-0.4818065866363379,6.197599950546412,-8.930586005719327,3.2229923686757127,4.39460983150167
1.8261310640730364,-1.4790902617732593,7.5781226650481965,5.872304707679779,8.234916755180755,7.180855520340377,3.848759598187458,3.608415935850496,-0.7131806036383415,-3.678664542181517,6.813317640839285,-7.788517982158595,11.114646443182927,4.878449128974026
8.126828024744697,3.151843414044224,7.518410198155796,9.954302358754273,4.1160054985395504,13.272741400109663,1.5457873921688288,6.058972008041973,6.090235357891811,13.554783928152407,0.9865879183166157,6.787137148215739,12.511887032962765,7.996965198737702
4.6297054700931755,16.095095617404585,14.049044344326738,10.083956984456428,4.419603985692562,11.577766541225976,10.320286186901912,8.47640344657399,10.466774835266017,19.223542018562,9.600328617926172,14.72606907438485,9.913209306840013,9.137486210468767
5.559269035074188,5.610255502773569,1.5012455360125911,4.579175395254311,7.39721971177538,-0.04436866549512786,-2.5562480466666395,7.148423399951524,-1.610895482142463,4.929459386654394,-2.9364852874249436,7.048852965686058,4.1517842994513074,4.896432581643547
-10.098309039508962,1.7932625695891824,-12.479379919880895,-10.679422336307988,-0.9113612881158897,-1.9521079374221157,-7.960076675438155,-9.55997133395396,-2.9978436539058744,6.161299051328472,-4.558331849856533,1.3435237137342924,-12.059388707451685,-5.477614518149095
-13.079588314481938,-14.738729602285499,0.4308174659731989,-14.764954716404754,-19.750090170870255,-21.553590713876524,-19.19083357214656,-17.45973549974788,-14.966350494230138,-20.309003086911513,-18.24071982247935,-18.73632750992846,-19.077249116474693,-16.417555478042416
-15.166183652290869,-20.141267897461336,-22.93349273674783,-14.485148773489742,-14.609058677536996,-25.532920785288674,-13.056485713390837,-14.272844931559142,-22.233318462859444,-17.210985625194365,-18.92270005457328,-23.454280301683237,-23.519618897835205,-15.540498095173216
-10.341450170454834,-5.428569652465162,-11.281337547914912,-7.640240979039085,-4.119387090503583,-7.835958603865436,-9.828506226416355,-9.344177010825147,-5.862931905792406,-17.987388129386638,-15.762645691269991,-4.182594849207879,-4.4688372899694215,-2.988808185836798
6.352587905566843,4.562144196614964,4.89439567532819,8.705198453847784,15.64374869475711,5.745558615426662,1.2310014540175302,7.83027351285438,6.20627022248728,-2.8819124760466703,9.666806643009071,0.5626152172310039,3.0688850836559567,-1.8111941480790215
16.8279341793969,13.276476016636583,22.910565376633475,11.112068889894381,23.64966986375496,14.050651826246439,17.844674700774803,14.065381047930256,13.293070778402722,21.999777547830213,18.685195910811245,12.48873049019655,12.627726729651389,19.11375960923918
15.261387233194723,18.679975662915812,28.69133241321356,24.75105282788011,26.61811606864164,12.00792383030383,15.344719634598029,13.473473923758515,24.456358135020025,7.111018427253882,9.788453988332506,14.004123463365016,18.955637223627935,21.317967781434685
6.414541924569553,5.117536167496821,12.868228170378268,13.939392750781868,7.126195351096558,22.26945852038245,7.78205855835687,6.496502775832052,7.0638723129907985,4.775031382331226,10.008600467337216,7.135042340523738,4.6703100589172735,3.0231959077745794
0.8043152677429957,-0.503886108079447,-2.3619855426857432,-4.188078416502852,-10.739983410046761,4.495150374176941,4.905179875272999,-0.8301933898136433,2.13012031461499,-3.2758957461165314,4.624800519577663,-11.907617420651533,-9.303390369111835,-7.26969838631228
1.2839075370354287,-5.155697134937038,-5.268360014487404,-7.689448852288973,-7.062389097231008,1.278728132786954,-16.081936296811246,-14.128399519017192,0.47462925374302856,-15.986795473237265,-10.30499178971035,-5.819141463644501,-8.413180266720254,-5.739454144991685
-2.8627282871990554,-20.743277596814778,-20.174261391502668,-7.912089903549537,-15.357757098388001,-8.799838014360578,-8.150730533327362,-13.181188346555782,-6.197009118867758,-4.491073039323894,-13.794877170247682,-8.433820776454827,-17.361737306573236,-9.626686967012567
-5.2426826407235385,-12.53417294508529,-7.282269392524562,1.6074800670821325,-7.575592650180269,-10.940025534186777,-3.55313982136027,-3.3258758518937417,-2.0003609713954336,-11.192830277134632,-0.1744261521569932,-2.873951369183331,-0.9261554386923372,-2.701095483478773
-3.9102530090283736,4.278016463484788,-4.575586070300151,-6.6499584081465715,-0.1587837086792483,-4.777440348365755,-5.406492690683838,-7.532793041873993,-12.623005957043315,-9.933631509327544,0.2903040172770375,-1.541584716513906,-3.880271492279368,-1.6142358171065219
-10.423640493418985,0.5719541401677359,-5.556783829966426,-11.42981931942601,-1.9299633802107037,-9.307383783602768,1.4745355788796646,-4.369653544051587,-6.602534410455042,1.3420847188146068,-2.8997819355353496,-2.885263192356371,-1.4409558001526124,-1.9803361022202188
1.2607398360837996,1.637541460625628,-4.411630588538634,-6.942217184967948,0.32957092095702567,-11.585596790667886,-5.816560250220037,-13.390358463759615,-10.124082424257892,-4.331696138492775,-1.9383969451294587,-2.24363222938038,-5.559748543023502,2.1838376149186907
3.9982845384333308,-1.3104653994412088,-0.16281000297212977,1.537202481222574,-3.074806702780111,2.5288806133033175,3.137965108660307,8.545530383514965,-3.7180523829202974,0.6946655645216842,-1.9677626697943624,-4.805260927156126,-3.448471210509837,4.007068961272103
3.978254509210908,7.127507004020969,7.361816482247369,11.736232580321968,11.973941238927884,10.603359747133087,10.621371807785584,15.579432605541957,8.052050123873116,16.89196502178911,5.341141782865538,14.46776034392159,14.240165578347195,3.838935233877793
9.534005208106135,13.222930644945588,6.428268552026479,20.653074257801126,17.50548119754874,15.439001835637741,15.191411292977204,17.095667853572987,23.91910124756226,16.983258447655693,20.719361496143456,16.117726615700825,15.051678352190812,14.555221342583929
18.601046663033276,10.997786576454526,18.668783831148414,10.426862043082465,17.714660614653354,17.77298453225096,9.862593920789038,5.5391756141960045,6.323894831273861,7.904959968361076,25.581102769229375,21.7466252366295,6.0809837476868385,14.595636153604115
-1.9986500546749175,13.677738537363762,3.8172601841119813,5.661922565378051,4.9188150807992095,6.174769093284441,0.5138566084141178,2.753156455149311,4.33188478758008,4.4041262110751305,1.436850591134875,12.232019793671238,2.8524438224890383,-0.8509223934822234
-15.102460847028187,-11.296499437479799,-11.595942896121477,-10.539938897925648,-6.816212097133313,-8.543922879315994,-4.979670680626746,-11.6924495968173,-4.028982137458254,-11.385414514115942,-4.73194871240463,-13.863467240377446,-10.698138716532247,-8.811989563262513
-22.770600408592063,-28.891103523717916,-22.856215973515276,-21.115483349513735,-16.923970391630778,-30.764066086911825,-24.845186878359073,-14.108227471170133,-19.57850933378176,-17.31601415287887,-21.04136264643289,-17.36374228439897,-26.481024609082745,-14.916426093769388
-19.749698105945935,-15.074911701185062,-14.949037326916084,-18.708104205012287,-19.4606333434776,-18.987387075822998,-10.698568617598095,-12.42681580335056,-14.28259756018902,-14.327211441120536,-12.290217964334808,-16.93553866391846,-17.916462647524252,-17.8628738046772
-6.716802370123051,-12.249924185187988,-12.502746925562992,-2.71873058412598,-11.531358311864242,-7.016365814735171,-8.329257946435673,-7.247114705067792,-7.643420486583231,-4.722363947384228,-12.663206266030134,-6.014614850433768,-0.8124115694534515,-0.7547947290329766
-1.250946097634821,-1.438512679795438,8.249990306108016,-0.276175024788075,10.098974536797233,8.82095007620013,-1.0651713562990448,10.565716312791295,8.988500818760679,2.1195068167588884,2.2869008567334648,1.1913170563797033,-2.753821202765134,-3.1615507668603255
12.89434818797489,8.015519548387829,7.316304978507439,12.67356044039266,12.241327879922768,19.269707992760438,13.84331424690887,18.631751266143162,8.079388450942815,12.382000569110168,7.469273342662813,4.797833644140601,13.687348685447216,19.548077429690032
7.272434893348219,16.536601822009217,14.861368484294037,17.748565063253697,14.261499521357967,15.28788158666201,10.644762589323621,17.526417337917984,12.764314395245426,10.400427742883812,4.792925526036962,10.201101949918103,9.98257396382197,7.265372780230762
6.28963118418242,-2.466152531511624,-1.2648353463975903,2.016499048153045,7.311426897951685,-0.44770875244520525,0.3789652100026659,10.204084806742319,4.837557064952629,4.454985175341255,6.41142117084296,7.783597222184913,4.65454079803665,2.4601056339570206
-1.1594862776329484,6.863713135607504,-3.568199899769531,-5.221278350831409,-3.559579369141768,9.620229151259611,8.083008163815922,4.756239479464174,5.391929645422979,1.5097080871064028,4.842422039339895,8.392568760447716,-3.6844579487600777,2.8796209361587635
-7.851042030885116,-0.9104972637530946,-0.2394388114403025,4.133812481881785,-16.64385421476482,-5.436656441686937,-2.216943808787704,-8.624564106469856,-6.8024918744316984,5.201228477122214,-1.4758683114831865,8.535486006733501,0.563594289063086,-2.0636887707091294
-3.64871919510049,6.119370730233138,3.4476565622856334,5.9180216255453955,0.9352263721640641,-1.3236667875865458,-0.8011908016617257,9.633298176167926,1.4103979064612846,-10.088403649638863,-0.18849961715898214,-1.2062386802910443,0.914998475184457,-0.7473115099875028
-0.886426385615793,-5.153051455830395,-6.166212019193729,-7.522824859123019,-7.772578297103463,-1.0184033351718835,-3.4342419998368228,-3.4544648881090785,3.3515708643052724,-5.938149560073432,-5.947418758927471,-12.636484111737499,3.931468608120963,3.2800264309336633
-4.891621668726281,-12.341271574103079,-4.526846778921765,-12.664912609678812,-6.001026126254589,-10.02058890997339,-8.86475703259477,-2.6727809260421704,-9.671950099619467,-11.541320794736746,-6.746162968234465,-11.279731397653148,-10.360594092616243,-11.960036235805815
-10.853504642744202,-15.826947816908211,-15.67415868645012,-8.483165761892138,-7.4931804689406425,-19.93618455024943,-19.31396523845351,-17.36923932052986,-13.420043645848471,-3.9331984791846857,-11.742252566716191,-11.332685857155605,-8.047037162911757,-18.764751742637976
0.5891711576331122,-10.486716946585608,-7.77866810098185,-23.10337953205434,-1.1987172637342987,-12.00110281861699,-7.564335483220691,-12.931458221981838,-15.539553775820757,-8.455801706846021,-1.7885201667711002,-15.544700494719075,-10.320153232731704,-13.293849460462813
1.145228050499549,3.469817143408957,3.0909704359588264,7.2646681588186395,0.8170328123578047,-2.42260628963943,-9.241895039081776,3.0553589898457685,-4.764677252697407,-0.6439261371979531,-6.834766816900996,-0.15845963858028267,-6.427155623452925,13.070147018897437
9.90160727142294,10.643620541631634,19.041816775263914,16.34854120152351,20.20605207242007,10.016071636293528,16.7070007397067,14.68074361472196,19.082472953118025,11.369731980113682,21.587711114059452,11.65882999134749,8.454517095591537,11.82936531410947
18.803676167203236,14.335718529910658,20.375048729055244,18.89308325787369,19.735981794290094,17.504201643144818,16.2637770288511,20.12976883413375,19.001856166560675,19.228943231556094,23.873301383235066,20.373463821081693,11.133105859310717,21.22446347658561
10.683460031375935,6.7763338150062715,18.488803911199753,7.435200648017928,9.274667882780063,13.813818941843788,3.8559946955794526,6.809863199110785,22.644956402328603,6.3466487314927225,23.02518049539459,13.101806611219198,21.425934255368826,9.897207866742376
11.326553825496351,-4.429679914897669,2.3347237213505267,-3.9963641680297837,5.26403901926229,-1.0542184152432938,3.8664081766492595,14.518248568806516,-0.6039510205095915,-0.2446006741960367,-5.272783263559932,4.094510073898456,-2.2169213803990573,-2.606370918712339
-2.4825926919915737,-10.040807960159423,-14.163226291535263,-7.574130319991827,-17.67584909972998,-10.177429896098364,-9.366237869022923,-12.86347000574201,-12.084168778993293,-16.229327501901544,-11.407281068792772,-13.25699620184613,-15.699758099193122,-15.051702903034169
-14.295535028264524,-13.87686453877474,-22.12222910605404,-19.367769966327263,-16.763817813737543,-8.519656505496945,-13.481749880733698,-13.418928949963622,-11.572098977478111,-11.71867216681921,-13.691354130234064,-21.41245378434876,-25.294732637137876,-22.95342813230258
-15.677368856081667,-13.355524326652212,-15.44208622502913,-6.791137049418028,-19.07029101740059,-18.447902695213475,-18.68393658045628,-2.7914952761895186,-18.219212243478644,-5.431919854671038,-9.608315937025317,-15.532224143760033,-16.860448907569303,-15.763073434587739
-7.750748608072872,6.541924545190669,4.894592366506192,-2.613356874308473,-6.664881454812933,-4.260190658336395,-12.07704183773822,1.7595826662543699,-2.209439096684731,-2.132727840655499,-1.3375708044730554,-0.8461343525799334,-6.218099886740782,-0.6045435835826769
8.948194214868355,1.207871001964651,3.2649896412191795,10.755181427794913,4.942435693520504,13.333015340871764,-6.754897074093353,3.386710642060717,8.613341130364454,-1.5698290349971815,5.7859689281732285,2.5649915135374455,3.3227992127857675,12.496796560455191
3.857792017715375,6.937502458085834,5.499291791003011,-0.632215574311358,3.5346032015831317,-0.7005898925214158,15.655536119628199,1.997473949748791,12.474656237985691,9.830910804270886,6.603978444434912,10.231634595735049,3.8147131118315634,2.1262381036077835
10.697837796280046,3.6894689577330952,3.4223196008609897,-0.22161014034575288,2.6269912965309454,5.647819765156748,0.9240583697907834,-1.4316806191048972,-3.0637499687571044,1.3680917904219179,1.6545581145980242,12.841526252781957,12.31154931135137,5.670143349458842
8.22475373676269,4.123386649046364,-0.2780219344168495,5.980549386422826,18.34485273225791,7.685395509437192,2.7214327827082645,4.640096940665487,5.2861200745349635,9.559640962770436,-0.2804303562044961,1.7164588185161818,7.08877241743402,0.029338912425252772
0.31704271239159,6.835956363169632,13.013908901375,7.4114034138606675,3.5101878294690407,4.66149595685858,2.1816777601383484,11.1429357052142,-5.317295441536475,9.894069872587144,15.069964651042614,10.703392845613266,-3.308880309048144,5.797694299373518
3.997064933582185,4.623450640348824,12.07013324967675,16.804524732423495,12.295453703877428,16.393147802250844,1.6250335383687613,7.482774646505948,6.173372457907367,9.736191831181552,11.536094539452705,5.2768377233178105,10.164021818547592,12.23729868698171
4.055653131582377,7.670187975650406,9.512513793368806,-7.667165475311448,15.041168513499233,8.881973629568158,6.531708380638593,6.756067743382509,18.04720144691941,7.422314489042552,3.2330007005976213,3.278214463982592,-2.938396504366187,6.6476245291782385
-11.375502467528575,-9.443058542480372,-4.724670534391916,-3.2286925960125874,-4.602234583363291,-5.507557503859833,-8.738722437836937,-7.557965983007538,-4.8806246098658885,2.503601820050977,-4.479377489135511,4.471923797321938,-4.4316339375836975,-3.855142559511826
-14.648578717055468,-8.995735652394444,-14.041952881659899,-16.71680115332536,-8.551152215611573,-16.08738326534463,-6.1777089117342,-18.24681370180531,-15.275208358148344,-15.432571806169413,-12.589101857572125,-31.949173419400022,-12.371911841035859,-6.887578316652089
-14.691872787399381,-19.492050864472326,-17.142762576935986,-16.979845752278028,-26.35912009640112,-14.388004581029975,-15.513833042432642,-25.042078498429944,-13.051637863787898,-24.671713981705985,-24.029047144455856,-17.746679370960223,-27.560944302799978,-26.080873534659858
-10.564941310958826,-5.798907436397421,-13.751685822012991,-13.278035312340842,-11.763509006250462,-2.818137926489026,-18.387257046559682,-12.404416897789567,-19.383453430704243,-8.90979661230965,-5.214867854565777,-17.08814411553412,-14.348351980633169,-20.654980729168436
5.094076979703429,8.292612397658466,-1.9571389203252925,1.4931989356296533,5.370535069256093,8.73748534521581,9.13085673854772,1.5033768604266138,-1.3224704993003242,8.397666743144256,9.730867164489954,-1.6620874940244517,-6.59733290311255,12.020033345552651
14.488451329482073,9.684240884742369,13.933355057314863,8.958527377447094,22.742451434424794,8.353514925142164,17.00418457038179,22.712168811870416,11.338772428338942,13.487765495343695,1.787171984926447,18.219392472985174,8.627789410546587,10.38327143222688
16.851895366594377,20.390403979004837,20.389015438141296,13.63344831545697,24.170922517945307,20.729363555729524,25.38307869681339,10.026254859978657,18.000754558033695,11.997827010826704,17.762779459164573,11.463955191611316,14.467317230810558,19.016537349717876
12.355853398442058,3.5576962393724916,11.809165053773965,12.13978682372708,11.104212905113453,11.387378825354906,14.111957274933697,8.181175807949082,9.347986062796533,13.861954226259442,21.167305665255256,14.097430374702418,7.030495623116975,18.114746257701945
10.234658124508242,-6.542585530892738,2.3227785890566848,-2.9348185279096155,0.4461509377525691,-7.2118200110020085,-1.7944981378430473,-0.210988932449159,-2.2546882519987355,-0.714161703830406,8.40155248118129,4.4486010145120645,-6.130382967855359,-0.5144736871141158
0.5646401704880635,-9.327014773663937,-13.022183386196938,-8.951489270816941,-1.995867199821972,-8.990249709043056,-19.545498772366486,-9.80529293137663,-3.14933686263977,-8.01152973830371,-13.289477847402415,-7.062675736374012,-8.808327285338379,-5.959714297008257
-15.423197243524607,-8.698029593817427,-5.745333644428819,-7.781778835241474,-4.729403488028165,-11.121703064949532,-6.511779492054522,-9.013768056716554,-12.094072526617564,-8.04184918130019,-7.815577274324154,-2.8755578131768704,-10.255075624104839,-7.517694367648137
-2.4144662216741306,-12.861763042247677,-7.603715021497539,-8.548207785887458,-3.080952814301357,5.4467858277070835,5.337188858266741,-6.189267686447755,-3.955612316412264,-9.94042016365073,-1.3999071702092962,-6.681700383209161,-10.351309941835911,-7.293475757545771
0.501102464288337,-13.022586650448227,-7.722171321131208,-7.856620508759689,0.059458874634354064,-11.861976093770293,5.336143452999664,-13.710421138939182,-0.8666962110587737,-9.46429231683449,-5.982883869470285,2.5588531012443747,-0.6273867094799987,0.7027980785435064
-5.9545862023417016,0.529367526385256,4.094367956127134,-6.486686146687816,-8.110247512699921,-4.571569098458803,-10.818173660309451,-5.993695929089856,0.3538871350959001,5.156374533687331,-15.597211105208999,-6.908905171275119,-4.869462251181324,-2.695729022505859
-5.259920776184414,-8.587351053635006,-6.308744195822223,-4.510066504024945,-10.437277612108765,-2.182089347272555,-4.544435852391969,5.753881386646623,-8.042969149542909,-9.50437224109274,-1.8430850920704733,-0.4347468689864957,-0.9837600614239745,-4.151547907970649
-1.9744715197336715,-8.492002260887274,-0.5681652611735144,-3.61192347415666,-1.0073776249201476,0.4364429858320984,7.093409648249274,-10.04945136393229,-2.0291091232966307,0.8437564449675401,-5.421767949404474,-1.6407742304587924,-4.5394233046537265,-0.8953551682706415
12.395774491480399,19.767430426593997,7.201979139745166,1.7446382944311276,9.012009414157484,4.708447841596796,10.457036659876852,8.036267838331517,9.755718222682349,11.794730574623198,10.607856073890993,13.551969887715748,9.043818735612108,15.120931021540969
12.549827525867897,8.878687410113557,11.14507704391708,13.296945605904412,14.061682390900666,14.584593792829635,16.000369899997953,17.670064139705367,8.094974491736984,11.21139304787664,19.979600049030143,13.943135951550667,17.11242008658497,9.553305946833426
15.858889707942291,10.57582476866244,13.283469277951513,13.77136079021471,13.049165008731833,10.393642005771536,12.62671506296762,18.397465290445464,16.896607099908902,14.643881473037055,15.978350970213956,13.971737657805615,13.200845974786391,4.182633467172582
13.98438383876117,7.732082690892451,14.117496363302175,2.453817583415997,12.263016104392566,2.397858898202011,11.31719254560258,7.873766188460987,6.408183635853959,7.313333369409096,-2.2507279257599198,8.518713580094822,4.824459243558913,4.970070077021445
-10.559870198194751,-7.877996173717921,-8.200698232530932,-7.440510391848471,-2.621165825693323,-8.878205982253045,0.5419130937135268,-3.2002599368193785,-8.882650090670719,-11.086457606696243,-14.954458841324552,-12.241642057719696,1.4666246077360459,-13.69947248871532
-16.147886368579027,-24.097124694932745,-18.86601700383007,-15.612813898787513,-23.03239207967016,-10.051257426937374,-24.022740620467637,-14.378778344804072,-10.602470411171645,-17.561569867707536,-18.393676515535752,-20.686885693818528,-17.55206924711282,-15.295742890779627
-19.54061631518805,-19.436837270238435,-17.553022487839755,-13.047863988674012,-13.143568675889236,-24.577111016810676,-14.998926754184712,-24.887544438048515,-10.393015997745835,-20.825386242801663,-17.931579227144294,-11.107011712579634,-11.599662230031011,-22.158407039462602
2.8895392914708946,-13.623049867380828,-6.821722485687808,-5.075126383988042,-6.942095896807224,-8.903287595577668,-6.219189120535929,-6.355886671503244,-10.660581257521923,-10.719276021030717,-0.10811959403411286,-17.885860232988335,-6.634537605645155,-9.728816719515928
7.221165569384015,-0.2665408516161136,-0.025890625461039818,10.221627612563307,1.691633486880101,9.053556532165498,-2.5753795655291274,1.9009948777214736,4.727253910729191,8.011226554283912,-2.565845935062896,2.828007335909833,-1.5861377990229988,-4.300836075938578
8.488534338774826,11.870246324813262,13.048185043264684,16.320539231421133,7.202861361788274,21.361929534647693,17.65106346127692,12.152547615162193,13.780519183401461,4.685255735037039,22.46884900299206,5.773642918595126,16.043532663046353,7.097632837530582
7.915658600191519,11.851837345242526,12.187815790727694,7.624943640598083,8.107335211965822,16.56342888014026,17.84343787590466,11.149372072914606,9.932335596192905,6.923287687350749,19.35285986857542,18.72512587615401,7.4075754084772,4.715825195264788
13.174841650661197,11.908182764841358,8.107082948437826,9.483740460455962,-2.1376024726229446,7.459816660631701,6.0913336879851085,11.981350815520269,9.276225670954807,1.9799860002118397,16.333998509184415,9.047602026985865,3.5935247799701404,16.637641582041695
7.1481233876378845,1.158634853364274,-4.041198920621157,2.0724654013808355,1.11922018673808,8.169076276525356,5.734101982930974,-4.225461740280287,3.96317287412713,3.1584991397085855,-0.7642456651563787,-2.1491133400329456,4.347058014405805,-1.405733462094866
2.5482249186517882,-1.8795486559398766,-4.64036925087098,-0.44330722298689396,2.276328639926972,0.9182883277014957,-3.6649229332126616,-3.666329569084071,-2.7298599606735507,-1.9168944862898964,-0.603180386157316,-5.919160436138293,4.14806482984511,-1.7720947530557902
-2.9754017657361103,2.960019144541048,0.023392726842694986,-4.133080726238878,-7.167329077567253,-2.402756258766073,1.2135576334163787,0.18888656387354685,-3.49626596447843,0.814912336415777,-1.0273280560727656,-8.615141572811662,1.958727006217166,3.2422150913897494
3.69613091466681,-2.064640084591899,-13.652064796386373,-3.657021613770834,-4.902710440224805,-1.627993038318613,-5.332936937867209,-6.65226543420161,-6.449884729689389,-1.2009202762975209,-9.023816385770983,-0.15844965204140626,-1.692654192296395,-0.3977045761693352
-9.288569734678859,-1.3218002439459227,0.5102316680286956,-10.221246866790848,0.002553205295188654,-9.958321431448871,-5.5512486505474605,-3.177693226513009,-2.108967626305888,-3.0498803868917044,-11.876256314983085,-17.54426487755292,-8.196116002402393,0.16310118871856982
-5.786440786696526,-10.720737668638213,-21.420113604767934,-5.078455976668793,-14.71267923081318,-12.534732743555212,-17.974648624472568,-17.333320932050995,-12.62292820784807,-17.02677187581631,-5.228338005962171,-8.45076724143414,-11.456738600670576,-11.695090986281997
1.2529143373154454,-9.068208559293,-9.17023722112403,-3.495277077593327,-14.348977813811189,-6.992850439051085,-8.1810820408086,-17.768852077772706,-7.817198187046925,-14.145855959746399,-16.28753286417356,-15.516569161286805,-12.081969080735808,-15.70867995331909
-7.232802367939418,-0.8118382109728011,1.552349366803043,-3.51701759563065,0.5547584436797108,-8.396016611375842,-1.8357630978895212,-2.1884631515540955,2.5551732006212813,1.450094868521778,-3.44143061833868,-0.6742820733267876,-5.773552846928352,-9.061883945050306
6.656725752899347,12.407610658918248,12.02563130977967,7.798115303370674,11.389465118495806,12.325029607488936,22.948382158642772,-0.65075226782497,7.276310105209559,8.675738809121174,5.036598177009019,19.278927128348226,14.389231613255642,12.334833168374631
19.84320148580202,18.592970182696853,22.62157768304501,20.86414193263437,11.462217396104558,17.756361820934323,20.46990766876737,15.252512313459244,20.762234359620294,20.823601229971743,16.58501461661416,17.8581157958213,12.951829555481002,17.813835973446533
18.08915950327537,20.994641284812488,21.85864261198245,9.392901354856612,22.82850663025458,17.042474660626787,14.869935560123231,26.541430351519782,15.413023690397388,18.133775649175945,25.218759567992805,10.009258624143648,19.45318387011372,21.259077682719088
2.3030560539961344,11.158270476258853,5.701625344224956,15.192368646156966,13.187085756374756,-3.92114993897027,6.737006608497321,10.18401883946624,2.505465430997707,8.481299456973488,0.8250522385242256,6.96923828364307,7.7930081255142,9.332491410313963
-4.358849591208418,-12.785343135908743,-1.5411501322657593,-8.327173486367396,-12.681620966127293,-2.5894902752020084,-7.8461208721229925,-11.362639098016995,-9.34723649730049,-10.017235323493784,-17.124430918213804,-1.0244623841782037,-12.504180648361533,-12.9790240089003
-6.852996801821561,-17.94526085041841,-24.059148876268154,-12.15107441243523,-17.353444938727538,-16.020511450482736,-5.661896826197914,-8.573755628433148,-9.818151365038585,-11.96788971024772,-9.235450664189225,-14.961687176167638,-12.126397386921596,-17.557412965872786
-8.614788036689927,-15.219327676163632,-16.388801431234366,-18.505695184811717,-15.944548296468426,-17.73022137512008,-10.341168612531725,-14.936370589800074,-16.816162701343885,2.1138450255349603,-12.792057344427924,-12.356657782694331,-18.786132879063445,-13.784635005174332
-5.631733242182793,-0.03811439290174512,1.027790438528596,-4.184602548366478,-7.212466886751735,-1.9878627272957918,-7.604556260684914,-8.229288963333344,-5.7364892818819,2.374180288238718,-4.598861003745434,-3.0528414540193842,-0.7354483338481361,-11.89591061367845
0.679916742315817,-0.5625874206040606,-3.173434192731732,-4.241394260719685,4.824932769286235,2.1161160946309305,8.334622209522948,3.471378177885557,10.830078851557479,3.068225629292416,0.20754916220899577,-3.1249879114942285,7.885088845708152,4.285963998744267
13.848645919231531,6.172733040391363,10.60753850406431,6.262754426383275,5.796045018176815,1.372429239185191,10.576862900493119,2.0694955572734157,0.7162670964243629,2.920515774143751,-4.732150235351666,6.574502274678478,-0.19077675347496736,0.9538631671035942
-1.2092545110736683,15.432176028707207,-1.2872837472878373,8.425377436732782,8.605707674065012,4.811292898337173,5.523231085493256,0.7855845341131591,-2.829622447301116,3.7108222913019744,2.675613189365917,-0.5150207933362818,3.065733109278697,2.0572870149023363
2.9510016150899365,-1.340423233680136,9.444914870060868,2.592838923926024,2.964386493605094,3.693597345510229,2.6288389882146515,2.616433507464998,1.666310439871319,8.394056636070218,-3.258495873557419,3.7298376344087787,0.6898100811390497,-1.619546093731297
8.003642519244762,1.4125356855234354,17.288721793598228,1.0363285129045705,5.217539186020432,7.878092654531903,5.9753256803683925,7.110079262299283,1.076777932020537,4.083478378058114,13.094458373214076,5.233396309756296,11.73730229744973,13.892032524665677
6.597509036169514,9.296184255494213,14.172752481348372,13.175735868252069,11.208065004393506,7.035143644419492,10.169253375592124,6.5360278328418815,3.393921952327977,13.61091022008694,6.402035439830051,9.366754883179219,9.128393514004118,3.0336391550724304
-0.25258290047853205,3.6100300456399212,7.176812518725306,4.423127003023138,13.900640834060852,10.770473577076322,3.5271981642559025,11.40296294196197,1.7435425081895026,3.652428394588012,-1.3627389086333865,14.17762582601381,5.993482696989096,5.359527485148876
-0.15570471763230875,-4.005001464324608,0.8572645445351976,-9.394194239441298,-5.083423740632247,4.637861547486393,-8.021415902832352,4.813226596648867,-4.452259663681289,8.354490795604292,-11.72867366168003,-4.6302232187315,-3.494531512269549,4.055069275883844
-9.364008793403654,-22.421420321812548,-14.38078852820552,-15.492434505368491,-12.240107520436965,-21.203932474073202,-14.237519213430568,-20.324455351876516,-7.591945407910265,-11.820298028287661,-20.621559834724422,-10.87172362641557,-17.885051531841683,-9.194738019579152
-21.51749010908299,-23.935918596586816,-14.181392731365854,-13.011199643182913,-22.69311892797996,-25.49049483076365,-13.851709671867361,-24.053400922095978,-25.834318684828244,-22.86603585684945,-33.557861080351756,-17.29231001430086,-20.97063030870219,-14.793558276506035
-13.457449765363071,-18.56690517496873,-15.260091643872514,-11.978710718024834,-6.284345730259198,-18.74122999643655,-14.78580200956286,-14.356203769881258,-11.636164549771102,-5.971616507780552,-16.788555452948312,-3.2480671823268246,-9.494589147811045,-17.313681461244492
-5.969563916172297,0.6926847941059839,6.1505971889511715,-0.5455612934184748,8.904729558119893,-0.23299906153360406,9.41826060192294,6.112091026516,-2.424601953023985,2.8564525639184835,0.2573454317909307,7.1414169751487995,5.551288728227642,3.850545587353162
12.385542058406779,9.239060881917254,15.29465983576592,10.79662615837071,17.403641205454765,20.243293196278948,14.894934243630555,14.19830825810722,20.742600236580504,24.00793892006346,6.749342685774204,23.981055412103075,8.751794602393883,22.246317312671295
23.791804155793095,20.473524875717324,21.52563300556081,14.909760686921002,22.78413574264855,21.319291071670534,14.929298802479629,20.538785578841264,16.218769814407743,21.267257650468256,16.41671571111343,21.714716422944406,24.79299690307941,22.24209443422653
15.100657103712107,0.37239253184831966,15.661701961244486,15.768748954204128,10.669386882838673,9.41541220803699,12.663641518820723,15.737873113510666,16.413892725184585,14.34969574598485,13.049127017951143,11.451745419942041,2.26527797524259,7.554044498142364
6.050821985248985,-3.9505331967505377,1.0493960157701587,-6.525467468223036,-1.340717293628888,6.072555663143548,-11.004166994031507,0.053941311948659365,2.2291025968168183,1.5239249181110956,9.949835822322079,-8.3879959149147,3.2705818575738386,1.5611822729601397
-2.912640074174206,-8.77693111939916,-4.498014940148718,-12.069832832613923,-6.498240454803747,-12.203386965032434,-6.5398636919428945,-4.74118959409106,-7.961642594018445,-3.7427419951884064,-0.9989860751714783,-7.326404030014234,-6.660961875568061,-10.18757851721642
-0.33411091103630675,-3.957045524935193,-14.383229273533642,-8.781413572222595,-4.911647034998191,-16.830419543683426,-7.096308874807333,-8.64471837795368,-9.403313398368349,-14.199845169811972,-10.717316094732992,-6.70312188493315,-13.947358536187446,-6.899586513414747
-16.846719531699854,-7.109071189980291,-1.537938120114136,-9.76402388449592,-2.7107709636778288,-9.615595487780515,-7.3547118299936125,-11.814350650637472,-7.2194317418910385,2.8731863631943177,-10.652212811922345,-9.179782157244956,-10.716334342308798,-11.568508952785756
-6.486851861052321,2.850448014136468,3.913764146041819,1.4411268038765872,4.086522058340651,-8.489700082288744,-5.320599285399144,-8.403353564716937,-3.987355221130568,-0.35054531455236404,-0.8202678493180446,-7.189873372443339,-2.5844099478099896,0.39639191495818427
-0.47012805677224456,-5.848578799916671,-2.9325803513440896,-0.18541160149603675,-2.8033717721022873,6.2705379525379845,-3.2346480025091653,-9.298043595278443,6.311852338380379,-0.7373031423538459,-0.08739646653212052,-11.204832223346923,-3.713675130808894,-1.1496834581581505
-9.180400878635172,2.589845376331464,-7.559327047112253,3.7715768823859985,-13.941719159711182,-7.172239274257303,-8.733425842065701,-7.609775617332707,-14.42306115392363,-9.135061663249008,-7.35210593506012,-10.067899902105392,-7.563134819595865,-8.785002951459958
-0.6051169617232759,-2.415712390607343,1.546528306182013,9.806770180741264,-8.649381574659225,-5.045253650630103,-10.186063821529805,-8.512190353558218,0.09363638289704612,-2.5433200285028628,0.6727921304815796,-9.681856042301764,-8.65287839875852,-3.560707602815063
3.849171688834043,4.7300188563790355,5.558683587700052,7.297310123423054,8.021888344711137,11.126548790951006,-3.6427971009535733,5.199989202736586,9.059852199617993,5.1914511667339704,5.762277939760392,6.915200136636512,1.07852570476288,10.788880491653195
12.450396657076519,16.009847594019213,9.446028836158328,20.30146234807366,12.72551740514791,14.311583933877996,14.802561250394271,15.621288908802732,7.226535505463604,10.663697488371692,21.218383225165052,11.809882274374745,21.443719174617428,19.523074012661283
14.730496346360523,14.136527991583554,15.372125752344278,21.159825666953626,10.033530622674583,14.795456412567622,16.852952463027496,19.37969872043602,20.78550795006301,11.943385411727617,7.825246615454283,4.741737538645163,10.105147938207685,19.84303981537396
11.043471174981992,1.8462952308317586,16.82122665781307,9.867875675400931,18.71669602733528,2.3725044267811395,14.756786869147852,18.56583659393869,4.407832226566423,16.714826827896324,7.871784738201339,12.908021794409738,10.30297769880137,15.410241482041092
-7.574776545969053,-0.9315018661501107,-4.749890693148254,-13.610171773309865,-5.301495980322739,-9.184497878355312,1.7453161196726121,-10.206134045940974,3.4683832834865305,-6.249894088752991,-8.49425135551364,-10.16729328714527,-10.676130428893877,-4.528865917108092
-21.841718391232234,-8.727566939651693,-16.280649944955613,-24.009091834399925,-16.59687342476939,-15.93544121600742,-14.302312481355619,-8.544841367407143,-16.07066907637639,-9.605201752764838,-17.928686970136795,-13.871908505262292,-16.344850364799985,-21.040011569022404
-14.890235984810335,-14.614533673693703,-22.374027591475755,-17.21508141619052,-17.153530399282502,-22.38878664209307,-13.269144292507768,-21.61746740958009,-19.821860694417765,-17.82226482130492,-18.964121701760213,-18.20849625891474,-9.60331315988437,-27.1189642622043
-5.461882831636871,-17.957614379681758,-4.7828267584309385,-12.76484551815863,-16.856957420024166,-7.063112404098074,-11.205595045149817,-18.707395269231462,-10.641890388192415,0.8011370208343447,-10.177286954817014,-5.688261876307714,-12.830574756444992,-14.90352432508831
6.398328353337395,5.1196674640708295,11.022385596702078,-8.007012256182666,4.882416555705378,-3.9753454323607005,-3.039205747745346,10.751484349055639,-1.942937527643854,-8.472904654130158,10.449920470612936,6.600978114287228,4.249084518967569,0.7547455655508397
13.198229334189492,3.4437578737870016,16.815045216690763,6.270200273095506,4.837544164771104,19.178558154395056,13.244696970394463,8.818914463605982,13.512253390858307,12.728911237815115,7.383664439592104,9.027938954404576,9.640328279628102,9.194111774440243
9.40100644178277,9.645600446192676,11.276216512525941,10.58763326075754,8.935462223296385,3.36513727051706,13.818243189142068,3.8003470806832578,11.076205987238575,16.81544901337889,12.307379568230552,4.579165976751876,19.6597450033656,12.984125126930449
10.731010622613018,8.388286165352433,14.003822928193674,0.24037135906292573,8.960897499496998,4.726531482933257,9.232498241137375,15.02686775208252,7.226048994178169,8.022977516145504,5.689077058478959,2.275076500867182,5.216123589762267,5.60131676170386
3.8083710041352754,-1.966344911726161,3.1063638861647527,1.6934806680075465,5.617879742554436,14.788396291453127,-0.9737169549180775,-13.199077682043896,4.684518112649362,3.148185567050846,1.0055956211697934,-3.126057068722174,0.04783000829392958,0.6778784711014039
8.523138029074035,-0.5602287560089572,5.9771616498259625,-2.615313799468512,6.550886474779061,-1.919592348024621,-3.244809043076886,-2.9349705913712314,8.021680630482907,2.546148764894898,0.6726312469503238,0.17913370494871705,0.8718534220039338,2.812973279012425
-2.0027419597292053,1.8958035478399755,-0.050043921540660286,-0.4112170921779822,-2.576538973425245,-0.9053026594091778,-7.172126666449794,0.4372772468325566,2.0815588635033135,6.244968603099361,0.460870747026645,2.197763236291123,-6.781797591102441,-1.8096736237715585
-6.9289728249073566,-6.161176772160959,1.4579971198628252,-1.5685984963691852,-3.7968552032878407,-0.39088754256512726,-1.2156258295228928,-2.314482152396873,-1.3704653352953564,-0.42860000015635413,-1.4814310462676765,3.751519769012166,1.4786938026497594,-4.850227709364807
-0.8054469152456933,-6.833506537929928,-8.638878752000055,0.8946260766542284,-15.157388931219966,-8.622912594111497,1.9208048317836877,-0.39673050109681185,-1.452645716749828,0.7043144289821335,-5.107003952847883,0.5117153915449277,-0.31300779070935647,-7.420130211585842
-9.983147494901853,-16.520343268583765,-1.4983151821842515,-9.374399061129916,-15.891794616236101,-11.220584702808756,-4.189965817765085,-10.71908023793724,3.5624239462990737,-4.666169294851759,-10.592316767675037,-8.51335966109373,-9.080437456060451,-5.060924979596081
-12.654260577564168,-6.469944872501028,-2.957342624665303,-8.295034127254024,-18.51575849929859,-12.38986332942946,-10.085732336449574,-14.27661136944912,-23.212062125369012,-6.584545526254651,-9.251664764460275,-9.47918434013312,-21.09692812812979,-7.33561488111134
-4.303275791674046,-7.165845808114018,-0.2500365589928495,-2.996639722789671,-6.601630935760188,-6.107123399906749,-9.980877039137969,8.78568044017252,3.2099469052308764,-3.0127047387094232,-4.983895547624457,-1.5609774589922871,-0.8432777460285674,2.6448491461302446
3.5741840004354284,-0.3554303274187216,10.041558972666389,9.035856992446226,7.424274451566465,8.401888890837155,8.011614089913298,13.320364807769899,5.649478466727239,10.991265798590865,10.101467188391794,9.531211049947014,7.818404122626825,12.84665230265928
14.123512305873671,22.497223873231132,21.671203893014447,13.16158276665186,20.598174983082494,15.42140488993493,13.234744800500396,14.891590427485678,15.976960686043585,17.690547442432468,19.546319884826797,7.460093656528432,16.840003840675035,15.641303379354575
21.217247070737066,19.769500772469122,17.362998967651336,8.948760788935422,19.54604024615603,23.7349425758642,22.11160082323473,19.618742926552528,23.340716811488953,19.51241468313676,20.094789584863555,19.589054179303858,14.97682842426711,15.718847783770624
0.6024308823021176,7.711757150320729,6.195765982789634,7.99259566316678,7.41176791146898,5.820994303534813,12.999632744051118,4.308590807109917,10.011984110233369,9.601026035842368,4.599997829321702,3.4831105161875224,14.733770460225411,5.22491359492239
-4.59511928436509,-10.615722103536232,-8.343022054761581,-4.955825844847037,-14.409133285291619,-8.707492562232456,-4.161336411742777,-5.378734831593948,-6.795988546689188,-9.75235508727849,-5.511668533903374,1.4686380040103089,-4.742175165092277,4.630202875916311
-18.282838758812527,-22.272276984660078,-22.919405927617053,-11.078209629810045,-25.165734403733424,-24.18866325305867,-11.431371249919707,-18.552451016517708,-10.211393737222044,-18.27909601072448,-19.13685908086999,-16.969436087296064,-12.753990355764223,-10.092981694301233
-9.516491583714258,-11.629261997923098,-13.9443249040393,-14.18650916188608,-12.01726803069025,-12.293142077723223,-12.300228443019023,-10.94885430506878,-11.94571328531241,-24.923196425701704,-12.927305130632236,-13.603636782674648,-4.570828870960208,-25.25430779486993
-10.42023433163992,-1.450123436686244,-1.343471853619569,-3.764357063778544,-6.296507085178844,-10.11700729679956,-5.103718844755372,2.5997292369557563,-12.34326942096365,-11.160658634139986,-10.617196619596175,-8.092707321630796,-9.5285803863633,-9.620328057166406
0.3933497218489672,-2.010561856515981,10.744171936017498,3.5786365813359913,1.966569630040016,4.902994656155297,-6.074433440368693,0.22078254524080032,-1.0910997658602293,7.761094664529753,3.6234027296767217,-2.4940966352662644,0.06282913118393596,3.6105597551538695
17.858189381152926,11.936045065397241,-1.4979767911338637,13.90418517430636,10.241046607819605,4.320233465476063,6.281744442318299,-0.4075785477243743,0.5895244830246735,3.0648591537640906,5.6983854599394475,7.05875026599495,4.895199694191724,3.4476892884417363
0.5906284762342735,1.8069240183547723,10.192948208581694,7.488783855107292,0.29076106764170007,13.580346431411797,6.724487694569884,1.6223052257111625,6.5541833446452475,5.771734282512234,3.3938577418315394,8.693979893422163,-6.027714259113721,5.447087358996378
7.345639221752435,-1.9302024985011297,5.6814343644436684,8.398760772561372,5.755348169409746,0.9291111333259994,7.933072969578491,2.556509286363865,6.600837504136397,-3.647672597554715,10.330256828949693,-1.4417783174378567,3.117947594559852,1.5798486065376678
12.745774807202885,-0.8032898011863523,6.836876434084632,-2.3065926412390176,8.507346340708796,11.689673514584701,8.916559799580867,7.434678680442278,3.12535244052978,4.106463317228099,6.738743408073406,7.277747183899162,-2.176158289741293,-2.310835192341946
13.555029657204969,7.469691382699264,13.202172088362317,9.493420158760612,9.648743189376734,15.850345736525888,-0.5710343210961746,13.663056253366502,1.4420519550830981,-2.1663992195182242,6.910162436893852,10.791375385199505,13.723549535038593,12.684898229331226
2.1135299093588795,5.19004045481133,3.5161353621948725,5.3371081341032145,12.654130471873628,16.984833786612228,15.159991973144887,2.268924104224065,8.10566196838001,7.395754233575925,11.107475139481647,-5.564499592942607,5.757994519210277,1.6686064999633645
-3.2480342086524994,-5.503604869539518,9.756233849885632,7.393692383096485,-5.186459368703876,1.7840561246081537,6.4382251287736,3.612435456219778,-3.053847417613638,-4.3993345825414245,3.9446308686899307,-1.284747060092518,-0.7896375627612705,5.006838381484775
-4.698026164227483,-12.089919995834821,-16.042374217316603,-16.00804448168937,-9.44991420442233,-5.943003628305567,-21.887585777051672,-9.990768928799602,-6.988834157196567,-20.603182413317192,-18.41861877291719,-18.942947356813363,-7.118703384473108,-9.201487290271633
-19.779726387233435,-16.020726217589818,-25.580303716818953,-22.834856895816763,-17.88138116453268,-24.869606208271698,-21.807454109475902,-14.450264949679761,-12.338894050524633,-13.474510346162099,-16.681417463007552,-12.829461262920542,-17.220494503542646,-10.789807712651939
-13.389887098700274,-12.56186102995556,-11.646834517147669,-11.623767555281606,-6.0022741327216504,-17.2696428135067,-18.1372966508636,-11.160099481142652,-7.983759708869945,-19.074174871046175,-10.930805346008182,-14.848507978049746,-12.366004404621087,-10.009851518487606
-1.3240509530977134,0.773917442919626,-1.850792133474512,0.22950505547692024,-3.021492294221134,-14.927568569359652,-5.212828181541152,-4.902917586552021,0.7513706801956108,-7.030613737340935,-1.5929843542678093,-16.288743514970932,5.524496732258045,4.759199654808752
7.461680589571535,10.723899189860655,16.266591168209082,6.692756159147218,14.397283436050087,16.51027529283834,18.11365544053685,11.936512572556797,9.344772250217076,15.496013387508812,10.168823178053898,8.49569823928369,8.65991318964543,12.137780521028342
17.27578967643356,16.50978347441578,20.097808315539666,13.161973082068947,13.74202675130669,28.620551940160293,13.297444953061795,9.523768457008144,22.093676818894398,9.772442825890588,23.198301592164253,17.193085178075492,24.45771429769213,17.832494936220797
16.85822928759554,18.201605766746038,4.653206554310849,8.722686548536535,11.56387494232935,16.43421534601984,17.099505968908446,18.988347729751787,11.172628150627922,24.780260500655228,14.607726412763855,16.801864043290042,16.36158475945248,16.38101163158189
-4.022149642247031,12.19588874917678,5.369593710126586,8.764615403918233,2.10619145653276,1.9206858587426594,-7.470974613406582,3.5337553981035743,0.3238995223875363,8.669672365430811,3.5595497608761577,8.832856304631228,5.098926700970946,0.834664390664424
-6.916498190372832,-8.921057897087673,-6.009944864421045,1.6971313143785958,-4.686815742222616,-9.050471904934497,-9.970927378688309,-9.704223065096198,-10.18386987469913,-3.6456073225439476,-11.483220667361515,-4.200785161460482,-8.50154485644054,0.45212656461333545
-12.521291503942283,-3.912653300368225,-6.569692403416868,-12.45662630337861,-2.828638846540713,-4.018481298034056,-8.27384382723171,-8.572945239551672,-14.184114993389706,-8.560067821175217,-7.219069008079813,-12.223932606192044,-0.8752434809464713,-9.317808110931468
-2.910054170070251,-5.8948417707230325,-8.46240159881938,-7.571134471220373,-8.667706107378446,-17.417199757297993,-3.5302310853990813,-12.395328418854636,-1.087811291833492,1.2522020152570263,-10.306354575507143,-6.823008431486257,5.408295081259508,-8.76596868560961
7.64467870662298,0.7929986708588439,5.142262824542246,-0.7448416045848818,-4.806797323337451,1.7356703221343137,-7.273090721485863,-0.7211880597889104,-8.001358465752197,0.6351227204684253,-18.15534994876492,5.042739964604951,0.30018447428523753,-2.972256896533687
-7.213439547352132,1.160330527695196,-9.769866764036344,-6.339394933729632,-8.202460642967383,-1.6880247681106222,-1.110671644423351,-12.062559861105179,-5.022201012904759,-2.6200485350704263,-0.827461371066069,-12.560443448841365,-0.0008369270781343197,1.724938189374992
-9.959030920684482,-5.23994448607888,0.9983412373838814,-2.8358148910245795,-1.5606448828424693,-3.127088041759559,-13.448632104997191,-7.64108505330147,-5.532615349239794,-5.071493393662135,-2.2449027251690783,-6.043591575973437,-12.1126939180283,-2.167013108198715
3.2398369527330244,-6.301922893015138,-0.8285756903352448,5.361040194789413,-6.459831409048183,-1.9389094290675684,5.754153096364505,-4.031880409453365,-2.380452661257361,-2.428238458573853,-4.092397649215439,3.220001655565391,-5.9011098080335085,1.5021866657711884
3.7094991659813945,-3.9208531049185815,2.7646990144732078,8.872179102588651,1.6567962413774557,7.567336493648387,1.945100212149037,1.299728186759983,11.626360071459173,4.41859076357591,1.3295965877773805,-3.440254857421132,4.005208173638867,-1.0585520252134675
7.472619360468618,9.441799597120067,15.4842818375425,15.131799173495283,13.197095390313166,14.23709308605078,12.395425879869398,18.294131657867283,11.584885915009544,7.5517148508705025,14.854968061576757,20.2245878640923,12.022532166579646,11.090265469564365
18.385706788843176,13.255113670028766,19.355989263574724,21.76845098375453,9.340963446523844,10.523873138841164,17.327372646016077,11.15478327269795,14.24816772456658,22.235049459725357,15.030789718307405,23.28046707586836,17.164454182296012,9.808742459437099
16.77566187685586,17.732664774544297,2.565756722425136,6.069832887820902,5.254826099752826,11.65325179549625,6.871825002801173,5.881918471059303,14.70127378102206,12.37963146525571,12.86919451995738,16.310017095042927,15.062824612657273,13.919597315892355
-6.739642657365746,-9.658845181666598,-0.6847285942732984,-11.104735054977967,6.577269459392353,-3.2294260674166186,-0.8439859893149984,-0.7449686392201973,3.09754935217618,2.8165429138358413,2.7360869076236516,-3.63458037536635,2.257786602318855,1.2546444499116576
-14.569962670655155,-6.171971439275152,-16.52054254903869,-21.71587337169797,-12.243952016048553,-15.53136035771997,-12.551234231431083,-28.39813539032172,-13.493319957479795,-10.742867859223589,-17.956468333354845,-11.753831448986183,-15.717387750889328,-14.57917745514674
-9.703990383046309,-16.64762833354237,-26.281874596600836,-21.47875227189383,-24.15586653449091,-24.551273244042914,-27.626745685908354,-24.363306312566422,-12.234237011355198,-21.457303147889384,-16.46974355245028,-11.629914877539607,-23.312943027894896,-16.56111118692914
-20.330356992659006,-23.203214673404624,-8.26107071023237,-13.043600596982182,-4.933446667200063,-13.544615134333442,-8.226499730925237,-14.706048959187967,-10.21763121657468,-9.136218717194861,-15.736536109435303,-7.014197683668528,-15.195597306050104,-4.538123131452147
12.970440884962253,1.2972826739050791,-1.215784255880128,0.3133378132344833,-0.0024750686202288374,-0.5229027989712292,-4.9774593187776155,11.510544336464676,1.855749605286237,4.435427900704853,10.526325754876773,0.492982824451414,6.42356261218868,-5.423603015684503
11.745448881140845,13.37634765596632,9.542661811794204,4.852723768733357,10.71063371852672,15.37119467376553,2.152605305140016,8.661747184461143,18.803418597443198,20.528548188161317,18.50618260908664,10.493113726321653,20.192420998359196,9.395133893535457
10.36195210278856,10.86883304992692,7.205650989362317,9.939533976412473,17.77776787829735,3.743745557506985,12.420520876975424,22.012341423982562,15.021841026246346,16.47820244283688,24.541129408251766,13.79869154990686,11.608576043224964,11.19963405910747
2.9992919362284125,1.5288216675731485,13.032233460167312,5.9304877665383335,11.048010923967084,10.1678441322169,12.439748235752713,7.09977731064687,15.63303039401408,13.61856830802223,12.597427074544406,3.6335885215181296,5.774491636341208,5.4421741388241225
-2.269101049193451,5.565688885676915,-7.502454855882957,3.659251492419097,4.341334044897922,6.619795811812481,11.809929215237883,-0.7361450326576784,5.4541509300410285,-1.8077349699534295,5.361866118780352,-0.0647114347312101,3.234981020416305,-2.447918305762336
7.269186050781973,5.006505574727607,-4.213143706458075,-5.753358448992044,-5.0733229343826,2.112556138578163,6.501406625235336,3.801235694413819,-2.9755865671409616,10.847962435447073,0.30894523530244666,3.328148835776105,-2.130945507787453,1.43201959248139
-1.8393801724287535,4.135521108572531,4.302312994044769,4.111464744106028,8.52886302014339,0.7859300360523694,-1.8774663981819626,-4.226499116994994,-1.1743561443005026,4.013696060931064,3.7494324312530165,5.50391298857941,-2.8160603450865973,-4.8127700886027895
-7.705953589012626,-2.642335302696,-0.6787908941355131,0.2839482946255305,1.9736206459682095,8.048762965177058,7.859446854896413,-0.1925926793531394,-10.077646748733311,-5.8745989551049425,1.5030677011772111,4.290400198319009,-0.09431578326381673,-5.104170300579974
-15.811228790058127,-6.977008991548923,-4.358820079905512,-4.703412939246366,-1.8131981367498478,-6.2252725040484895,-3.8373828004369464,-2.6408531819055234,-4.122513944034884,0.7371274973990998,-9.218932076188755,-9.377250856106906,-0.1844688172901252,-6.45728143390912
-8.870980794579518,-12.231982269143398,-19.021951647405505,-13.994514698918794,-13.312060872655888,-18.485314569814104,-10.460205983334015,-8.484422702424437,-6.54811670294757,-10.660592986048218,-9.229091244421994,-14.330516162209596,-12.918843813698457,-2.929217835983895
-12.611326232366327,-4.149379892117883,-17.82911901221655,-2.8804350626319106,-14.592114562055587,-13.617285640525324,-20.11516050178669,-18.106128967498876,-14.305769141278345,-10.05623992695753,-13.012322709171992,-19.089091801794734,-11.06072617903041,-15.43340370876857
-10.654943480286708,-4.8145983409140936,-2.759527657166558,-12.248936269160568,4.139935320677826,-2.3986063098048658,-3.34114235755658,-3.0529776551342067,3.8052074672780103,-3.659063636681644,-7.4093409040074665,-14.933624992182882,-5.243240397241973,-9.318216987461224
11.115427926773709,9.61026945257058,7.826822178078462,6.320120506624969,3.4520390600357893,7.790484358981049,1.9815904598054424,3.6158759548978803,20.941966603071553,8.694552216833843,-1.9422807425836908,7.811555110007654,2.70486307359461,9.799792119962582
15.447758812171566,27.227235605731362,25.966932307331742,33.17433121357797,19.228376690637763,16.866495584614306,20.51513512381822,17.95741819871399,16.664205319090133,15.250160420822697,18.86687083431658,12.73043685650011,16.164651738391825,20.550275801559717
17.23091438429445,16.84517292077193,10.704170886086477,15.942406428896826,13.938480108215863,16.183390209298476,19.854559385048898,19.926955351455863,22.548587478014486,14.051666139448365,19.659478114403434,11.514822209137366,18.347475019798786,21.85606940391773
9.78278034127231,4.999604370521096,6.549076927433893,21.91771778639608,4.330699477797907,6.522352880787881,10.480517673343194,15.245197592486075,8.442547830474883,8.773573446266873,5.826156578305159,1.152353181001815,7.98931604060262,2.0547380906783754
-11.953300496118981,5.968089473935181,-4.2203991923983235,6.8230176715264,-2.2570582221060973,-5.042914118909794,4.231428625785235,1.9080743490231162,-3.241048908391548,-6.254730694485143,-17.899198477574224,-6.463366374372878,-11.190763331229931,-6.423251711375718
-17.45712537388628,-14.434118932194274,-10.714860437922674,-18.274896597015896,-19.01668944664423,-11.649535068171843,-12.53584652019262,-7.842147165308309,-15.09126913222636,-15.744606386590632,-15.298535849286301,-11.205944027485883,-5.881816491288811,-18.726789157896576
-18.715898621233585,-16.304134344412464,-11.087361140852781,-4.584426740695729,-11.952138391120343,-21.83230991615978,-15.476752501925798,-14.65126964727675,-21.396510921640758,-18.39124774712783,-12.972712931363251,-26.421702679490807,-12.724132118250584,-12.319433843105209
-10.39109529714742,-12.853131985211874,-5.899352068985172,-8.78970628082674,-1.9981371907010983,-4.833508902266092,-6.067152102748967,-8.524751863835917,-6.040505505701601,-3.6893741060388923,-4.423141710363444,-8.979934852212503,-6.434062582233193,-10.563405901594907
4.010625134415265,-0.6095458206848192,0.7794261783992801,-1.0692324188723532,-1.1712009724907777,1.883027708945622,-0.3146881542332447,-3.297564290303047,1.899734659874087,1.1503401144599243,6.237631530841962,-1.2189406680324648,0.37734908869290273,1.9920884632459812
4.2112299256498265,-1.3922771308125643,3.9954928340633318,10.830123794367918,-1.3992453480843894,1.809140572519767,2.6476251280885768,-0.6676896874569573,-8.023084313005006,-3.9581514838099725,2.4797679487704243,4.160145531347775,11.396910087387129,5.6412429383977925
4.701039551079262,7.993492824388586,2.137132765141604,6.374923848829651,-1.082424227580682,7.52869340238851,0.7998083908583005,1.3716866502864873,0.9672317435435644,6.359383348807739,5.2413391231015165,6.8603925342563645,5.897201266672747,2.8559826367337173
12.618324090337017,7.62845299180514,2.3589914162565235,4.816967503335842,13.082482324472387,-3.33752931921613,1.0633322047387557,2.6507494593995653,6.076547452874928,2.4818752891693303,3.3634024183832594,-1.9010425512854017,-1.1228880154391074,8.218356791696738
0.3521883546544835,13.225514609923067,13.921364001568278,5.060695651839619,6.584947447276943,6.290058749190699,5.779452928848283,6.796993500344791,29.731416978862427,6.748887631450839,-4.286975213788737,2.848049972668109,13.187344856944659,2.5829654847487213
9.238479591570718,10.870123956293313,-3.8338967580412895,8.504460570033434,3.05617494677694,3.7023788877639117,-0.5997879753654924,10.3114179913715,4.817222849988949,5.590597639336975,15.045274355634753,3.980527157307339,18.512022704816555,12.639120739841298
-0.025693279187033013,9.137653698081566,6.925037443299718,15.143765760708199,2.5486444072198395,15.77311427710014,3.0487324582578985,13.572372539932644,6.263241790089359,11.143297075879307,8.692913713823229,4.742910482624004,-0.5209507663542023,7.637231056741276
6.614022265210485,-10.9111805917436,-4.4195419628073225,3.25674623303367,0.9943140110376663,5.000934959943745,7.392259032455415,-5.207477547540393,2.994201811454319,3.523001168754523,4.43288012467395,-1.1693204256274603,4.139954321290682,2.588176131324084
-13.421357593731035,-8.579892870660785,-1.1672565167347422,-6.702924993958339,-13.786139860127662,-5.8398756011259625,-8.54342636811273,-0.2261585514791431,-14.560359682038195,-8.427620647166279,-10.831844884404545,-11.945753653701406,-11.414863093926902,-1.4439617430022658
-18.382915334224464,-8.623740460781018,-17.36399302913687,-7.296703869717112,-19.284915547959486,-16.876624187984156,-18.270985564598373,-10.669774272929676,-11.586028033440574,-19.231609491205113,-26.883733844091836,-19.793581153503332,-12.905522592364019,-24.23080068692522
-18.723451693007124,-20.9795856630337,-12.089556440836049,-13.437417883641544,-21.170825272874794,-23.221063008313436,-13.685887076644532,-17.315611299975263,-14.693975503327417,-6.098394467613238,-14.009745581777441,-16.0417479088382,-16.863363256848316,-17.07465701985532
-1.3860349500006297,-2.8375537565377495,4.189842236706513,-1.3029536883726238,-2.0708544547479364,-1.0120583040338738,-0.8255660963635818,-8.90855569553644,-7.662959405389702,1.4622638474212977,-5.854279349071943,0.5239268066543614,-6.89336806278185,7.641805196716149
10.612279719229381,7.253734429034425,16.227801940689403,11.901975655571025,22.064846370926514,11.362488393424437,10.855192046232435,7.52843024106908,11.38951357152172,8.383720955358203,8.469667079365346,13.129443670855895,14.92179535232486,3.004771969669176
17.843385930455877,24.622309087258376,25.08269752723024,16.259439749029518,23.723907816180954,18.972303707492188,13.029819435857119,17.112285466490448,14.347274446180304,19.754343134361086,21.43462358280777,19.377388255605545,12.913888995874828,23.116152594366422
19.88715537360222,10.727730486813114,22.56778606175218,15.788365305172311,14.819118865666079,15.992596822727831,12.66780487798247,11.509485629163313,19.268171872474127,15.33309525135544,4.137030660299191,13.69049743607949,16.181456507772985,17.135295473511647
4.877000628520227,4.565621153683617,1.677491223659839,-3.195160439561012,3.931900718481385,-1.538000647976446,-0.1676702450931158,4.636693257160783,4.722726049388871,8.790385638004384,-6.19806588882508,-1.077972922946592,16.249962530267624,15.536570906433216
1.0941418148657203,-2.7178995113429973,-2.816817314512284,-4.404523732596606,-0.3633348689064366,-4.843380677903636,-13.32675522908318,-2.1602792192914197,-7.7179420148428095,-11.591909845262869,-7.293835459295428,-3.3696995403227716,0.21749784653218285,-4.321425610522643
-17.797498499390993,-5.741954507702037,-9.304641515557497,-9.66793704027882,-12.605150499884944,-12.04825975646375,-6.88420549088179,-14.41947773283038,-10.209960368992396,-15.676449799113893,-1.1482470058796501,-10.911587190300423,-2.776036272133524,-8.282398545954718
-11.055440522317198,-0.8243912841668948,-8.317384882398917,-14.302881543675253,-13.63212652079914,-10.359566889371564,-9.278583368317493,-14.450037275057722,-11.080217782922986,-8.608425769013456,-3.064609552664229,-4.122477104948052,-3.704907313416417,-0.9160549332838688
-0.045446450128973304,-10.441152438680973,-8.835633051644875,-6.649497456678049,-6.589981906190912,-2.002313499679859,-2.5840697948705573,-2.202400652000806,-13.486871428135665,-9.018896612761395,-7.189944539272847,-13.395653302548546,-6.237298431264827,-7.612433478786629
4.042514848410873,-8.5562395723578,-7.795579895292213,1.082491492397411,-9.40125116830055,-3.184091876458767,-5.710014048003982,6.575398859556268,2.0314976746063733,-9.068608542586368,-6.103869487143957,-5.560571739522537,4.2105463025777725,-2.9075967130127864
-6.6350835977621205,-11.154161989179254,-7.682994731423795,-5.638915522415596,-4.363255455362513,-2.279959651138771,-4.24304637182639,2.1061098819925164,-1.0423421646996398,0.22481946456254143,-1.844536351348419,4.075763526799877,-3.8798330687222062,-13.190060438548615
-2.1343856137240844,-6.100719455894287,-1.886732611450595,-9.356464325684136,-4.039551322308664,-4.75597105475188,-0.6649741356452497,-9.11516191135925,0.20598926970078324,-0.4002662573476985,-10.680717634790035,-10.158749717120564,-8.549472821248937,-11.257449473343847
5.2074061673116905,1.8868920235270652,1.0823390864763627,6.1587823562626065,11.427155045912025,-1.199788075825047,-4.459946616940996,2.7096915771867587,12.892906510194784,-6.467674944482129,-1.7711709055380451,-1.6236119827856497,6.47891909237025,-0.7676219767604793
20.345234043904195,11.42660717028601,4.286325060702916,5.057087938993832,8.041155245545443,8.005576246093947,10.744512652649238,7.718755562808305,12.255146550911434,21.826259558353144,4.268691143794177,16.987679675626488,15.866840066347418,9.103300527227027
14.49613442663133,21.621569460128207,9.960961012106598,13.09565996362135,18.639144162194697,15.629162071015573,16.331796340993986,12.947453232913466,20.649596170726067,22.53271037760569,12.32026885340246,19.209444537258864,21.080700739394413,15.265894764142384
21.859166197303956,11.059832758053538,7.505679397208155,10.555417250577607,17.253709311763007,8.285847280721441,13.810175409996889,14.459726091318137,17.331056347426475,13.283293462312717,7.084999209639063,14.935666367596342,6.638403159260463,16.793896753292834
0.09328414741779789,2.8999768154838064,3.9251143157104798,-2.995163048451613,-0.34706623490088007,0.01972219019556465,0.7723832624465017,1.4518392029993672,1.2555114529866291,2.2486549383586563,-5.49640378011203,1.8567631354428036,4.158495275110641,-7.466213377968432
-13.781422502533953,-18.71479928678058,-19.255837326622398,-12.746753325671806,-23.489053516356122,-16.40450239956507,-10.348853122457864,-8.483160994381587,-7.991758432671595,-8.829262855912557,-20.052730170571163,-13.592454386265631,-11.716288145952948,-17.36155346569535
-13.351490212234022,-13.048097955064389,-22.072645008711795,-20.84640761539085,-19.57897577007342,-18.46754902439866,-27.015475436786513,-7.517439601252995,-20.374816687678802,-17.80652944735161,-24.164071377170238,-22.48203168189415,-23.288455445374318,-18.67116614249004
-22.479760155168375,-9.019901670698944,-12.283797265711076,-1.2377460823176047,-7.875599543056656,-14.346741545619304,-6.679980919420815,-3.2978914610799297,-13.136811566666081,-12.550030044614267,-8.24322502537197,-18.731590006309652,-15.453434210421646,-13.075514775825187
3.137624837365445,-4.54347852492475,-3.422073981642659,13.737508821228872,2.3389105958544696,-1.4094076579713541,-1.7505162196122375,5.166377495103235,-0.887367230811503,6.177992328162638,-1.990456838734974,-14.329321965191884,-3.478027179827649,5.812106719633013
9.7050586822526,5.72408660596413,13.096280318127064,4.536743156548666,12.831180758775808,13.991342421166927,9.040802387551452,3.821766347590703,12.90249830581922,11.461139271263697,2.7103491700780538,2.0832414096580063,9.359975594256499,6.3232191072471835
8.528551532289413,16.37973375544469,10.989103324994925,10.621771662764703,7.362678934634459,13.16941680735518,-0.7797639676035892,10.861666830225131,14.101492406825175,13.683413168000909,16.450313658831377,14.078400262835817,7.996791384852397,9.845293583020919
9.126897280080856,6.290091238945299,9.164226019767224,7.206548971901999,13.116413494402702,11.618279418952397,11.180410125662762,11.72074951657913,3.3654600451970573,10.351584850712387,4.369192450081519,12.923859054963398,14.918832653461033,-6.188452453428738
-1.1584175541270572,8.305889121584164,-1.1769978098988414,7.310325968682267,5.365314219974673,4.361050831864526,6.02470759741549,9.750167187429609,7.110402867595404,-4.984743574008391,6.358699648366741,6.587898965138607,8.975053108316017,-2.1105531097437265
0.8368635680054022,-8.861365307154653,-0.7921373808805945,-4.943399367459107,-2.1594826180839877,1.2114987774154975,3.8310813420200835,2.4789226596505993,-3.635995367584426,-5.953213230193118,-2.2645613046634523,-4.022304296374281,-3.567541007222492,-3.29211147440569
8.094489251009826,8.525961064185573,-4.946370043842776,4.732321803186809,5.190079816508219,3.1195985515124356,5.50804992985658,2.405226316875421,10.287769606516374,3.8714821757708946,13.038295133155042,-1.0810484337081852,-1.0167447856661567,-0.5147083708179726
-5.20628137000146,1.6344151499601254,-3.5755465468373084,-0.767405152900706,1.2581057189840619,8.971679088777607,3.415157859799903,-5.3624502951447575,1.4539346615388826,-0.12826616562277326,-8.959740546624728,-3.75047146756373,3.953357327112176,9.066603950642058
-1.6583063814474248,-5.572687654151466,-1.7807235713123548,-6.06072388053439,-5.060559586445418,-3.9736722928502504,-14.584102235985046,-3.319703393138149,0.18827031893907353,-7.0359451600969685,-3.65765844361695,5.977197342519886,0.9443952706726977,-2.165733642213823
-19.69069946970568,-9.078949463920841,-9.393868123041582,-7.39249472010359,-14.294287249056469,-7.305558199868456,-8.30556444655547,-5.792879932767017,-9.0987528936876,-13.93376821798677,-5.194884746807108,-15.745617342189604,-14.03372627167729,-4.974093404265719
-15.265758608281295,-15.086176529708203,-13.621646558645649,-11.497270130962491,-9.646480264760513,-12.973471185628297,-22.192913582239782,-19.21769033681715,-9.262293514607943,-20.61892958575257,-16.176842518952647,-19.823354100204046,-16.10852849821291,-10.834422165842007
-6.230450481755806,-10.302762989102836,-4.309566335742415,-12.551007593431198,-3.3366710117924825,-7.022331111211901,-7.236102702719055,-8.286069563342796,-10.353581971579807,-14.931197035625683,0.2656583001190951,-5.278315475815612,-12.340604639738611,0.8404560861219368
9.625979741441014,1.9581411316163377,13.00452266392077,8.941844915975402,-0.901998218693894,4.151883152032675,-1.3157141734721858,-2.3363891104630348,3.1110602921174393,6.035524643852401,7.355066985611945,7.943123421247092,-3.3379553161757265,2.4019506490996427
15.478032435225437,13.798544226116064,23.06462634215972,9.073275237050618,24.905909995472758,20.168035420071604,15.063553253945516,18.70906888775003,20.584597164764535,17.54438793482427,12.726595399116288,13.978511664038546,15.861956838936068,13.27307043474546
13.61894357783435,25.048424969357413,21.27860026137479,20.683970283729515,15.400241428183916,17.01602508850204,14.8455576151859,16.354942053394073,15.462489262362057,22.959286810237042,13.955821120839465,22.44057336875492,19.38269358555473,12.205174086186837
8.735252507029086,21.486792295383662,14.598447673526508,5.798309302893765,8.126368752421765,15.469776254038393,12.694706480792654,1.8190203864221388,17.983047696411276,17.18748440494939,10.603214804664665,15.61186894115783,5.6963755833877645,12.119336129379928
8.974364372558377,-5.253480388832809,1.98856331765068,-7.56517304952676,3.878736448225272,-9.097293954442772,0.5733434379620661,-0.1041301795876226,0.9948864765925425,10.212089898547472,-5.273245875018619,1.0287003657348155,-2.537410818874032,-16.911249105493056
-10.621322322499932,-16.580826941702533,-8.569476700129812,-19.207361653991402,-14.688328808966185,-15.507606617283681,-19.18869686562362,-23.952441163651926,-16.98063361172246,-17.01183743970085,-10.194480449126456,-17.77317463495757,-11.082824787462476,-16.99096638618208
-17.36014631624387,-17.107076383959257,-13.573418343596757,-14.983069689694862,-14.122865284279957,-17.653628053539755,-7.940939547633544,-4.981027807426965,-17.031391136247557,-17.177704647750474,-17.03558659448784,-17.34705771026391,-14.342202736432839,-10.199056383907175
-11.507913536325667,-1.777636006603549,-5.421084887101962,-13.152640590238532,-6.285907664039621,-17.023619539951273,-6.981135608579772,-16.768693085206948,-10.420594211093073,-2.5600471168485326,-9.043024048707226,-16.090361662168263,-8.528978947345815,-6.702249301567766
4.2834622413593335,1.1470410733816587,5.9367260056889535,-7.285407417976584,1.825890876144944,-0.6037674582776702,-0.556718904233145,-0.9280528373794006,-12.345089624753358,-6.6176500344127085,-2.114873903784522,-5.707008864170543,-2.2619320231680575,-2.2174413995390942
-1.8544002812628149,6.8266787107743365,1.2043235933991188,9.608744400522111,6.700134930630339,5.2351229971100475,5.984862933158855,11.897953883010361,2.73199750372528,6.044699218591171,8.901313957204064,10.198439007728659,1.690184529941698,1.5074338229310533
0.44954247583433027,9.72422065786805,4.431791184722166,-1.4637424122437617,0.4572823289977821,10.519939500963119,4.650113505143973,-0.9890196051657432,0.27312856194524304,15.171530178170826,1.2232816375507527,6.652425837645584,-6.355532082333931,2.9691930414995507
4.7494453943613,9.12887322906176,-4.435613716555982,2.3713217407327956,1.5323719925562782,12.412385507466816,3.4937585932985225,2.845403672468412,5.315664488634177,5.286043838102177,0.8668811111306756,8.392936769989987,-9.728094381028061,3.6884177436709087
6.539274856697531,-1.1560349494808992,10.28405276373052,8.950243604206586,6.028096852382678,6.11138720221002,-0.3009653241051353,7.176333217301013,7.244841603181319,7.862235417428714,5.863343967659837,8.125732920219484,-4.941232249754642,2.4848407221338755
9.239855405155078,11.540536522587809,4.164765768067813,3.2755881208373436,8.935237613367676,2.2361855526126595,11.855863731756394,15.24240620003325,9.461381922363174,6.375075529073605,4.517348879260642,14.04146369515824,3.3634954823495944,8.754364596369197
1.1092509330528868,8.766870573378517,9.892735961337522,8.552960328969826,7.971202448011892,13.939400787302962,6.216121190647115,18.316053134039983,7.957486865963044,14.507402312537097,10.97725320910213,7.65242916231391,19.817099986882216,8.090780684417767
-1.391201344536186,7.7745508868645485,-4.091757355469207,-1.3332076304785359,-5.0644403383638785,8.530830840610292,5.133994786484058,6.82499673612244,7.30629401080566,0.8384615989926638,-1.4053151983033594,1.0574262699192578,4.216928846971971,-2.179014596247871
-6.282150663434873,-6.015548999078951,-2.2097204451128905,-18.20480145045593,-13.88715544217532,-14.72392638023533,-2.5929251342868405,-1.948100771687038,-7.626366996177935,-11.215883813232129,-0.4654869805179995,-7.768504289189088,-13.455995813395951,-8.339350760099082
-16.43243218483314,-23.772122517136452,-12.905519864258274,-13.625436934907256,-10.347184778320646,-13.637083901470406,-17.005822352625678,-10.884078601511014,-13.769949706955579,-12.916512726181333,-13.392791871637494,-12.827209785832682,-16.48726294604998,-17.709251388408397
-15.542471162353444,-9.310369589433881,-18.007677347406986,-13.011195418718891,-18.841951940975022,-20.517964897892746,-15.984531012237843,-20.019234691102206,-8.603655738289477,-20.434706698059507,-4.453449292281448,-8.897252549949618,-20.7324585019919,-13.101053882075327
-10.309170424980874,2.1642127105933753,-8.776000887718855,-5.953893339845521,-3.9882197978429508,-13.78091561695376,-4.004730626057532,-6.7916167273195835,-15.227890761410263,-6.176747831872977,6.198512229761398,1.2177203870004796,-6.298817237804283,-6.617433090580242
8.488750454542306,6.783987114280708,8.42307157561247,5.248141602808788,13.649930489847359,-0.8067842182498381,6.823008861308378,4.742699442828882,4.556638418247422,10.58191602116594,10.60530523436506,14.767347430061552,14.179491938999902,3.9831887944358533
14.722159070821453,20.76109941510947,13.280303642899764,17.565028444665952,16.520503210626877,16.99659635655556,20.797649328135407,20.442609748276855,18.633078869555174,12.255103276126473,17.305392046678218,16.559776256642202,21.761267974842443,17.00775397916479
16.328717848784905,19.453392274578217,10.76007793233969,10.205240336359028,15.524217040254097,16.214553578129536,18.19821638134823,12.284716489879237,18.53556393749355,19.277561433321154,24.19491619510522,15.731202964592544,9.902977283395323,25.37881797831039
15.688713213119506,-1.4170361969977874,1.7608790297201509,7.55145569114947,1.3487431355408397,2.489716538301697,14.786365564139277,6.5130527659104995,12.65597031452204,5.12935874360716,-0.27445739832245053,-1.2516466423192538,8.366972052471397,8.87679469745968
-2.2766585042799434,-5.971451395280445,-5.246327391219147,-2.0276563970103676,-8.668691836875146,-6.013398104217334,-0.593132681150093,-3.250771880532495,8.971875448670353,-7.98202097442085,3.0031660788090795,-3.758789395574423,-2.4305657466431567,0.5800859806057153
-1.1236410248348738,-7.182596454411723,-6.7747174650933095,-6.153907427359326,-6.034316227062315,-8.220851959618807,-3.2783105904696512,-7.810325751019459,-5.185220336781844,-2.1727980341643036,-1.742292200641332,-10.144394862204399,-1.2001267434170133,-3.2808235794545215
-7.940713110707729,-2.5389422460693867,-5.122723506191653,-14.851990448911511,-19.9341851575657,-19.99095093071781,-8.83433808940691,-2.0665660051241117,-9.378245313575006,-6.5429737051435355,2.7791172251027483,-6.185944982255412,-13.251272266001621,-12.188757151499317
-6.138003704844992,-2.278525325440942,-10.932882996859625,-5.4208848533567195,0.3976893643599695,-7.326351399498159,-3.2575918471545435,-14.328137999011638,-7.129389657219221,-5.615204594586588,-10.287395146777063,-4.213574043881497,2.5195957501593824,3.3096573228698274
2.0972792015956907,0.0009827477736994439,-5.663529725625253,-0.8648584430944402,1.8795719581997883,-12.45882540148169,-1.7233529044452842,-5.010045832621472,-6.351873306453937,3.2521736928171654,-5.690401732366222,-4.454305948193705,-8.790083769401889,4.051650030012948
-1.0136201485187577,1.4807545570279466,-7.728990987203243,-8.901658697500068,-8.445746683513105,-4.852810010194995,4.87668979182828,-6.543354531243165,-0.38567893299408684,-9.436012247249023,-6.994450130019228,-10.859015609686082,-6.449670210399393,-9.354236669854313
-8.176814642409695,4.143023278545722,-2.304504104633213,1.4393900536408086,-3.522923679074893,0.4467214598006617,-10.586154646840875,2.3982281393711675,3.5313056457064107,-1.8455107521967502,-3.2568293534930506,-9.024530394187137,-15.281692908230323,-0.34572758576321583
0.6537296654978615,3.253820215528848,-2.4252194267356266,3.1613180080263446,12.032936488184511,-5.499456502557817,-4.512320162353798,11.890678954902931,-0.4584946309874125,1.3461124184058406,1.9006533695057424,6.006889915284399,-5.889704833760374,2.955468419307893
-1.0223100883270781,6.899489169869169,7.706221227360051,-2.3139224705073858,15.990026708194154,13.852298002615427,6.6362565322025,11.485354820903096,5.5426892068880775,9.609815943441552,8.768718204960457,8.957379143924173,13.472993004779703,6.327697968220976
8.685044015989998,20.00284829942463,22.80680070491851,20.656171366927932,21.08559965404723,18.526349333703912,14.875484293783181,21.52700039693777,15.96137044711708,15.976247334946041,12.61902845188171,12.393985745657972,27.542510360212102,16.074053989016505
12.195211588912166,15.852501026234094,12.097506627247055,9.293688684596678,11.218893323521232,13.850171748792679,11.074641415700823,18.421595915233066,2.3130334098620757,16.74960345445516,15.395232714133986,8.821103132400106,14.249552640895523,6.344536519603621
2.9650512281076224,-3.72580901497633,3.963999797614379,-2.2609690665172657,-9.07529739610803,0.8057370393918502,6.886277921577149,-6.315553156620997,0.5838486791664073,8.589036928261644,1.8929262790357506,-3.774277300874465,-2.1771752809487435,-0.6665418098441998
-17.55047839072118,-7.207365511713192,-11.409495103687796,-10.853200025685267,-9.909259762528947,-21.686494906410974,-1.0398574279714943,-7.036490269523017,-10.185350014280758,-2.2369587436255784,-10.117542021820034,-10.67079445626917,-11.97437779092639,-19.519849929233843
-26.160995646021547,-17.158609095377695,-21.090746347233306,-25.416260525173758,-12.674959073208434,-25.488500804460596,-16.67162593621682,-18.818215341064082,-18.21203629662455,-20.843261993066815,-16.12433782374631,-22.303994198815353,-21.196490619793735,-26.549546402320154
-25.600818768979877,-22.42234895032427,-10.798250823123965,-14.540548061456569,-8.25129876788303,-11.071749530070996,-16.067929993767077,-20.351357214234607,-22.37248414956607,-24.007022681211087,-15.228137142698683,-22.32214468352384,-25.294478693155135,-16.039233763223034
7.4920832936227715,-10.58243466685691,-5.266287837636149,-3.843836628516045,-0.4164704496217633,1.5180439215587822,-5.87672254352535,-4.362909953700304,2.8845221520519266,-6.573868843182336,-4.384195542472086,-1.5692743169697088,-3.75348516708326,-5.594359324715386
13.608575403472342,9.807956741394545,7.215326328339191,4.8043606447017435,17.380412263930424,3.1844436565824337,-3.4139817639148404,6.431707325904059,6.573057542355169,15.891970467299302,4.633591040644173,9.611118976835607,11.64876622477232,13.641543724493085
24.425160533117996,16.740072565658064,14.360142821764887,20.130580924221917,12.629438025491265,0.31489312027667005,16.260246655575354,17.30178113846617,9.341414724365563,8.15273081568849,12.947681074576236,13.888397385576273,12.038454662856934,23.605684987464343
18.7139664069564,2.5240811263677694,6.275508466860527,18.763810843731434,7.312746352152087,12.341551902187495,16.109498034092574,11.767107483444224,12.994735430212678,13.364660848597842,13.08990960939036,9.901625695019101,10.328048423120622,4.59836925418389
1.7344856700530782,6.649392807612987,6.280638531860255,3.6495791249832257,-4.625914313384981,-2.7092634872787054,-2.2824533075718625,14.888194302934952,3.3911506339550397,4.64856682049216,2.226792393082157,-0.9464461502724095,-1.247910825289595,1.1454470984392282
0.0004960043229515487,-3.358310162333232,3.6031396646627147,-3.448350843808327,-0.04971387191335552,-6.525202484076669,-7.835545712087943,-0.7492829665246112,-0.5879272746556382,0.6720060134099273,0.9437968504251597,2.420598974201199,-5.958321185946789,-1.410133542006526
1.5865198353707948,-5.892544850860888,-3.9861504657823463,0.5461949973963376,3.3380250837159586,0.01809042981585931,5.169534548174749,-1.3504393113266318,-8.90929164996932,4.151085537554261,1.9707396557181107,7.386942651865172,-5.412680129126707,-0.4731780673635293
1.2125405952552433,2.625874283186786,1.2958422441784598,0.013699132018185706,5.702176051192239,1.8944034130611014,6.10443671622123,-5.989375685627779,-4.261009379936946,3.2563698695222567,-3.7890786103921084,3.3865309110202837,-7.259750721242946,11.282269888220302
-8.196418759022642,2.626437171191121,-6.44814575373923,-0.7017362844325605,-8.145628122466347,-7.3737663894889796,4.857586122355462,-2.4998652439766835,-4.093931859040026,-0.8968335249874726,-1.781002751166267,-5.1988732251820995,-9.48430845562881,-8.231894734141841
-12.01295762514725,-18.59540690077073,-18.13195531319925,-20.757614097051075,-8.996116165531287,-13.806001954754196,-4.3496975202757415,-2.9245084990318597,-10.867499066592227,-13.97061007417298,-10.598884907534924,-12.880256694787109,-12.04605977520638,-12.288307970513188
-16.082137794134283,-9.457883079657794,-16.03519199232271,-7.182833122024839,-14.328805693034916,-13.779047746570741,-11.376170770600373,-16.9975121637401,-7.989637131727051,-6.36850707490491,-14.155354847625029,-15.772669983214694,-20.35386906966313,-17.612767570146413
-14.830582672121489,-7.191520818715167,-8.138436884881415,-12.616148420930612,-14.386889287391037,-7.752691932059367,-5.167371256156114,-12.506061377463226,-3.700448171141119,0.45010731063725373,-6.361233594281547,-8.11737529444552,-18.13459865569481,-9.077193079144607
6.8423176456366095,3.6381205000108485,4.434910197600114,-9.54943402418087,5.373425581471639,5.242424981818331,3.950170468888768,-0.5643118072952871,-2.450012460134453,0.5958490217819943,8.147106105355235,-2.2669738335333647,-2.9450697590125903,3.6199606258824417
17.376039624232156,7.794601488329985,20.21154483383514,5.4947891607162145,12.115208438859966,17.8277477513056,17.859094985280908,21.935644694719667,14.675260827617619,13.866504080330108,7.346754043963602,14.819173461874657,18.24447452997023,15.019486704593737
15.380333437606502,27.71974737063583,19.342563334719546,24.47449639459453,27.21055869330646,23.955068628394457,26.525418851510878,16.093791416590168,23.964210282750425,21.44400969112581,16.485638691146313,11.466250836852819,23.483579249803423,14.299283705223715
23.027147844787784,20.516908678488697,23.5660209186092,24.503444269219358,14.344576085837257,12.006163839987531,13.540902876898627,12.72047065546925,18.418353822076106,14.82612275791254,10.108164918905683,10.929497272136741,17.66601648111991,4.8801958766750655
1.783199779679085,-4.577871132378194,1.1933897371825766,-3.2915331756965083,0.1217783052649386,-2.286582969826381,-8.906012980150248,-0.675963823421622,-2.975986736850148,-1.556342870335478,-4.468622994765443,0.2619662800180902,-5.2309907212522635,5.390217196576258
-18.099078097984464,-17.493213799781053,-13.2585584224601,-11.005087033317757,-15.548386123310504,-13.26068357784952,-4.237420128130124,-13.66525737660078,-7.580666658177566,-20.709411519608995,-12.161394348839552,-13.752633513832713,-18.356285024360194,-12.658110853536016
-19.242621812933773,-18.216197896993126,-15.535593354066949,-18.879379222177967,-15.611679965453861,-9.231022074261286,-14.981442880738976,-13.888722939172455,-12.160595209260986,-16.644438177980028,-18.544226474126745,-19.825430888953907,-3.8412578000573205,-14.551556326405127
-1.0925690539611104,-11.0426392097937,-14.520105644310599,-14.957032091073017,-2.349176780579411,-4.960992812709804,-8.650217598793544,-6.2869263085911165,-6.328003421117162,-8.614707795923628,-24.96511432632434,-8.101867742495285,-8.933932144944835,-10.008616549347408
-3.41068805249824,-1.2887480825182858,-0.2942483776881335,-13.90175885944556,2.9074941406647117,-3.018310988673102,-7.781138610709463,2.3996192064750455,-1.7228320235801424,2.0716674340612666,-0.07633387735360375,-9.028112260461118,-9.139752856217761,-4.8558494386207
6.0741152612699185,5.627673565562947,5.885506891390296,1.91190280418585,5.39563195310167,-2.7079463117557996,-0.44089124944198677,-3.6600528446097185,-1.097527712633819,8.158233144582558,2.3350770956799325,-0.20608462816230766,-9.35872006013055,2.0976662890094366
3.0051247532924363,7.91002798898726,0.7385341613475633,3.8593287367188918,9.103991872739938,5.155310531885471,9.045495743742768,7.983244206886198,-1.380203777840598,-1.1172359879495017,-1.3183217052620897,9.352452344360877,14.316006437950952,2.3076657733504278
2.7322406856062376,-3.5999087213110306,2.3832573921293063,-2.5476632666148724,5.452428083267825,11.249477665848476,-8.763466584569251,2.427287828602646,-1.8699046367947307,10.758690404293061,10.549040051094993,12.602174992522038,-2.934139044510985,-0.45232117391374427
-4.055406572266019,7.594434498976773,6.928026619179221,-2.3011285977821423,-0.8799018215084988,7.006188333003369,4.763665930810776,5.440362781707386,5.95268948035022,9.514559523353025,2.9677389491224537,-0.3371479277396663,-3.5390886439686486,-3.695580521691678
7.798435081863819,5.365161069105405,4.664853789339871,7.505288375502112,22.162452389483715,8.08442668062849,9.561513448997577,4.671847089054124,15.263527508210869,8.903767546282824,10.58332640900001,4.985474731324176,7.305764491558704,11.96904502894224
13.014192695180487,8.51047370150742,7.866050634057627,-0.7927348090964212,13.911101962884715,8.064935367618318,12.860645138421347,13.05769243324278,10.414556196279724,8.388832775315057,6.8691197203254095,14.223363414811999,11.84109571599338,18.688180253489392
0.6810389589792862,9.00109108465175,5.493106868139339,2.709319783395297,5.145270702183549,6.246210214366709,0.8653558814372864,-1.689087332637655,10.971208521935573,1.2729221157924884,6.86767137321927,4.364756179555501,-3.1627817424774705,4.227837688080837
-9.040473612831281,-14.170554367078356,-9.282259001785588,-8.747036731394552,-1.7321181713485192,-5.72374788393874,-4.838275603054227,-5.550064781686643,-2.813194438918233,-10.710331669531431,0.7812810789553986,-2.40384660148539,-13.920654521870203,-5.4903758848963875
-21.09450012598287,-14.526859159167778,-12.75952647060073,-6.179570558099067,-16.47524428759694,-21.426475473877264,-17.522205304424382,-16.130351283566338,-11.293969122022311,-14.326793845406925,-14.77596308192087,-16.85941956824897,-21.796456416551344,-15.953677810571305
-18.59700682866117,-28.438462987973207,-18.476148382381137,-22.060968401568413,-15.5867975915199,-17.082888858146404,-25.68764080700086,-12.869720379731879,-13.107048891812248,-25.152275642750304,-18.651149513134442,-17.580624047831535,-7.100886567643432,-9.656644522190467
-7.161379667351925,-6.797483257331965,-3.1651470323778925,-2.1024943586210156,-11.209085290471041,-12.03420836327127,-6.484817099108562,-15.584551095378202,-11.830615672166063,-7.186280396858457,-6.340951354554795,-9.027056691255442,-12.214315928827908,-18.81755339529723
1.1392313767315487,3.3360685403643,-2.1105838944055026,6.8132464491661695,8.126256570451824,12.679671553769651,4.01425997972802,-3.3143957126363848,-0.9436086438425519,15.203647930803681,1.9183048267367084,6.100585751287465,9.122917211410005,15.681461654081012
10.382042923323285,10.620480512023645,17.58623309213556,22.756079752677586,19.898229116839147,13.553981695752698,21.87879726987899,19.600328865002965,6.346583385003685,23.75960122451224,22.797308843146944,15.87361875752496,12.956976494294095,16.046188916638993
20.49234294200722,20.734036541323192,28.04966422699241,21.67567893815767,8.293837233142524,12.137295003910197,19.502305896500296,17.676222655154646,16.48588941489764,8.377359098388196,15.540377458761377,19.71225684483623,21.563855315811203,23.346309055982957
1.756995654884923,12.22900160824869,12.210678263074412,18.437470909092035,16.780568046197583,5.107335081311055,12.932240807829686,6.365722305803927,9.197218485287292,9.216484761624459,5.525839452312576,10.781070951474806,6.762931459911113,5.140951387094008
-3.888648030926918,-5.455662682191029,-4.640544632661696,2.178057839271795,1.5811400857069144,-4.682584640514171,-14.294316491964901,-2.866046072312387,-0.25711487628030527,-1.1208882619397107,-2.830981069692887,-5.270010473230311,-9.997512222202207,-0.14193421295913344
-7.443260803761758,-17.083665876468803,-13.278925172428355,-10.898493491861245,-5.022904810041451,-15.184686358876617,-3.966269173168124,-16.727963788523844,-6.563945971503616,-7.970744054695961,-9.529300832791217,-9.275997995146772,-7.982771909805437,-17.096250879915264
-11.789765192140814,-9.86754116381439,-6.078880778153517,-0.9676978298083121,-11.626513666705172,-8.535986474922646,-0.9415085957296183,-13.355764259187175,-12.323453342909083,-7.425358396931782,-13.855424868090118,-4.243682309539427,-5.61642269372145,-2.050830061143329
4.361445821180468,-4.009216871723727,-4.90956082253646,-14.589282686684225,-1.6702859949096398,-8.70875226200501,5.545852696556353,-2.230493925295799,4.403668314766365,-13.439709455257606,-5.340583409893379,-4.282652457014041,1.5882392078807452,-1.4744500479675966
-3.9555475381834246,-1.00426148595092,-9.913146738195294,5.083347348915596,-5.052654135387483,-17.66115152149904,-10.773980417897864,-0.808648641173801,-10.074983688352951,-3.8105100326413455,8.640961626133109,-5.125135688434524,-8.798529632300848,-10.020039149625873
-2.170278140798796,-4.032469924052215,6.88304440747288,-0.786692953820558,-5.472627208014547,3.9011023414011436,-3.3133197709025577,-7.556029050184003,0.5000630387993059,-2.8700128577459174,-8.395175146478444,6.995391182552929,-0.0892100319139626,-2.1410095254417976
-3.5544382021490373,-9.950950784309704,-9.294575612360287,-0.3825636717013827,-8.01071904502469,-5.5078438128199005,-0.6195988444441838,-10.02436176265175,-7.408148609037495,-6.656275707486879,-6.82911951951343,-0.3546920813378929,-5.749018466686576,-16.470694396094892
2.8308220571753577,6.594840508226791,2.6849781130776456,-0.7671305614529231,-3.7532476774156125,-6.903466768508191,-1.790310025246347,1.9549165573670526,3.0052280145755215,-0.7305157396996299,-3.44883649048157,-2.6910468330103416,0.1430207594292346,-4.75349990152602
10.617119844213121,1.1574210492858343,9.21169368920254,4.073993930373765,7.980558050579514,8.945341307382337,8.325772313029551,4.11732037607379,12.161219656324377,8.560335263913279,6.868717974215057,9.277865037945018,11.707994812981608,-2.5699455454850977
15.578653680280485,24.708418426735854,18.71632532251897,21.969136752048566,12.359087869102511,11.373360030860145,12.771119189104468,16.39362742181289,2.7852421589668417,12.088506778282472,8.882195560091867,12.24418514639413,14.15738709741906,12.477012792429141
15.049072424604182,10.288431306470871,12.628015454008356,5.192370850592836,17.343457735282875,10.455379970138704,18.289804070973894,14.378459010749514,12.503223615467395,14.685114881359516,13.423617531811454,18.025793807616665,18.697593394508274,15.536246493190198
2.585410258294691,4.413088459605925,2.184950904936063,-0.38909543331493035,14.649707741927354,2.6041929421928605,2.2081685753747626,-1.0924766070083316,14.453928800093792,6.5275690942141935,8.52523565292529,-1.2916702509338447,7.09462506718725,7.177198302514835
-7.549282285103409,-16.781267336784076,-7.214319953009586,-13.374839608317306,-14.295459936845674,-14.841942118680873,-13.591428099079746,-10.872692401476009,-15.688734956119994,-9.915127951246717,-16.000950263435865,-11.32789264270955,-11.852697391382524,-4.7364914906044655
-20.594206593932988,-13.256294296722704,-18.202846173602435,-13.593252756107344,-18.85350831952269,-21.877769370103866,-9.835639119448956,-27.958516007704606,-28.666807608896967,-21.075214360299043,-16.461682197873127,-21.049067615687356,-18.371308514674045,-19.631425943834756
-24.188241098708826,-19.537652349930507,-15.706449403971472,-18.13064057081582,-24.62077082733953,-15.511955887057946,-19.252045734974818,-22.62333537709643,-20.507261656368875,-6.3714425617726,-18.9101238766986,-27.09909455540416,-21.981442315888387,-20.945145853162153
-5.575362808436586,-7.008979197752472,-4.750333136347512,6.780815892994767,-4.9132459493754865,-7.347234689113114,-7.120260908454231,-5.460109045036462,-7.7047351998123865,5.213034261922326,-5.7031262596261465,4.77241244685942,-8.913063847105477,-4.509816121762107
4.480153857098539,3.3384282366064255,8.365630601270288,4.901615325418698,10.64212264348501,3.758500552681588,15.68858887850326,13.041790154491297,15.330119281831198,11.362246122085542,4.1620884669126195,13.902060178241555,15.491906777468872,11.243858525430205
3.2707552856553956,3.9003221945382993,14.710281394191478,15.1101314977403,9.720665267884222,16.417642457826187,22.13384565435745,8.44661569478437,18.3325762927685,8.378851587163648,15.569981122991233,7.983011458648275,9.297952246271052,16.589792028982135
14.067678472961374,11.934377318046025,12.385235374763589,12.186724630775714,4.302790141073281,6.654312162889191,16.198761545540748,5.239958152259895,6.475237123150389,5.459588189905009,7.330036357850643,11.459794347261854,6.68604062147413,13.04346892249902
0.8076946280392177,4.195008590629353,4.358705745752528,0.9000787413071549,11.097511872765375,7.630140529991154,1.1831667729549968,9.672882215882366,4.334505909781929,14.890512374800295,3.2914093487556824,6.7189375099820285,7.169417400615295,0.8422687858900781
-0.13108723334313088,0.7899074648661744,3.2708222935383153,0.532660050615067,1.6474823663996978,6.538536741444518,-2.7369372147215945,3.834832040527672,0.31840928851437167,4.406045497498832,0.23429202901920182,-2.660511480071011,-3.9612642391560264,0.8299354307236474
0.8125451722202524,-2.0904476431799566,0.6565442783785442,-1.2133102301849312,-2.189868234037476,-1.5365770262598135,1.183556239933946,-5.622298038975777,1.6164453589999828,3.208967229049422,-2.5736767721646787,6.970884354485196,-0.764755995808543,-2.4032764523152004
1.843643355802187,-2.8341707339979276,-8.74772636304144,6.700061618135412,-3.263458675465413,2.218728606615502,3.9264024642123454,-8.128626307562644,-0.8358786684002001,-10.640957322099986,-2.296401661924702,-2.4446417030616816,-1.9335533415551613,4.499127246367888
-7.147758327458097,-6.084658382692952,-5.119340018646511,-3.1087105002142192,-6.697096433711802,-6.033414641248557,-2.9390388240651606,-1.418664636990106,-2.6808775915282452,-5.097059348871095,3.7527816945019783,4.862189874022704,-1.2402831657951698,-1.3981786690183218
-12.434965239045066,-9.597114337459498,-23.656160223694414,-15.330412788397904,-9.948912147723284,-9.376203650820985,-9.075306616390769,-13.943221834734661,-16.2284502812182,-3.2728504649817944,-7.611549167292885,-7.7773845673284825,-8.84912017548806,-6.876280938448563
-7.989595272387184,-15.263819636262468,-8.426707136746366,-19.238541167606922,-19.494605309337544,-6.380840697879085,-11.525912618642135,-14.629082651323486,-17.994168286764236,-11.857232308207255,-7.699298274561927,-2.0779264381489853,-25.220706547162685,-10.38961841372095
-14.1032932117802,-12.691042386915285,-4.4439937068968876,-14.005631497386474,-13.171213940177353,-14.620885115555838,-10.581436002912,-14.355060922969841,-6.404305034062903,-1.8646002125604237,-16.229043917711984,-9.854132762815953,-8.799012098335773,-9.300195162445728
12.459539522335724,0.9018158694832021,4.060500394639467,2.1150298745720435,-2.8039009117295657,10.166317780323183,-0.6312862657497109,2.248967597074384,4.666867306961795,-2.832183999566354,3.2825488446778124,2.8637758432094573,-1.9743572650729444,-2.245832549279592
2.533804113611909,15.78400730378563,15.689166952041084,22.09515750557876,7.228747248732004,15.087001641824823,10.03633770847877,15.05428763373023,10.37893054679445,12.84529629181896,20.264978898801697,9.519014698897518,17.18600091553261,13.660656986498369
22.210860979700755,15.341086535714226,9.822902987781248,15.004404769355173,24.0251269535226,27.335017752256064,16.17968399929287,22.492708609106568,19.550351850893982,18.849490268811177,15.865867874810558,16.249484250494383,21.281842444615346,18.66234054493256
10.710020433774467,15.93563895169773,17.74958039669793,12.472916841116113,20.15670808530716,10.668564004814197,12.80229126054967,12.879259917351717,13.476980210911718,14.68054121511311,14.531006629552452,13.381058430928885,9.22382901710802,13.066310049766573
3.84719135225043,-2.6575601446191763,3.837602656505992,-1.3173285165376567,3.6229396739518283,-0.5652745681658125,-1.6780484300389367,5.6072817290475605,-0.7237585890726066,5.608670781674495,4.354115082169466,2.595066496456151,2.785037572130423,-9.3654942597332
-15.261374782091188,-11.49290848361122,-21.824683891624325,-4.001309537316841,-24.65871159526047,-12.305363049610502,-9.227463882657133,-8.933624055379784,-12.122488205765682,-3.9391273871671277,-13.135489224673472,-4.538173351650818,-19.010626977417985,-16.903692216225895
-11.067431613879663,-12.55087481026518,-15.633554136993332,-12.173161589565641,-23.219553685503197,-19.997605033761687,-18.654636804811044,-17.89336381131694,-19.75364822116354,-27.068347234352483,-15.938218545280616,-20.07142356311107,-13.420628106799645,-19.5806246098744
-4.683169083484238,-9.108545574775768,-12.400813083940779,-16.678830413828116,-6.944164473642318,-13.608211715688913,-7.734771547524435,-13.038169940252487,-12.420645111050728,-5.6653956889238435,-19.328652263556947,-8.370342085503456,-12.835770838978899,-8.701990197396142
-3.672454850291919,5.331995115737336,-5.015563391951188,-12.032751280008,-1.705875426993777,9.673337908851735,-4.918681684276573,-2.7337578009356207,-2.563041431272321,3.102509714469452,0.10859524506381879,-5.378280562999478,-7.728608911307555,-7.310886698216044
-1.3348551971708251,-2.6945601018087975,-5.5705118592075245,1.3908637623603504,-6.210066288957238,-2.3525895668435015,-0.5896070481697744,-2.248957912647827,-4.8549200952088345,14.161566877788278,-9.598998946091045,3.0102243135960043,6.3579312783386435,-0.32027922768649075
4.522947668793638,4.664913470613041,6.7248448066460105,-4.908979444194022,4.265374944629045,-3.1961066168932346,0.7008073681676805,-6.051944191293407,13.003545380952124,-2.0855338974799125,9.018754775941845,5.203951866651716,-4.6488946790632095,5.119883142488923
8.315424933752421,-1.3862280287528046,5.897197034636497,17.1573449375905,9.76823244341243,21.809960363130365,12.350649265486467,13.04749415569837,-7.518922311324242,5.614348162513387,7.531385244962072,-2.6649255977516697,11.853927586370805,4.27550025298104
7.436398661706043,4.6730231963762865,3.1877603981215934,1.4359726167943756,-4.820146682200839,8.854375704110915,6.061201503584421,12.417826395299326,0.2911863775296566,10.349427091907737,7.7269733783273615,-0.21516080155013118,2.8268455124512712,1.7421929385114394
7.140732872192898,13.092683681602459,14.614626660573542,1.8329890191938842,-1.307751102382877,9.189433008416533,1.3288616039414993,2.845472056673234,14.289569444335573,11.036176259697559,10.766220475638146,5.579273067564295,4.752297391368341,14.202038743275638
13.513724745524868,12.941287506835785,14.100773517054467,13.378344714111307,8.493972769592993,6.599961109371868,3.230530183536625,8.074231251484559,-0.2782175423946178,9.774671172689686,10.765543205064855,8.079338375411867,7.43820369464726,13.617003343477839
8.666253018609543,1.748452703548569,18.2161461662968,-9.093292338302202,8.315901990896375,6.770936551359529,7.440035047247976,12.716654605688309,6.488380359136741,10.125845758913222,3.9260062628604273,-2.1993941067762446,9.010272794183003,6.3292108344115325
-3.237401931736188,-0.6477608533652699,-7.80012803687427,-11.127781963039606,1.426624346072364,-3.125292491778886,-7.89226531246112,-1.699743888128343,-1.9047609229013966,-15.423805117744308,-12.611113877350729,-1.5878079427194236,-6.425298760510317,-0.023816293127638666
-12.62394321011074,-20.228532814447203,-15.148939151298194,-20.979364419951324,-9.886179492822816,-15.969978177136081,-12.821424133247497,-13.06617092928986,-17.145223127106767,-14.370225587295062,-10.63440736670323,-21.45101119640606,-18.48833125307196,-5.711639728952054
-17.450929079063343,-19.42167910654384,-24.904342962293555,-17.787855293458435,-12.912678371348704,-17.998943711300843,-17.384894771782317,-15.443398803862358,-24.722404132146792,-15.089744687192436,-19.592991810552046,-15.812364469938522,-18.148524794780563,-17.37069242946103
-6.25134230012015,-10.738165459402232,-5.975120362933975,-17.02756665802172,-7.968799402471349,-11.306773066196856,-2.4963375482295245,-7.5175336468362115,-14.007745309171204,-6.483133445420196,-9.152416006782321,-18.343949658021955,-10.659972441915231,-9.867363189831774
-1.9553081199152968,7.163162620096018,8.193572959945278,-2.4164574782086135,1.8862555470902085,-1.4755605302620323,9.387660505143998,0.22008449418384135,6.623387298144277,8.841054082352118,6.48207031940915,12.321368570120299,0.2736799788515998,3.625883705310405
17.57380471090388,11.958225997247458,9.647285873706618,19.061248642323946,11.620334873553425,20.449416908920078,16.124579921128074,11.447370690026741,13.636862878519032,6.610509849092486,5.046177217917068,13.480062652113462,14.55378442559237,15.410929140234337
15.252324419915059,22.497593182689695,29.452264731424137,18.778249014631548,25.74324203096214,9.56943962698685,2.8314469268733617,15.927864272724353,13.844172099851114,20.76694572869922,21.61630420113934,17.965031917866053,22.069890401567694,19.652413749607675
17.496703313053573,12.161253599818554,21.845220951944118,14.455648943734417,12.34360393618584,11.74534489488374,10.409694741703698,12.446196858402205,11.879957491399168,9.154032144217583,13.544090948356104,16.12300730369497,11.094235420923743,17.930624843710287
9.863384734552575,2.3675458890920438,2.807830196478393,5.307833980834718,-6.566245898776691,-2.4854540987451026,2.8479073172705487,-4.4358193361945855,3.830652147771308,3.2611929473840053,1.7141024423591262,-2.012838275429365,5.3186767271173405,0.7659656026065647
-8.998814945026995,-5.909323316646014,-7.281870282406,-2.548550936880747,-10.114269470569342,-6.226219743591508,-5.529961659947594,-2.504877798793662,-9.547749411555051,5.65343320993248,-15.626181665771503,-7.6214479938801585,-9.068327767804794,-5.614121118355496
-8.682573657230114,-11.03675312087659,-14.184952762623904,-18.434598302582522,-17.132757674700727,-7.9846739230507975,-10.267519675367478,-14.675654207750956,-6.6564524194130374,-6.831796494838854,-9.381103769724932,-7.534214805433738,-4.7606334459859,-2.6086726095064305
-6.873244196784377,-1.5056321571109095,-0.379067706014963,-2.897558616421331,-10.621287775793,-7.6310689939417475,-2.828755849952891,-8.179739653674448,-4.820666827938461,-9.363220641288649,-6.832318460551229,-6.060115213719936,-16.318767947081284,-2.99151302911541
-9.847127942784446,5.379466186261551,-4.995161437742439,1.4667135607733517,0.3710998500788394,-13.063880570588537,-7.376630216406254,0.815605811520717,-2.428409308480034,-2.551558084664739,3.112608976913788,-3.1464669981600073,5.995650294236455,1.9499911271259265
-4.5215324175736855,-9.586865506042045,-6.108298366122229,-2.6390988471008603,-6.5153658831309045,-5.885275391619958,-2.813470328926223,-5.943719037824592,-5.848671029348697,-2.6403892731531116,-4.046249199721206,-5.789932357477154,-6.373603815253947,-2.003837830217359
-4.140634125777587,-6.375052273786414,-3.850242852489589,-4.069804060318441,-0.6942394856305123,-8.565789807301364,-8.70275977831442,-11.937580045760482,-1.184765079327173,-5.602923282898481,-9.264903293745435,-2.7291786051383378,-4.684802625230788,1.4066878286019335
-1.0925292112778813,-4.263076433229194,3.1649219809583427,-9.571549245458813,8.589098954815334,-1.261600888997633,1.1564487986678387,3.3243468612479363,-3.691760641705314,0.9848213190825144,3.1425163043879305,4.884553385910406,6.3615644247081935,5.095588194214859
4.0645120663874925,7.0630591745949,4.539722587603058,10.144851171373405,13.012567379801673,8.378932729383843,3.8098566122189634,0.19010688945850962,10.856874996050223,5.223567208624421,2.268657423185327,9.533784006112677,7.226027124383955,9.107900329404012
21.651416267454735,15.945206931663012,14.91420372896635,24.353857013714368,9.376632599459949,12.253276227703926,14.939013366800902,20.052978670001174,14.030936030296173,12.548153896385756,10.8371226783281,12.797662637106761,21.282807936913628,19.570504906355815
12.601282484831227,22.800997218455954,13.66962755312103,6.970188312991617,12.166082777458465,16.498295808261737,20.07983572574723,14.342450020395795,15.613079648204327,16.494845137783802,17.623489284527977,12.349955206707637,22.364273457116994,10.346129487239633
7.538498090530299,4.633041256648125,6.527470544019787,6.440371226090751,8.724775083055786,10.741956833761755,3.046719800279573,8.346447925726343,-2.2427977582977316,3.343908902018802,10.807963114973166,4.971213540803926,4.154897349356929,15.616179284401634
-3.862188482743015,-2.624803144562292,-6.615125349237545,-8.9157383144558,-6.798558240182425,-6.837794118157337,0.021926468271129096,-5.414641528713604,-8.428686432132588,-7.652768195532058,-14.303205139741467,-5.047320303649746,-9.022702260851084,-6.3278574227653035
-18.680182771243405,-20.088636659199203,-16.375115929655056,-19.903556792204455,-20.667492737417817,-16.203519738494894,-22.51664238814208,-17.391908608873706,-21.0139020482204,-7.800342391662777,-26.11756491781887,-22.73786623370312,-21.094345988733995,-17.242341032182953
-16.77601514845658,-18.74995176513992,-8.650499508720324,-21.675333051541013,-23.1393677257576,-22.258017156986497,-16.212805967086936,-26.473919854113547,-8.545751121864422,-10.62977746175077,-18.6517659499253,-21.9177174074622,-13.720779616350683,-25.63917114693581
-9.343935122495688,-8.37854436778911,-7.771007703805342,-1.9164093954513515,-6.279001400766905,-3.417555073761635,-3.5043257090484747,-4.749260966744927,-7.373726951121093,-16.261789961815552,-3.3353859496419203,-9.436325082282545,-14.290824318111497,-5.8039914868930556
-5.92953377429993,-1.3921571954269627,6.526288497947247,7.011207169287091,5.611476556528681,7.595738361895689,4.996653530702422,14.781530410722604,7.241055952907896,11.43575659609381,7.768655849036195,4.283024902689618,-1.7843559844162646,2.7897284908799254
16.769647463905336,14.795284533713467,13.24371874055736,7.526347752679644,12.752666534469547,9.99676342915469,11.060150682522599,14.619435039101587,9.958693713848007,17.15727475605228,10.64922378075633,11.486522087498717,11.54075272057246,13.928705460241332
5.13909240403265,22.183511922393116,3.9400334224193196,12.93665424688658,13.97621052493145,12.877408309304242,23.497368005150918,9.216527355634526,12.080000213691012,10.640266607210146,4.385930180384742,15.145049193443572,5.372377241970329,18.59238126357742
16.5340005375651,3.759078631971283,3.547917612832333,4.208388558195324,11.881066793399409,-2.835476314064506,-7.919619752845138,3.9841114779596185,6.525604501286674,13.289918169225038,3.627903360057246,4.034595272065593,-3.5638894977254534,10.670547173469611
3.7825691790687785,-8.827963160336378,-1.8567903491452231,-1.859319531816313,0.9128743974880168,-1.3269301673587806,2.3878879747931436,3.7850793692301474,0.9395047005920937,0.20210011479427004,-0.39740980968008643,-2.1786331764196727,-5.122390230028714,7.324042050026956
-2.8720457477499557,3.4549179067861258,11.141652987183381,7.893256943781687,-2.4879500367363367,-2.0798817151479185,-4.997605310723724,-1.2300339133690388,-0.9183446070712995,-2.4539110148563332,-2.413509996273921,6.147425165444657,-12.82057873418632,5.279861043767331
2.7705117349807056,-0.5176835741828772,1.198267871726451,-5.346247481502772,-4.421250505277026,3.331297008537847,5.239977136362307,-8.912628159828628,-2.568374512977161,-4.174136948672449,-6.624640649037347,0.5172604328904682,-0.7870980843618286,-3.4222863083030095
1.9325241219743816,8.203131744496785,2.210222217244259,4.02895465446964,2.9288421709995633,4.376588415833389,-9.060147983124239,-2.559407709040471,-13.542251121307332,-12.840092258828317,-7.701754008510486,-7.436406170023194,1.99825637913459,9.076575263887207
-5.805162311776829,-10.07238538944817,-13.10996532332199,-13.272145106135017,-0.5982543115925969,-6.582836775121693,-7.493861083604974,-10.272673874060015,-10.359556486164827,-11.858791315453816,-0.1914604473960546,-11.594381867877939,-7.023747943546817,-10.974848746558104
-12.681879191900741,-7.6546338755156285,-6.971834730720998,-13.926031372408035,-15.03386953769644,-21.567336236609435,-7.6170429259438315,-18.67515433563327,-10.15335278868062,-12.21216863105928,-8.344466620831852,-5.765902412077316,-14.94829406356631,-17.60429282268413
-19.581212927232713,-15.574050241441334,-18.323949574933707,-7.592082597738413,-15.794359300277748,-18.692783691564557,-10.824348984682233,-6.966960220490879,-11.094697764995367,-15.066300295251935,-15.224748481052758,-4.069587195597352,-5.380696898054978,0.11587039470704319
2.9413834583893887,3.394855150533556,-11.593257935012332,-5.366823936914378,-0.06828998963302868,-6.24257129916502,-6.169905964643969,0.2928788120239394,-0.6649965534546001,4.574031915443028,-9.206623369329312,0.15918021992118447,2.044786999976757,-3.991117802256505
11.002938735239692,8.892415133819904,14.573937416620348,17.82417522625122,15.005048124222506,11.1770122929596,13.54087819323256,15.92086934942875,11.966611452228605,14.975620742939665,6.047768981327137,14.347006646107197,9.796163312422756,13.5783429059789
21.572381186762016,21.697685857641652,20.78461718161224,16.745130992475076,13.580600100899025,19.03213452664956,14.86400831581113,22.1149455002287,22.65487105517887,12.004582973517325,14.062600876606039,23.762743816970115,31.977827895076043,21.16340216257816
13.93862871886574,18.09941622302369,19.328916423535514,14.451974703196807,18.463530458216027,13.098767231779298,5.827011370310194,14.878571580328485,16.32717362260086,8.544123169135903,9.779363076817523,18.101450310338034,14.546132956922229,17.61641972523655
9.34419614506092,-8.909564460748582,-2.4676839134360016,0.8500857447288546,3.0187440868271778,1.522975352573364,-4.980512995355797,-7.40142749192583,6.463546272999659,8.61297121290631,-0.5980198838554189,-5.104817893625889,4.037121123867339,-3.5040897405637574
-12.559244258448402,-13.417901582858423,-17.764923147903897,-16.34032086729159,-4.946434152554978,-8.979150346279514,-12.146818219845947,-5.883314083856183,-19.100653939479223,-18.45550905720478,-10.302247278392649,-10.511158139945307,-6.154435585202874,-12.242007723329518
-7.2225994797539546,-16.158236931280417,-19.780704858939934,-16.406135025362495,-18.033275561021647,-15.154747763690724,-17.120872593530798,-14.486633736296456,-18.886365431264302,-17.655572373790722,-16.424618042818537,-14.264312136915352,-18.150227966995395,-27.21381652919773
-7.7516234551201295,-15.30390249691646,-10.491190912077641,-2.3459157484089594,-7.5865164008681285,-12.29979366566488,-18.102117283374966,-8.764664065745759,-18.52040881451556,-18.982717449309668,-20.646435587781035,-7.016651349769098,-13.879970951828257,-29.244528969025268
-4.938014335668646,1.1848000937878984,-11.785192140549912,-7.686487327729152,-4.295083392548933,-5.8596677370760535,-3.058194260609559,-0.6837886799431976,-7.63237987089855,-16.782222917595767,-7.102304553284152,-1.120716979394178,-9.494072060336997,-5.396223349261681
5.985972209586946,-0.37739464835150693,4.956142500278834,-5.930418174551075,3.733554951233698,8.843412900010714,7.379903078682835,7.992739992823007,1.6534429808479525,1.1366709945956432,-1.4719090638928591,4.242706272101742,0.053207406534924395,-1.352131120011693
5.284602094413317,4.019822914672025,7.074062025922638,6.929740008263154,4.726430979803072,-1.4031233462311015,10.071077683766251,5.938838075989883,5.516759203855398,-4.778764533787097,6.931105383186667,1.077019007378612,7.112017941770408,4.818440226385785
5.203871203063295,3.432697092942845,5.681846097608122,5.0176558755242,8.29091135943538,5.7288975865983325,8.95931449662087,9.588382096890893,8.185426547004171,-0.09845064248566882,4.885689668373025,2.3981527747658236,3.1539569101522407,9.510851536757004
5.261745311532566,3.9085473305815217,2.354738250232254,2.0500946226679897,-10.004548753340433,9.655010474982824,1.1976288067151502,6.408932437841788,-4.571997725291273,0.667090845219712,6.843536746708853,-7.113031303367314,8.72976841001507,-2.3026423188230316
4.017858742237847,7.4630123096302325,2.1746186429294836,7.78955487145142,4.954380463569633,17.068422624998433,10.346105872830412,8.4783313292961,8.16150302596279,-4.8120886195698365,11.435403969116024,9.849618600546531,15.626486554781193,8.779712126904444
5.657573378897789,5.451335793825517,10.732255990370707,6.388198942355247,7.564967983433185,3.8282503930174236,2.6601802438952804,6.061860008616016,16.585258721453723,9.397738013501064,1.2956901963464205,18.737116056355053,10.156130690868048,15.335786652014756
8.285292017782206,7.6230338491573,10.843817065509544,0.46921449969688833,5.239034179405412,2.630905081506098,2.9355812580022205,-9.110934422643918,9.801434253416929,6.309074484669614,7.510249170810731,-0.688803727903256,10.0270357815949,10.959864943019554
5.030508389539078,-5.482097591632603,-9.057130304906046,5.802679002234713,1.8540025894982923,9.119358750671946,-4.806314986422441,-5.679851013249274,-8.889647578944118,-4.967214074892523,-1.9379892030525832,8.429892890829013,-5.7571767246919725,-8.804275651826408
-14.341337736479286,-10.890735772461463,-17.88468851811185,-7.086917483566761,-11.449682502649217,-5.665307355762568,-7.4422669391859175,-18.76313414587204,-22.273688454437472,-11.232323384487925,-14.56259135468859,-5.813768329365024,-6.150874298685629,-11.909673639761387
-17.728249441769183,-17.842070887723878,-25.643180093710413,-22.098083557540146,-18.907698977089304,-14.931679496133967,-25.90965767558979,-16.83767460195789,-19.51515660398078,-21.137282593181755,-8.673907758268934,-15.911649267952129,-23.064742013275087,-16.180617995308506
-8.89410620235202,-21.323401753381752,-27.03118418409006,-13.815071668005896,-15.78180251254489,-15.295820677075877,-19.84040599119545,-10.316846774265482,-7.9118520163633805,-12.452339201821868,-18.223630444022085,-17.1324888129725,-2.405777100189484,-13.7575856697468
-3.7028247439562008,9.146821448312545,7.053179169316811,0.09687280346980431,4.8600642639847145,-7.590807642859152,1.114579361580345,-12.70319029198745,5.176995822078737,0.9442502032347475,4.404480693774373,-7.08675925621826,-4.403204291297607,-4.660687868086137
16.38908148806814,10.36234021185437,14.717683557666184,16.684515376485777,18.463414172035307,14.006984964604378,16.31624083024534,12.930967541683255,13.330216898788755,6.311516431522355,18.288320255568273,8.837255406197414,7.244849151981553,18.14877292717321
13.40855339322889,17.343349146760655,10.740001208826767,13.903560136633281,25.476788790202104,13.559668238496057,9.960151421496546,10.227476383617805,25.476681452332926,19.201759226003023,10.525088933322815,13.341257877922574,20.563992348282284,19.087033566240507
11.829729578064288,18.163495720604192,19.27001966510911,5.989918284553188,4.6936142690413245,24.06654149979355,5.0239804020210075,16.998621020200787,9.339766697604944,15.101356636387735,10.748342375717154,18.73821503991281,10.298937097776022,5.160117757081174
-4.914572115124744,1.6787337168815588,-6.080214984570003,4.767088427583467,0.46978496514892865,4.173382141697376,0.7570812711150029,6.777606617221951,-6.894391618563606,-1.256368276449916,4.5221634271611535,8.659279236962103,4.474011194245605,-9.559477911528123
-10.261104035823356,-9.119121230207579,-10.50462644677819,-8.187651437911857,-10.112713040954514,-5.532370490261876,-5.378038614728782,-13.789419155956898,-7.995589184370905,-3.986456196227808,-1.957307276317601,-14.329707078848461,-12.023530546663022,-15.712945459958702
-15.33086378044836,-12.660440641879816,-7.357516622219672,-5.559375832546236,-5.861723762760209,-16.11580395804443,-6.99191206873572,-1.2998634982430284,-16.289437953295643,-12.620782792091354,-16.110160201880234,-11.955111520905579,0.04546907155276081,-9.722864711763494
-1.833800000163257,-1.3565093116307922,-7.44862420851765,-9.375951909806279,-14.472983984729618,-4.769334841992907,-6.151589098678453,-9.76267185652388,-2.009676970640591,-8.13412652926338,-7.685676816668698,-13.19756660425039,3.8708487520415957,-15.709744470074035
-0.49773646143469197,-2.9680935094092415,-6.452417815436819,-9.883625102140495,-15.462049112574121,-3.2220772143476983,-5.044366046046552,4.986434250205959,1.2339347064683128,-4.724735978575412,1.8405905787646697,-3.996616167206693,-1.7774502673971,-11.34275116149784
0.5359434216566488,-2.8009639961749064,-0.8578830706200122,-11.731924101170378,-3.156579038388785,5.192298286743676,-3.3766840393889312,-8.145665906688826,-2.95548105364637,1.1875108847843805,-12.382226065317205,-4.033370256971636,-5.738534261446046,-1.0897277219155548
0.09125876481765083,2.358509796227928,-10.338507511029325,-11.526472907011062,-6.647249582505536,2.626924900264445,-2.702956208322744,-12.445471550694892,-7.1895997763704385,-1.6366871046975775,-10.846445261285712,-1.9778381630768909,-13.01006070187053,-5.8135855687907005
-2.7951455134711822,-8.396982774215513,11.136920869252403,-6.816097565884276,-0.9141090518346984,-1.9802386997969694,5.040073480781595,1.1193348275748267,-2.4970137600714537,-8.829198047501167,-1.2599023550964652,2.2634417204507233,-4.155269409656613,7.05686326538279
2.5040064112418934,0.8748658706491268,14.211037970511047,3.6221039206938164,-1.0684975596377972,4.477597915264116,7.177591290997524,0.9924503608289408,9.713126527718074,8.235330098696217,11.992816705858825,2.3584032125232457,2.3397438213469126,0.9890684323381649
7.766443372326669,14.92863675444657,5.660582206767785,5.925252068600745,14.170394755288571,19.972001626453977,12.24406098960296,20.453452244015715,15.447403650513566,11.58807738007691,24.831603194001566,26.524668818110996,16.12662121644844,19.024344073230893
13.992136862133481,15.138252099833018,21.768847854956007,25.306272183548195,15.087576399733173,11.294479741711317,16.040048084426108,14.445834512771329,14.7232132046371,12.261642540078974,8.491310287170641,22.91078958338989,25.253231029897,14.857310247579953
6.739131560965726,11.805456426460278,4.263295430129476,12.056333953649407,10.40155978560784,8.71997558361789,3.680980125290281,10.086393908392438,6.774921227262596,9.852585397626566,3.4704616452813504,7.322469459545596,16.98579685323201,9.911719811214795
-6.053511433738887,-11.999872705602993,-11.306283414603454,-4.9081097504161,-6.3283664104058035,0.025975693187961113,-16.733615711777066,-2.6596935180535666,-6.268343544927983,-10.147549407049844,-14.045699283605426,-2.9172642574427607,-13.433658176225713,-10.481622163378608
-21.895088271574778,-22.606522702443765,-26.45107589729504,-15.243399325613236,-19.04323447233221,-20.005895379675625,-21.602414719316,-23.95609550182426,-19.154248221272685,-16.8813123396361,-23.559430062443063,-20.355020314213633,-15.601825380181495,-22.575517110775323
-9.78995583436268,-15.054649193305647,-20.785131902715996,-20.48620598872797,-29.109938671446194,-11.0733356815542,-14.967209003083227,-13.608613284028827,-17.077475096022425,-13.80512715397295,-16.451321651277127,-22.632323912724768,-13.928570354944062,-20.17272541265688
-16.654789362675732,-12.162161336104198,-4.833083964461166,-9.199477471170999,-7.524838430443982,-10.81200212260973,-10.188674698539366,-4.861347705548574,-11.7404580715889,-6.28843949518839,-12.910599272105266,-13.043380518969183,-5.784467518467203,-10.50562482473196
9.454184556382332,7.507008803774341,-2.6227094954458803,3.5817051202281287,9.221884460422704,-4.863285597275296,7.3642140522611905,3.6511228105150115,3.2956694078268645,4.562614333424836,5.377836643152189,5.2241063320633305,11.323878900103818,-1.1694511075015148
15.401289680114832,17.028000115008187,5.2612871809464,11.329369363177971,2.481979855329964,7.728919655196738,15.5692945457152,9.02563568544752,11.244369809726127,8.678168548167516,9.429037492893201,2.31806590165038,16.235112646879756,13.727591679901805
16.56121554254093,7.801289587672392,1.6545137045129188,10.79537150647165,11.392984890237038,8.594233655220114,15.933388132895544,8.462881803830621,12.243678422981828,7.289553405048527,5.960035786894604,10.871917223570113,11.907323245712476,10.57683612582844
8.850927857096703,6.746571579706442,18.81422065855574,8.375358198365646,10.450540466874116,6.0793517004866295,12.124191760911316,4.09387356900536,7.117014300319105,6.202611537835276,8.070412053535371,8.984925303362912,13.805653431271583,7.095786458443604
2.306686646821352,-1.9544705356725025,3.079314926317722,-2.7953532358171866,-0.4839216174712342,4.35652586432791,-1.4012589438884637,-2.623980019182129,8.126463934756082,1.838503641967961,-6.217782254821386,3.628933768590727,-8.087825635796218,-2.7496351015185336
-10.66951436759552,-0.33531348245615744,-5.7504316192200395,-4.98574769623322,4.139520593274469,8.164247913334014,4.187759079059797,0.11367556606702878,-0.4966210481798754,-2.814799730049927,3.378447243792305,10.399544965187724,-0.0471155782855414,-6.187873888639643
-5.082027171305468,-0.3992154619604492,3.538708877506252,-1.7354438456728114,-4.226844773358102,9.463305828333516,-6.219442453468529,-3.5588711669348614,2.2994837538243282,-6.834288291334505,-7.801891637605816,-7.3580949580635835,-1.189217697175831,3.0255297386066964
3.7026670814755,-0.6202354274951228,3.3304766625962268,6.324341184176429,-1.6706286547981357,-6.038343316519685,1.3222130002933286,2.962408083349689,-14.646221927393515,-0.08814473784755528,-4.700610553551265,-2.91455477333297,7.388207734549101,3.5265779373802486
-8.805542406922765,-11.262097059113305,-14.675276140446186,-6.771948783129834,-1.0911832507402357,-4.86523801986071,-0.5535347425197985,-3.3566288688792643,-3.6732512531587753,3.798725545789435,-9.220235699142158,-1.650773466215675,-11.958268577865788,-9.100341101434271
-18.421274024699866,-16.91117519033754,-20.517574039659543,-24.191520209621686,-11.041715750020021,-10.874029104392527,-17.82147409170342,-17.58177294281898,-12.609587393662471,-4.463070445944215,-10.61159210430545,-18.65075110412739,-3.047601723060348,-9.79956368671625
-14.891265063073282,-13.072402827311416,-5.18951301472794,-9.918702437271447,-10.631596886361775,-15.614356874151222,-14.983361868637928,-10.300426738561374,-22.294265426314617,-8.969848300502434,-6.763999799336664,-9.163100416684726,-5.311291016835272,-10.683946792920828
-10.168740396158395,-7.483248969783161,-8.598763027955252,-0.8947511410049223,-6.393112066197568,1.6044703580886068,-9.50587866957402,-8.303375375281213,-3.4806996195534503,-7.185073656885382,-3.5718983374479754,0.17018117249692555,-3.879840954575161,-1.5647830190349616
5.176368729234085,22.620919488600446,12.42229950783072,18.106232966252655,3.7057868645472913,12.20911641850511,8.893503794966378,10.113899318801753,13.41424590995338,11.222253730203557,14.423478492265051,9.031141710356064,10.972792473514051,9.752093672764092
24.62632828315014,22.263754752179988,11.60891000238174,15.505478920785066,16.34324454486586,22.77623808008484,20.941593963019898,22.938980942992057,22.80038056023677,20.531355200608758,20.49686056150298,23.23882594923066,18.93857515793407,23.966156198235772
9.22022259174543,18.756251324776187,15.20966781198117,25.031694346251832,12.734090827431071,15.434680998153981,13.055329754994816,19.77066627775824,18.042527545414504,19.476469263215467,18.81837489362912,17.83898712690009,17.399558998428887,13.127512015710142
4.834555041933106,8.880849553041307,4.002052603405036,13.253575748274537,6.881853620489919,-1.8365313336795897,1.6771265719440365,0.6719206943690121,16.001490123761272,-2.12328758232667,13.626592468603809,13.52270559007535,8.920082061726621,10.29717380042159
-5.46051595554754,-3.368216358342571,-4.562454902277974,-1.0340064425772413,-1.6008345237006516,-1.0869834629752857,-10.758294354534682,-10.106994557307603,-8.314033625414877,-10.88382577613933,-5.296034428910788,-8.75270593196088,-1.6269480834214765,-4.040379218549944
-17.010502240390124,-21.7851448859893,-17.684865267004145,-9.068333020844651,-8.361598133684444,-12.374350784237201,-16.01340829010905,-8.029166739584843,-16.082327368043952,-16.07743270174161,-19.209626001550298,-22.50486141429414,-13.003642805090838,-16.191123291213543
-20.30975372594373,-12.888456213543474,-21.81365683872441,-16.034220114400355,-22.46239726170571,-20.229943362574634,-28.671596382236437,-5.251633045135575,-14.57418529512182,-8.657111128613163,-8.022603366557579,-9.485157557099441,-14.652606416487837,-18.78483391131137
-5.877550673567562,-7.941731185170822,-10.212620919255176,-9.474855482348344,0.7884364588155668,-4.724690792319151,-12.782518725667241,1.2584934218956656,0.10865934638846042,-4.914721776949789,-9.319794576398161,-9.08812897679444,-3.385298361421229,-2.311585224621423
2.7477873168152414,1.3307372067211003,6.988972313360046,-2.227596111061448,4.893859181145957,4.3094202371146855,3.464564808663669,5.515300979929967,3.930307481218578,-1.619150092277848,20.78472300399065,8.232341245297919,8.305823049372831,1.0132865823682973
5.22829911750938,12.105851274693165,1.9523355671000693,2.785391411315101,0.3505244299976873,-5.001834119776627,2.9347776674702124,10.102726592088453,7.526991310991223,2.6971058828736942,-1.1205248908361254,-7.257628368440481,12.260571653813205,2.307885701207498
3.5743919796996915,5.124249362221228,-5.441071983665346,4.323082228069906,6.568423554016562,5.369422441529247,7.894698063312004,3.1414481755330135,7.73396788631668,2.3758425190417656,2.0511242585614937,-3.0405703731040035,-2.6882039228309758,4.974868557114484
-7.724954610620155,-0.10873345216490948,4.936803879899157,-2.4072431542839974,-6.416116819782611,-5.572797117618875,13.228645474298865,2.625474148561376,9.788347878461972,4.581222361727374,10.47522127659953,3.0737718943368533,2.308406869922288,7.104157053600115
0.6300343974744314,2.6505287430404696,15.576657047647203,12.14388543747038,11.195445275520616,3.792060594067896,0.805879022631113,7.784729969913901,4.677160587306718,5.53297814150431,8.516372306670139,-1.7693983831734705,1.9176123470618949,13.33759503861797
6.42150236349053,12.787970663651459,1.9389802813299948,4.059362927288062,16.952986019450783,4.973889176458179,6.498501238969895,10.113215671474663,10.878593065550435,5.219358582746975,0.023616363983778754,12.858600674514877,12.753687346981387,11.366730728632104
9.426229748365415,-2.1071173961685563,0.9977196990083987,8.887382956250853,5.099359595293906,6.178078328682299,12.977878872745094,2.6607693517855022,-2.7061243405277544,12.44810363019314,6.103251734322432,-0.6886620056635024,10.974601658301815,6.453570454043709
-5.053720284891675,-3.545026497116739,0.053332513123794945,-7.245613446950362,-5.952218888273049,-5.479206858076866,-3.555624491797251,-3.742866766929457,-7.3526750403168295,-1.2762632680015937,2.3849408763638476,-2.792066213909399,0.49981026493244407,-10.788496385804375
-9.351946366121453,-15.691662204298554,-9.470440417277063,-9.363068501992476,-9.189375334834967,-10.41730126276022,-14.335057616903448,-14.354819194948906,-9.691122734142992,-20.057025152022717,-18.805288132291352,-16.120920752924974,-18.890727817769182,-10.092573431401734
-16.607201784726772,-17.478646200736986,-14.055623782775985,-13.908403972639702,-15.101041518944573,-21.718843169875303,-18.15753808830827,-17.94970008393837,-15.107742730022773,-18.446762239555657,-20.08794937315226,-9.482299834537361,-14.188394024417907,-14.993626204465059
-19.66554962312979,-16.08699913490049,-17.547316468828907,-18.723327116044594,-4.741185807175402,-3.751073501551673,-16.58029738855451,-13.513110132791768,-4.983624373098738,-14.268430361776446,-22.038867935538335,-7.848013554262553,-18.731493704841775,-18.236699599837422
8.959812397093742,-5.932208239829587,-4.862055956361866,1.714358355317698,3.787493998175207,-5.264263658234911,-3.1230901651625826,8.803847218651821,-4.930546614328594,2.090761043910149,-4.146566975484254,1.1055131525470567,-3.7532739798921124,-2.7784650634448047
4.275835968715514,11.297528588015211,10.629309838719667,16.01785727368242,11.192693605280715,8.945776588370155,9.59855025104341,9.208868259109284,7.90585772580331,13.022355783658996,12.940847040426677,6.041533437288167,20.809119557877313,10.405208211655843
6.55267022956345,22.762623999549525,20.866583794136552,13.622547851216355,15.665559849257294,19.286054752515533,13.827762981105014,20.478118294048333,25.671332890953536,20.358258603508503,17.67459010834272,24.162717390012933,15.153205661815036,16.203517969851205
5.906715687616856,2.4511145118207587,14.029836871254698,13.472312730205577,15.371927044007043,9.024560854966762,16.02536777111085,7.328879897002995,10.959834969512997,15.958279153118413,11.813666245699029,11.737762733239812,17.778757678298653,13.806095719387962
-4.4773737081220775,2.568381872762769,9.70238304112834,-0.7512696592400747,-2.353141373052794,10.229089411664543,2.809746251575658,6.8285575674017585,4.527420744373559,8.390549817972872,-5.321342454987275,0.9034270021973225,13.473914375490505,8.203038842952235
-3.935667815267742,-7.476894892708064,-7.279167633435032,-17.633197213881246,-6.53506586521341,-6.595598760884944,-7.303670873703639,-14.878445564295918,0.9725717063138433,-12.352421370156126,-3.7454646146464796,-3.6359275606757917,-7.067223106974248,-5.661474130334668
-9.548388328669686,-4.437056112566039,-17.17551718883383,-12.7505327723032,-5.505242697203254,-7.513931145687349,-13.498682395121843,-10.547201261721952,-17.579148114208003,-8.640317279415763,-2.862095889625496,-8.220628097567474,-10.357307806516417,-20.91697481787842
-9.160385633219573,-7.442432597889636,0.23746109596380371,-2.7699421181774824,-8.881155889792609,-5.845628542692891,-1.3173366757712017,-9.691038515722386,-7.071129664519744,-3.7641538992713923,-16.369507955005062,-3.943883727882766,-4.51466627227831,-7.415745345772641
-14.260659415733976,-1.0947760366033341,-3.1210812722097834,-3.6745867148259865,-5.164684819990928,0.6988640219652593,2.1338900698172,-9.885232226492224,-3.4123842040309404,-2.5421361805409637,-9.742688010007342,-11.084607554046578,-2.4413067798302057,-9.680651039100477
-12.503824038253754,-1.1621153511497253,-5.150336418483965,-0.2087695607832436,-10.045388699159126,0.15927461187878666,-6.998391376378315,-10.410156783487128,-1.6588922276084483,-5.343952988736296,-3.2149541971674562,-1.517148740164489,2.8697295296936316,-8.38704317508341
-9.219643545517393,0.8512500685059985,-2.104900796679072,-7.697728091352527,-4.607474803883411,-3.351584941623589,-2.9087768833086223,-4.434290661181018,-8.798567732681267,-9.492770893938708,3.1907612339154836,-7.954892620201267,6.809688887395979,-7.411080853196304
-0.9614977719763784,-5.7122198818781715,-7.497544801800744,-4.729105067507989,-13.841135244520844,-0.5098076259381159,-7.317092444069189,-2.8199028039710865,-3.5823088899297444,-14.083535656153344,-1.8657850833891996,-8.684920029686884,-6.702526090319131,1.1470318199494813
2.926347629657966,-0.8661647364054632,-1.3561848093863569,3.254564438492642,3.4068994614752572,13.665574903020037,-7.662909468978243,-0.8840956675657141,2.182716886032282,10.833300798941906,7.583245434170455,8.280167203287407,8.716913940094038,-1.5210373670331618
11.750451341000325,5.092631252815808,7.159841118505284,13.148517143512217,5.473608715063995,10.281987940348657,7.530769754402832,11.80666418893893,15.822967028679924,6.403612454767422,13.100067750326328,16.422378600182043,14.378213353036253,10.316635572472508
19.44483953828273,14.151262428426563,15.011489748921342,14.63918290427882,17.595118860097113,16.492104066565435,18.065091096498616,11.268432064934649,17.949177397939387,12.558832355599407,14.288603274216715,23.496938889363364,11.04528635097843,14.151205304818738
4.10921955274843,3.7036326367727046,9.275410127811437,11.220430680849441,13.281913260809073,18.261926304887254,12.185590520113621,14.586206174103504,14.86562949106867,15.734544792429656,5.018421314217772,15.66328624277461,9.214398444974568,14.997112715222709
-2.942313036280638,-0.08600794737339923,-1.2083848806548674,-7.087658107136696,1.3023049597376595,-8.50401168820304,-6.790931595487875,-3.7949655233700748,-3.188791245181444,-6.428992882695045,-5.561844561332795,0.9774048541255747,-3.1154893041652647,-4.2129506566039945
-14.720633772933008,-13.090029510790846,-12.690212984135703,-14.478486152483784,-22.257122841536727,-24.935419327225674,-21.630515473775915,-19.067269066965604,-16.5389404386167,-23.41249016612071,-20.59161534006419,-17.73140615002262,-7.791804213262475,-11.004175160671107
-22.195826732486914,-20.296981055681204,-25.58208602295037,-14.842334386128023,-18.856203640224912,-19.649276164560412,-7.413830339028491,-23.32145090348903,-23.22469436594908,-10.455332443899936,-26.004233180727454,-18.08718667010997,-20.90732072288947,-23.157317867709526
-6.891455305777553,-5.695974648995091,-9.02052497497553,-14.360271332646,-16.665066930857996,-15.40417249440189,-10.946903542448199,-9.79361646723073,-16.98089081421574,-14.890662860769648,-8.795057316638283,-8.323102018790266,-8.237433424932753,-12.832574182013563
5.515723024042594,-8.179512943722731,1.9962454339076035,5.0239736420019465,-0.02527743363106172,2.3193520019126757,3.889443018604813,1.2091789377323654,2.6351806651672103,7.829007747166057,2.1095174946602295,10.225423372365363,6.125112434684196,3.437251820319487
12.346711897781883,17.189547342727856,13.404942743970928,5.97346077675085,18.805331700666272,9.658782877267821,12.34880034360392,12.76715290007018,8.268463356742409,0.8551325022719407,7.483346290154282,13.439823087165621,18.806628508937145,16.451976975742255
11.760843424004037,12.729435218257084,10.08645610782774,15.327780574869482,12.23962578208837,10.058675692908382,10.049769746222761,11.75479768111557,9.890702243512736,18.767272351553256,19.586746267255148,3.649297103980194,14.882772537325408,17.135464148253455
14.252064714517882,-2.073181230887771,8.378265136454916,3.800504507820511,8.47541150054241,4.343184576330895,13.637344987868573,3.6648338479183877,6.941675762327317,3.8008232650301057,11.305178143111952,13.217482694752967,5.515081947357677,13.125008676610681
7.1200080117069735,3.029724968224963,4.364614704970949,2.245963159953576,-1.509859934299973,-1.798689904089401,8.85520869913454,4.267423992805036,9.463507822699434,4.148693959718333,3.123197604249669,-3.099244244010821,7.6600764522873135,-4.622101877069902
-3.0991714036436666,2.817169648880983,2.075917137671825,2.6665361800660383,-0.32815838208759684,0.7741605809781142,-2.716802396434773,4.848601630160679,0.6216743927772084,-7.24343400092616,-1.3382702343637527,9.707545725134361,2.882357061827722,-4.020896656240787
-3.1082707873492916,-3.8576563265550674,-2.0614314884579725,3.6557145816025605,6.705329036869626,-4.619792709317384,-1.1204374141191755,3.831197808298182,-6.89730874476054,-9.934820648624802,-1.4579167062348732,-8.86478907833249,-1.6846136769261135,11.657509100497185
-7.452897407534053,-6.910611403159137,4.316179868591318,1.3380733786329233,4.253882457168062,2.2533494232552687,0.8214368063485302,8.406675159136274,-1.2407508709845283,-0.6729634346316093,2.679557429427723,-2.6133581117485583,-2.1729622869685,0.11654678982231204
-13.975725590754637,-8.251535017420215,-0.4611946899489965,-9.803793277648802,-2.658279203313242,-5.120006474783136,-11.06356603022638,-12.911145285809845,-9.622361571163916,-13.361868334504791,-12.453477722838244,-1.2122554827503587,-4.152849963096712,0.9157453304277912
-18.600993407212556,-14.866219475329123,-13.11599318396647,-17.771152585902264,-11.236696175715332,-10.96903759862127,-17.375977418586103,-1.2715215076160522,-11.427751566555568,-11.25705766311256,-7.192926264551061,-16.339666887454964,-14.809869287902002,-14.726782018458946
-12.623605967151276,-12.058994909194915,-6.462740942189376,-5.267252082369923,-15.397071937918096,-8.116012054365461,-14.613777601045093,-8.172590699466891,-10.195458794634414,-20.149862555313366,-13.1778705045579,-20.62093335662621,-17.508214999820947,-17.43911457299258
-2.316808288080931,-9.109914039854155,2.477078590940396,-1.9823921943057243,-2.774705891643928,2.5256057626169026,7.63817298854438,-4.175792121357902,-5.760689184309586,-6.74080406800744,0.21830108385220992,1.2111497480061253,-7.841992657768349,-5.034911688105345
4.864086929662134,9.828355514457826,15.352716898465193,1.1185968063325475,11.971632059536509,3.0697220599493527,3.4826829603192735,4.676030162033234,3.2255087048420874,3.711564374309348,12.44791643423866,1.788726048802653,6.283937654539927,9.265302730886212
15.697222152142995,20.74306502928916,28.203597454550298,11.57851607969886,17.5990752606386,15.741763182982016,16.385183883152173,15.703406019681427,24.11345632761292,14.731101076896497,18.846983573006078,18.810436587605363,24.132255956460682,18.546582989353215
26.518513251255964,16.58581318555204,21.5427297822735,21.954927066448267,27.690977064704413,14.166557451518525,8.129450407659945,19.205955516220303,11.404115935978066,20.511391358102376,25.072917622548946,18.183761914957806,14.850799740045336,9.718165588720717
8.732165119798697,3.4331549292074603,14.337685532741881,-0.21628896018048138,16.957774668679946,10.151756612128716,21.26959549839439,8.135309453041899,10.871630001529816,11.869703898897498,3.017621476529545,9.934419739861271,9.822085622249611,12.862194277725195
-11.525074335458596,-8.200647949212176,-1.3456698126953528,-10.124894061375418,-8.76758624750956,-4.5764832053603195,-4.36865449546358,-11.198003744011244,-3.018435848751092,-5.274652310256164,-7.138032318920729,-13.26055924024496,-8.2178499595768,-4.322347195238324
-19.502683902213203,-17.2184593473634,-23.776079575331465,-13.320281298727604,-18.792074101378972,-20.258356491836587,-18.53995970156273,-11.939551141443435,-5.797052776003692,-14.03117087350855,-10.23294172609392,-11.932273032627833,-16.2535247230015,-13.20152809004429
-25.733207906017373,-1.5298661866027636,-10.980193816048354,-21.645435711579594,-12.166803682938308,-15.393179427028265,-21.8058709218313,-13.940696674923643,-8.013835015505537,-8.141348793420905,-14.925464466255045,-22.99468563520417,-17.28846187897488,-9.433625423993162
-7.756620896020374,-7.383231436860921,-8.092686556150106,-8.282323575645758,-5.602448516838576,-5.1027786576455725,-3.8813366072379374,-1.6814145081685243,-18.356186567997963,-11.187004394569206,-7.103041878841924,-4.944094438991371,-0.6988662042566922,-7.8259925973085736
4.689050591714478,-1.5446680843381144,2.1860575545586487,6.067368774065704,7.211259713110575,1.8654960887282328,-0.4461518315156976,5.054511108461717,-3.498168171527202,1.0631042003069682,6.627445463857788,-1.4534992514208414,-6.35999364527064,6.389403259211962
10.260907478848054,5.480537076553435,3.8895540193817424,5.765062759290915,12.063707280979443,4.19764277913873,5.562616807963279,7.27298690459768,3.6840717036283377,2.7441982070978446,2.9217387761559603,0.11209832544928933,4.172727586329102,1.966688712345725
1.0684911683578449,-1.8076638004153551,3.6377112185221963,7.024744348254968,4.858697052802021,1.0618371287336332,5.157507607926258,3.9557633628191495,7.787033334384163,7.531312799764127,-0.08525407455709022,4.181183723504353,3.2606352841862787,6.755195541712578
-0.11120772851305993,13.597071819743931,0.06456933656676167,4.694035770587564,7.24378431765738,7.799810122408421,7.131269092971857,4.439192688996794,5.421598738682075,9.006769336807768,8.523745567782433,3.8060798198521915,8.19857065293452,2.035749357229754
13.558103766507095,2.949329723863797,1.799343636109921,9.821122596518038,-1.945503724473416,0.20541712998568684,-2.0369094935353065,7.232680185992388,3.203346591178308,1.1569478248823835,5.579492434857987,13.204617815849598,2.9141130136510784,4.426656614406291
11.04581970475995,12.08255611379699,6.346251478277916,9.629332006314312,11.840498389626294,14.123480984005928,11.009350625097467,14.97876725552901,3.8468916737103633,18.61820954499427,12.663681109019796,3.6940488420565307,9.07894888693505,12.83759063764074
5.32596916540237,13.836015194829331,5.7588459482467425,1.6008376171382537,0.8674186478527579,18.892802813136257,13.197528905845267,16.652942395274223,13.638879407107254,11.689894917211458,17.146725578508793,7.39218500723873,8.226181322991534,15.680997293372858
7.395827323466454,-3.183301522934487,4.9115160018545545,3.3394424784342043,2.283194114092169,-5.24196375936774,1.1928091046311882,-5.75170298812609,-7.568007496560003,-10.019574022047408,5.7361977392909855,1.9685967807331615,-5.067519090918179,0.9417120176729994
-12.308538018058105,-13.712760319818308,-9.903159022845283,-15.619017635735204,-10.419243134160029,-16.196019587739077,-7.247823988548372,-7.014335505697272,-5.537824228588253,-14.261150263620308,-16.084484430442544,-10.925244038863173,-5.626277810865648,-4.623689178246654
-11.591752651808601,-17.391519359446857,-29.566502258057174,-14.4352410813059,-20.941865620791546,-15.591717401445596,-22.697624355837352,-13.44331350371995,-26.34241191589861,-15.743469195509748,-10.697255378594747,-13.706228982853737,-19.7133524478342,-24.403477065899256
-18.996513551864506,-16.45050997904626,-18.982241356454807,-11.834490264492764,-14.298907106650942,-14.049563415128318,-11.23139658972418,-17.79172949802889,-21.071486660140362,-5.832746485869077,-11.892650386542147,-16.553710092210697,-20.57985271397478,-16.787150507627462
-6.573261804863671,-10.842066348869519,-4.813384062854103,-3.12608619351113,-6.883573646734559,-3.187266481652306,-5.9202949816115416,1.9991904731740555,1.0022580716416711,-7.455026537669337,-0.7303249897190041,-1.3638009017485464,-13.85360518955544,0.10102545802000407
12.176920370937497,11.700026537074585,7.375348820248495,-0.4196163144380467,18.09583464859457,17.012373544554134,11.644607932590718,9.117897822552766,0.6860753140676916,1.3982779113020953,16.446177370502365,12.427667112544679,14.035845298499346,7.158609033811327
4.047010436642175,20.90450855944985,28.03720234668231,23.98186488750416,24.396899180249765,24.002290454625612,15.003951949076157,15.890250446928196,24.96319372197415,25.99030160901289,12.712480418767363,19.98093760689075,22.985191307211345,14.914765047874557
5.534570914075637,12.996630716512495,20.045096925306716,20.434293872838893,16.637059392117603,16.426591290913525,8.401617342541595,11.34376095904603,19.52588176406258,13.764293478695954,21.55919533225999,15.468586038429947,18.64526629417886,21.087773414719628
9.580069583536531,5.270894617238794,-2.3179380715334386,6.217824428958456,13.01279053319317,1.9003484445255827,4.239345906088659,-0.7753931296001966,10.925447065825642,2.362096528636976,7.461250076968167,6.365094139379897,5.324342543746614,-0.2051319952961812
-9.941364232255221,-5.0240376509155125,-2.9302975670017206,-2.3547792881413026,-6.220425859850354,-10.107524267387724,-7.341725499417444,-4.919362119103791,-6.9082502394442,-13.102532478940688,-4.7285576888963,-10.15515082071646,-6.85931331991765,0.22247328067680971
-6.531076763025948,-10.53966408246893,-13.59112457608467,-9.31300354976375,-8.084508802080027,-3.3916326605425384,-2.1140375170082146,-0.6968839813021344,-3.678797173249402,3.499516068151822,-17.32569410899707,-8.74962395292306,-7.468674116755019,-8.913678321023623
-6.972961692162823,-10.342745528259613,-9.086037613419784,0.43998609648545184,-7.494420683974496,-19.663833945425427,-11.693870648228884,-7.952677395468883,-4.357405527363783,-4.54509236139469,-4.500854967378087,-5.5671610062446035,-6.443837975315884,-14.903856286830726
-6.209088015840013,-9.139542264948211,-5.37334853752242,4.170681193968919,3.56703329202034,-1.1837703586426676,0.4349130444785061,-8.825778423712896,-11.072258804366896,-5.731285295152822,1.8407249504771945,-4.956721972851533,-0.43029707085509816,-3.9935496148588787
-2.4763473949131827,3.271652268545199,-2.53199188207172,-7.826358098536324,-2.092977443425686,-3.165631338185688,-7.664816394718047,-10.934462724489464,2.7476473613157486,-2.4424767046907925,-4.0935014869495525,-14.044417826806413,0.765855681785478,-1.3635028965564793
-15.81627508564667,-7.390911495683751,-4.546408402306637,-1.5410866553990807,-11.35707449206667,-13.940332299043915,-1.0327300487183302,-2.5938615173329747,-5.716043144096084,-7.509238135315465,0.3001930099020367,-10.804294046377123,-0.6150310540852946,-9.452002863292048
-0.2597965040483814,-14.747191186771202,-0.3185790906810837,-4.689956861039656,-8.74737446005829,-6.179604946137761,2.9969214172930325,-9.02181701542695,-7.346430546411313,7.242176097126755,0.027849133907263734,-2.931450358779817,-1.9378677244626115,-9.773461500436069
8.66942257277185,7.153472300813914,4.71851703490054,2.2901564386010316,3.423966957223815,7.55083256963445,-2.0292872095608034,4.324092873745643,-3.7775284109365304,-1.3949957898575267,7.941468221597701,-0.020996340798442148,1.0901996703581336,-8.554961560984168
23.603564519387398,17.592430144342906,11.940719924006592,11.765223307665757,8.93231730068706,15.603157605235298,15.049163693381084,7.101506374761679,16.445571027185423,10.808385809954995,12.413493468373407,9.03798257663461,10.596162789323452,13.568396901861373
17.86121253832133,7.874300624157746,26.120529609884464,13.507483586520234,18.67388281055804,16.535244021582262,19.159947008184034,13.532402408072684,14.936784091496586,19.066449598878066,22.221345339321307,19.716222174729623,22.961035488047287,21.017007256188435
12.647488658905182,17.924666036060366,14.837812227155428,13.588686775699816,8.794228998257918,10.577696787487007,13.67057898417973,9.889451396615653,12.493408112821369,5.6040039294866,2.8874855646460063,9.723289168998676,11.442009419122513,18.307241576586776
-10.177016872797756,7.595115088421306,1.544558521971833,4.4936021169987495,3.5952596804107504,2.5155178737744093,4.235042464231067,3.395457007018101,-7.649864753664858,2.207690053173258,3.554903937865891,-9.487446382764604,-4.009142110749237,-1.295942266418093
-11.61411946183332,-15.087275542464125,-24.644900682417145,-11.418294374456307,-13.03771724193092,-17.90763331291476,-16.953432904973763,-22.54011628256537,-24.562065199156745,-11.300565729258206,-19.685361052539662,-14.484600590171945,-15.164508492431493,-18.894846469814286
-21.325469693385358,-24.687364745512625,-19.787401411795233,-22.667989735463763,-21.6861443545776,-19.923267626679845,-20.196147201670883,-23.345823289592367,-11.728352364549778,-12.724144543135552,-18.599320148466393,-25.12408205463028,-19.42924287579601,-26.384171663129283
-18.326068658519226,-14.677106848243032,-18.61018897427026,-16.21126912046001,-11.230722000079902,-4.00587480440211,-19.06483067161519,-15.976578028634506,-11.064419137884409,-16.433822536970883,-4.975074704814629,-21.33283756689497,-21.490607257053647,-7.584903375424987
-4.70371818417325,-3.279773357188125,0.85744309472277,-7.492462190356388,-5.767460096124133,2.827622326027193,-12.17664684230962,10.198608837219108,1.0184011871409815,1.0067516937552106,9.22377458175491,-0.6725927047890538,6.697630948130825,2.7779665593096197
7.8938008615942525,12.445746780316837,14.637511351544969,7.719411947990519,-3.332088400834275,11.597046660234781,4.131178606639641,9.338681669787096,5.839669236043981,-0.9142459152699036,16.69375734295476,10.51435712881017,13.959913210242508,7.900409543827086
11.97276909349738,15.575126978126717,11.612764190660965,8.060501747125368,20.442640353657353,8.762828416781613,20.330002622602198,15.752113213255882,18.597796821855898,13.73167384866215,11.22009626618746,6.233557494754842,21.411344547106346,5.517556884733532
5.039483023380227,18.133661181658564,11.925571960209817,6.240195515058694,12.807199466726662,11.562728639772976,0.32296817602380834,6.596779180102052,11.291655997352978,0.947312690476755,8.884887322346486,16.91884401544262,10.989397337709764,10.570124769925823
-3.3179305412512754,8.528927747401333,6.397213396027665,3.7833469896827534,-6.244937661670206,7.1848400497404885,-2.08650840454128,-2.9774639768862476,2.0935513443373974,4.272848485185859,8.30567940205203,-4.7174809721841715,0.631238632822904,12.11414035700816
6.718739279551396,-7.23877658824116,0.851204552495384,5.6212683027171915,0.2472762354913836,9.297613360795431,2.1873854097848073,-3.5792399245164104,-1.0492860866124032,4.478652398935236,2.3263169843962785,-8.560484072184757,-2.194758561842745,5.582834447065936
-7.5330113205207825,-3.872488049746103,-8.160187548071185,2.180304947162643,-2.7175915063922718,-2.0243789967734713,4.73728212461523,1.3024030639627753,-3.7893193100092297,-0.017840309040956515,4.544150651953133,3.446668591944782,6.661186568347027,-2.5388028617850082
-4.803486873423337,-5.302139575864049,-2.2192176923783724,-10.264697542598157,6.021351629119594,-4.835270071032102,7.398728126066179,6.065229348871799,3.9602845236351643,-1.2331841772895638,-1.4550995214794409,-4.359251929335915,-9.033227628879974,2.408487420476776
1.9430279551600496,-7.019800716232215,-6.741345437286747,-10.112118798744163,-0.43834779918315014,-8.233982496167622,-9.861725860977991,-6.525804770616957,-4.9200613268874065,-2.8169711390177588,-8.424847269462404,-0.7494233880464236,-13.12816472430942,-5.412160675289318
-9.009738017992557,-7.606993638295746,-16.008580479687787,-6.771469708253684,-11.028911460683378,-15.523846085027449,-7.429121603794551,-12.911607967266201,-8.43831424086034,-9.073737626355852,-17.656614547083954,-4.895061807397019,-27.866305221899502,-6.85686867404871
-6.928561581523548,-12.456479875980195,-10.218254567295867,-12.533838638368984,-17.316367645282046,-9.96854771285179,-10.567754546140304,-9.111454305812199,-12.00315045485044,-7.242859850852591,-16.24828583542459,-19.141076399594056,-7.028534353572262,-9.728279161466748
-13.558914199126466,-10.332272068542629,3.8264433905525665,0.8080074227257015,-4.9128331662498805,-7.838335118392221,-13.392577449755539,-0.7421438290291666,-5.901709473597492,-2.968416013223069,12.173208830197439,-11.715053802898503,-17.58122111620385,-5.3857337987572285
6.4523474513167995,4.184060000458211,-3.55916858372061,6.330274977359341,10.639441060347526,12.848895327196297,8.885583334907192,8.95061998351132,-4.3515821959541965,3.679119346505747,5.026400604352316,4.859683680618003,-1.4267568121906313,-3.9511020481065655
16.981916437723456,21.32003769805727,14.912586303712297,10.087795248910457,21.054258618091907,15.581678327008383,21.68197146915642,16.238070842549376,23.5720046204423,15.363329028926493,23.191772801124056,19.122291653738237,16.02780534507652,14.987575024620806
26.261272755592977,24.796367205584776,17.98668636175448,19.953425668582874,12.601603089746842,21.1704158215802,18.026083608413337,20.023676973898887,18.85141952331563,17.63476115331879,16.12777107850425,19.917012063779637,15.047171727124297,18.92543599935537
7.7553190798045675,4.375069722412737,24.909207634162684,7.151479660100808,6.020059726346833,13.340308282188635,3.441053036570212,13.993247314618998,2.7532237845004577,16.935791459768083,11.33734932761108,9.273829861641756,3.927931148205605,6.965113395611647
-3.931334683805734,-0.720665425759381,-7.181236908884872,-5.06248917992507,0.29135839221619264,-5.463846022583459,-2.8327512017176892,-6.513754876434508,-4.104718567635431,-3.49738521873163,1.9670978195939002,-8.852076276018497,-0.32386440122005933,-1.3464452738632167
-12.036761428816357,-17.28890892428892,-7.342221263293682,-18.664263872872713,-7.243882873061247,-21.953797707846746,-16.725316628144682,-11.668904650656936,-9.41724820556222,-17.100292232770567,-17.370368197589386,-9.627963767487508,-10.381722573060895,-12.554122592096707
-21.54910066236252,-14.83766161618098,-10.455187277519297,-19.366026617365623,-19.741056404103563,-10.068884167593655,-19.280475309555946,-15.697450214825167,-10.284113011991643,-14.631437811207016,-22.759038124452843,-14.272071084795272,-12.446631871555672,-14.672950144034807
-9.125120319392845,-7.451893914879331,-1.4301017046554652,-12.491540219765376,2.215846883830146,-10.476678854572288,-13.394724261142283,-9.514007664148627,-0.12301587675884385,-6.663375428066084,-5.749715641054073,-8.36560548290271,-12.02680354581923,-8.191705642105411
-1.7339142898997197,-3.1358350869730187,2.4187004449624294,4.339622335623914,3.563652424152607,3.4445992769334395,1.9912778750037057,3.192537555488381,4.757895487039789,-4.382067133207015,-2.06975711347965,-1.4970689270496436,-1.4139072242482178,5.601117951129772
1.0588481224411455,7.506460909498536,-0.8982437102478622,-1.0929989642043987,12.106762203131161,12.004496527056272,10.105702931303009,2.377726762958179,6.111848481131402,10.06197342668531,10.842611859250798,7.633778778991148,13.300903718429513,9.058541864094238
8.248848747075247,8.423736416707117,12.329014638443414,-7.210260017828412,1.700702706749682,7.421278346392256,0.9018550043305034,1.1512207035090776,2.05399654861409,1.1641505647997454,3.0330866680328565,4.105406143376538,8.65914300252512,0.4788887284105545
7.511224257764828,10.554042903458708,7.676141266849721,3.0769586930501265,-0.3658260855889779,1.34691624002224,0.7557317953561311,-0.09327397547446203,-5.35365775213528,6.55272171769268,7.970023714325404,2.629107605495117,-6.357156161140358,-3.4570867696768914
2.191394523386005,8.934397513076947,11.984101085287632,4.082420667653953,10.712836861403522,2.692442428251182,3.5987170346035633,3.0474303158241662,4.344970486643725,0.25172340608994404,-2.750435049795895,1.8248528169727365,0.14972667160444875,3.59256911643308
7.837009092097471,6.12799235794741,10.59684988565815,9.88874416331693,4.550628601727472,13.791947202256862,2.8048685347181026,7.980413766750578,14.388379944037855,-0.4761736374597998,17.16030593232241,17.173061945604104,10.02680572592432,9.858573012762086
7.028019930169924,8.73281689592081,11.019174535991032,13.03560503335504,11.034745099864434,3.327092056302428,3.961889975128674,9.990001794234198,0.3224573761249818,3.8209128368577865,9.855678472004413,15.983834074171309,14.934694971813748,1.385951123236211
2.4133009674979924,4.0679024850791645,-7.086067062338687,-2.937622405784264,6.8732195679469665,-4.411968610270198,6.594994625722341,0.6088365849571078,3.0190706698020446,6.148068858065368,-1.7135732455906902,4.603006959752731,5.194481649985713,-3.1462839419127544
-4.466444478654452,-6.682912965789983,-5.479625321667156,-8.453208065574241,-14.376564331182697,-4.422690309743351,-4.428026162867843,-9.010416486852465,-15.739253118971396,-8.39570585212633,-10.749066166782779,-9.937872567053327,-1.4801039280937616,-10.419820099861196
-16.60162572297759,-19.082178796787293,-12.986912774918148,-13.920635041982125,-25.385091539493047,-15.738765656237097,-15.81112461834682,-13.456432960282065,-22.486731701433637,-21.63549791698324,-18.393157242950966,-17.48499943856943,-28.412293378102266,-16.265271713822784
-17.56799374066572,-9.74124611370972,-16.98563958328088,-15.74396688206059,-14.576571090870928,-30.589823971545744,-31.156768185466483,-10.988516304687918,-16.891607879901656,-11.183229279944605,-18.782519018523804,-18.919842077046336,-19.75977271927536,-14.160126088422452
-10.946619531285787,-2.7041200477656817,-19.443556448330604,-5.895395250776875,-11.432674300632701,-3.9626085582028234,-7.047143038370686,1.0471955805562487,-5.629668945978284,-14.765352754269154,-7.664666158266156,-10.49446229954452,-7.202689672592991,-3.722568611669406
11.947803023131986,5.349111225499344,12.738732767683018,5.028313176711084,5.648661420100867,6.95047901001287,4.146425682578676,10.015492939789878,13.178465889603679,5.783470034471045,9.959163751593003,5.843403640019476,6.410761272104572,7.796992899109442
23.52706443439243,18.29453146799135,16.86290133432524,17.27133551964357,19.00251724594619,15.492470541228286,25.444123861431525,16.72214335466719,25.798612433821624,23.899111117798547,18.662551072625572,18.326355830828096,23.451840225206205,17.00652698147043
13.304363894278044,15.139056310754082,13.349272586304929,12.38303917401897,18.963656406482407,5.360233135312026,16.29959405630916,11.540229054124834,18.03018352353672,15.585409671382267,16.65161214324901,21.66428111491288,11.999261076181252,5.327202045623563
6.729514679203756,9.83430490138108,6.100469394199182,3.9712050491978634,6.026079816650591,8.1669619930714,-0.47749080004344613,14.25155061644045,6.244847963701503,10.294181627288319,6.680656615961748,8.738629485562877,-3.947132454305976,0.4988208247284849
-13.382712709237552,7.7691854758478085,-2.9373782132071957,-8.181668215701661,-4.5894404554789725,-9.860636605559272,-2.837354016584797,2.849820110528385,-7.991679242709285,-1.8132397992518268,-1.8211639673051283,-6.6056267174364365,-9.62379456096128,-7.696622742923902
-13.266485824184404,-4.43636666049862,-14.910564090011475,-8.706404108497034,-2.3083481263487844,-11.195763146365028,-11.32556561372511,-10.830391997659287,6.79706183472479,-13.66418565604511,-11.23984016089187,-7.717836582918191,-19.81983557389293,-6.327460551276241
-17.544307264657295,-9.363201019092111,-2.3405975942223023,-12.2497732757896,-2.8089122286002803,-7.608484129319868,-13.407603388882318,-5.706406296983348,-6.625448292213088,-12.468430730630821,-7.0093470812080865,-3.0418186467272728,-13.834602135267945,-4.150607747956932
-4.6978541288071725,-11.01341358253357,0.304893966722938,-4.010499658579342,-4.9692657101442546,-0.8131622824740572,-4.314364429031963,-4.81359858592671,-9.877091148459357,-11.304081238839895,0.47958072421979736,-3.9713138622659274,-8.531500870550794,-8.258450508221845
2.947388383674493,-6.349806477342229,-8.839274355554126,-5.159950308105715,-1.227104385901256,-5.929002126024524,-12.743917064372866,-3.5443824186138175,-0.9334203209082812,-2.145814674512965,-7.000747621733153,-3.4038226733974937,-0.24648512877175222,-9.176887366452663
0.2899152915732106,-9.51910273499442,-1.7188102711558884,-0.3521074361458716,-3.629792296396949,-5.856402212645608,-6.127086517682111,-5.277253754746328,2.9936817511466662,-2.0142832543641305,-2.5811813898824734,-9.055497199980834,-7.677829033205608,-9.803957553384027
-9.029355065898532,-8.129871843848397,-0.6695367916309896,-6.956986302203481,-1.703226830420299,-3.8495213285641317,3.401882707071102,-0.8903520702508763,7.285200570376185,-1.3516560392027324,-12.639460729042828,-2.5655374835685003,-5.333381945734868,-6.138196743757341
-2.6490247584235256,3.534914834963435,-2.341518490302264,0.5567867276521352,-2.4077652507414924,2.6618569179586524,-1.7202813782330426,8.132007201907449,-4.761083014431451,3.5541705879957153,2.5767387477217554,0.6607484121719512,-0.38957597250452025,3.8176378885922384
2.4301158545758543,18.715615808282113,5.031347179378822,10.11300435090158,6.043662043229364,9.992792240816824,15.094252089888716,6.950446000547828,16.499492877157117,13.869482842038853,14.731989204976411,10.100793261515685,18.960652088422123,9.345608366258094
15.234351603775236,9.611338073953704,22.110813415589014,17.994298826534845,18.85381599109902,15.147919685422965,19.12159806018335,19.111253853931583,22.24134693245626,11.378015969825377,12.163538682881235,11.766264567337043,23.49942949594164,12.413097293905313
14.781312075785365,7.9548469649383735,17.525361871932482,22.426728826810848,10.998623587821584,26.688814785269155,19.139195569011463,12.99355477446405,12.119120868237818,16.789706602646742,11.922173211568477,17.05536503295742,11.540343586536558,14.070742834202447
-5.995144183279519,4.153954078030743,-0.520401418831502,5.563250640673824,-0.2501294372903926,-3.7802456195899508,1.6986255864378348,2.431615854239292,-1.4983341137438126,-1.7865586946836938,4.139661476951092,7.787139881337467,0.428531143131069,-7.54796039557274
-13.130843126453277,-10.666684423656024,-8.658995467533472,-4.593712341939781,-11.754092275210011,-13.33602059061009,-2.513606232901548,-17.845888259249946,-9.06894814997763,-15.038279017758228,-17.84584091035542,0.21127613523277056,-15.017781244651387,-8.931518991697034
-23.377470205778522,-13.823957790554008,-18.928178121578224,-18.032299030345385,-29.277364438637868,-27.81428369365047,-29.096290587066047,-18.165644142106537,-26.145425432011685,-14.301248531482022,-22.172996367419596,-9.1008591235248,-16.38720577485257,-31.89693064644524
-20.373660029626244,-12.156862082779199,-16.462281301842744,-17.860608143299327,-12.241959041577077,-21.401935101164714,-7.634578103870545,-12.577955476235319,-8.62488724816898,-18.0090877660718,-25.357640531863304,-20.01413410392841,-17.09490941695875,-12.85113353713892
-2.1905501417623876,-5.548288472022055,-1.6969468925968592,-2.0554495456830875,-4.287394377745952,1.15621248723772,-1.457220998868729,1.9135352370827738,-0.3812558713468319,-1.9486671038943524,0.9846547186407446,0.21583388513405266,-3.3767928507292506,1.9117935259857775
17.523809442324293,12.70596150141668,9.992926388715885,14.962358372705268,12.831804959828965,11.596674467438367,11.527226098556154,16.546490293806436,5.731549158887534,17.09966369509076,2.185648283029307,11.177521532443503,4.659008510900556,12.7597252944464
12.059812093800343,21.030236545596384,6.3892605044423645,18.86068299961641,19.39929567118721,11.880416136958152,11.807347756046614,19.134726118029292,5.698854997957371,6.271482187186618,17.174487991041545,19.855684832015296,16.97750849579798,17.2914487786805
2.889917174787115,17.014640811445858,7.56447617325842,4.636052846021549,8.635029857083628,11.264434150506705,16.52666689028134,10.700101422694646,10.715583216060157,13.20828479645153,-0.24432312487597763,9.190022468099135,13.46960845648039,13.806886064191316
10.397718762826182,-3.3269228995767914,5.475301581801026,4.732882382390091,1.2071215393416193,1.8933468565391787,-0.9126717977999546,-0.9102466565310747,11.729817564842225,6.237652233537853,9.475387979309092,12.231502208567651,7.934729152454336,6.132539167524608
-5.435199896179699,-1.044390730256882,10.734794950116505,5.949382779784249,-3.658946533492847,-2.7360766098134244,-5.356043826088908,-3.2894170509405285,-1.4436176380352204,8.112336270111305,6.948179369060987,9.121899966348634,-0.8548694908738428,-1.6957184386902548
-1.1725917838052302,-7.253681247868824,-6.179444500441201,-5.459779140587211,10.15239627092233,-0.9541382048187381,1.1544385802489758,-5.3641771244710785,1.7520432701488033,6.423661951497566,-1.9343284489325665,-0.504885319562871,2.963356125866232,-5.650842053122334
11.475989863013211,1.4662977962207275,2.7832057360221576,-6.6644472762903355,3.0848400689042634,10.791104082724967,-0.35310286045399786,-1.2013085988934984,5.493974504001455,-1.8764499589665227,0.27406845866706275,-8.323864022556597,2.4848647397523362,4.649167322107987
-3.1804262417612787,-2.507418038269317,1.4286223367011495,-5.127261798040933,-10.001900227774025,-7.736544387530718,-8.452667826555501,-2.2655433451810647,-9.172692081202168,5.740036106521016,-4.288430654168723,4.331857816065019,-3.5546631440766685,3.062503277198074
-17.228905132456383,-16.938026521099943,-13.009666615121805,-18.381579026716423,-8.441287602032393,-6.78633619903926,-7.3825378672355715,-11.506770767579502,-7.838668960562078,-11.124599884586273,-10.811507099057856,-13.991270504646485,-9.781223434100536,-11.844470753780145
-23.032545914162768,-10.126272161684266,-3.2502135265195538,-23.767767124673114,-14.07207111283268,-6.94420268252731,-15.991745023175856,-14.876496104726266,-15.827336972537346,-20.03410258490031,-21.058487887959792,-30.20996602097857,-10.367412561786276,-20.303442388688254
-13.820807601731762,-11.265058874310746,-4.764455704791283,-3.8035039813421676,-9.434838168061452,-2.225391627006318,-8.628273218185365,-13.455579820130504,-6.1291958211854585,-16.182417906213384,-4.065898826435092,-7.281968116987074,-9.40357162654918,-3.442492161548909
2.1981121593085935,2.497530580189078,-0.025727372440179863,4.022569908837761,1.3112800778753324,11.67104144072286,8.62358575091123,-5.31217804122951,2.60575139839258,8.537532401447248,2.388824326028818,1.3517989310330112,10.137751319818324,2.1044167458712097
20.96955536864094,13.756409329194781,17.63664497797033,10.912080426167073,11.327433620047465,16.30218340675091,21.32106826857663,8.693004979355612,14.944179664711008,14.73753393440207,13.991190477484759,17.26758437167662,2.364652227390483,12.532073300382741
24.486832623975936,14.387545155710328,19.245848400161908,17.759914500855096,22.701688953072033,17.625631983402503,23.880579995099808,23.929041050519704,20.62964067583937,11.62490715361716,13.105435039172955,19.534684353408508,17.003289683627173,16.156713064607846
16.031388810789593,14.577229279476859,7.240586267883861,16.82267399454418,19.39904627982072,16.86389862972979,17.086987929192745,14.35473109942484,6.2024620055348425,7.081763848479847,17.022557076682226,7.208385844209435,15.687155694893669,18.431738178899586
-7.13453644519269,-3.470790199478712,2.2601796492531037,6.392043894878072,-4.2520523960875165,-11.082362448743005,1.2463884701279093,-8.781024967064623,-3.218857852458797,1.4855693964149757,5.323170950550145,0.892662937331375,-2.2728946555543,-3.2157417495148017
-11.930719575787307,-8.59971267038393,-5.259680956064214,-14.108373609037681,-14.817476845581856,-9.011176905440111,-13.974041891498894,-11.860175316014047,-13.100498452151147,-9.10908112828594,-18.723594731678823,-14.52171073334739,-12.945859461982558,-22.351904671252736
-8.969848714784128,-15.836346775598663,-22.328193553304565,-11.681123120203798,-16.92817587513116,-16.7889656730281,-13.211920615437784,-15.036212517985204,-16.57483682136331,-11.330150781433565,-2.6962501905332985,-18.888041769139306,-24.335166712821884,-13.17665828447058
-3.952642579552313,-10.885940867893954,-8.577760438217686,-13.449472160093501,-14.684683550295816,-14.275188402336664,-9.201770499257155,-13.142469512410088,-8.302210338714758,-17.543463886616927,-10.705363550497957,-1.0741783656690238,-11.418782428510145,-12.593631059904464
3.527588857123063,1.418899274428366,-0.8424914948541442,-0.798829057683682,-13.18319217181574,-4.367204964060679,-2.1503257258500845,3.5003604432845625,-2.925152123105732,-3.9472036671281288,-5.207789289088176,-1.8154425569282777,-3.0337005177398235,-10.262556157249659
-5.612674402504737,6.824535314846705,5.824532572177445,4.34980342183627,8.259182739514648,7.239089464306069,8.646686970095002,10.902546943477265,-0.952098686929495,-1.2903594668057172,7.859744696776439,1.6031138309687645,10.85535610547601,-4.624015970291598
9.694138608183342,1.4086268354951734,-3.666124628312435,7.971704338214851,-0.28723876109730373,10.207648475548204,5.947955992685194,1.3888561092013694,4.5000288451135,-0.710515444841473,18.521825533051356,-1.4123011062611406,3.939757493833125,5.317774014287908
7.058931118013554,9.378006152209986,7.509447433231683,7.89123155512714,-6.84156738266826,-4.595397118559364,1.6831181544832992,1.8352207355871224,2.4357330732164075,-3.2684032519392705,0.29001746946936713,3.4529404689263004,16.219346666940982,7.369400436345937
17.788924594236,-2.239418889704668,8.396058866370144,8.68543567629137,0.24570011544890136,9.243793236944022,3.647304320537416,4.836472503111798,4.454079383900789,10.453314512918393,4.981973989332472,2.822815677034008,11.92876719595982,1.997087463058489
8.36497119162849,10.946900786244651,4.038264654568467,3.3267092523417316,9.513179573762164,8.553000823956571,6.360007306329296,6.922469359727869,5.288731182639244,8.861753917658111,10.012906270498778,3.8471652422784413,12.749592657561408,9.10508636356774
7.309416400832559,6.354194941052256,-0.07750298689173185,11.900245650511609,12.980214056969096,6.691033916096452,10.428066649990985,9.690514836439117,10.012717705793564,4.045966729016936,3.4412484464029243,10.67037073408966,8.38435993123522,20.209625671523355
-0.4929543887376697,4.203110253965495,1.9397953665673258,2.534729375436234,-2.4924614737981994,2.6765650340716913,-0.07609335578802723,2.5873629370898428,4.822634574218809,-0.1938656662783247,-0.3268468152004331,10.180861696517834,3.4710147736093067,1.4808161155972153
-10.76634655722357,-9.065761385000668,-12.463965000662217,-1.0126902282487142,-10.296946737018521,-7.9620115730241565,-10.304386440117074,1.3830988515639628,-7.056573249187768,-8.467092465795087,-7.883715754992033,-5.59125880564695,-8.9886433790189,-7.313448401049683
-14.442098669098804,-16.13367500612926,-14.597587350209432,-17.357384098316768,-20.090165367786497,-23.855082767318862,-15.447369824608826,-13.106843718084276,-23.495240036515757,-17.05315543888639,-30.82140612575821,-24.926921093509137,-25.425054202994428,-16.431004712527102
-17.577145543860844,-19.298236207739503,-32.47975981030288,-30.038039309061666,-19.00580063919614,-19.350863825290386,-17.830180080441952,-10.682756191337152,-21.157985935707984,-15.118771370223701,-23.277929785881284,-15.813870611871142,-18.43039765273945,-17.722216036523616
-11.758652591811893,-7.563607797706485,-8.817843589642925,-10.019790799225632,-5.893757423156039,-5.998452353299457,-12.4178378483736,-7.933919714667533,-3.4977004937344436,-7.388580879609035,-7.798860317282452,-2.842242502839163,-6.48474287463782,-13.233362441359679
4.071948940671885,19.653595987147888,6.116371849287324,1.8882938623699843,7.008485441074517,2.999861438772413,10.36285760314987,-2.455846076092774,6.651538914326804,3.465651711731459,7.015606464695956,3.602644088174348,9.792733560438762,-1.4661930600655033
16.213639635900645,19.000041985344456,20.112132863287766,17.70570470866174,3.1532800739507927,15.441974002575368,9.941261874337528,17.131203815184882,14.573224588557746,6.582974350263038,18.483987263375095,5.034985446882988,24.11357010795257,19.467097456806165
27.6026407257463,6.651639395194248,21.852812028650458,21.5488180455636,18.629718767976467,14.250264774431834,13.806305879372609,11.259491733465692,15.32488326818459,16.978938161073316,17.063028572315382,16.675106416912254,12.786558461378851,14.383621279884057
9.521520284401365,10.944112015413355,3.8422933515743685,8.178173617455117,0.40345958550388605,1.9173988120818155,10.506478714436106,9.387172965859712,14.13581964019199,14.625467547678277,0.8190189765359657,14.500631298058465,-1.0855396695859039,10.723397081744112
-4.164943549447244,-2.7805437618012405,2.9715174279007766,0.7240993820128314,6.144651907612474,6.39151317864413,-4.142436004630454,6.027129959598421,-8.401133746152308,-6.799838480901054,-10.822846607318173,-0.8840705176100698,-5.548107203531286,-8.943263662999986
-11.767751625155892,-10.24192197747445,-11.39676360033424,-15.40774847981928,-15.417193419970848,-6.742641805743309,-10.107823412364015,-15.59728786575297,-18.909122314923522,-2.324083577787551,-2.985776588210645,-9.93178200374107,-8.717207227310091,-4.556637407096712
-4.626694216960022,-11.425942440966365,-12.524077906509817,-7.698444007914666,-5.870591486351449,-12.095197113069549,-8.239219691846433,-13.202575778226166,0.7305791348493678,-6.521339128414882,-18.937102503772632,-10.187140061285227,0.21651744630952408,-16.354306727716654
-12.621956263845345,-4.905354114947508,-9.537922240273295,-4.3103334057022185,-10.365560081968823,-12.452276909970468,-14.654443541470986,-5.655598213164432,-3.6488310064838254,-6.549862966648796,-6.029983825434433,6.342080492072663,-10.790425303121623,-13.5306613347112
-0.606586784588675,-4.2274954011821855,-14.141274565040376,-6.913235249671938,-7.913370032167644,3.7108661653547994,-6.55649905188218,-7.9668296121790005,-6.616441813246025,-4.486925564112263,-10.149589895534007,1.3044095936400888,-3.2326753608359127,-0.7009907008530574
-6.55667232966314,-2.8618736742236948,-10.503252421005476,-1.1762161915457776,-11.071579286871003,4.225865852464489,-7.694065329649042,-2.019405738520468,-3.6126326222025513,-8.190309603078639,2.09025323496264,-5.763677174118225,-7.400571863735145,-10.479362864870202
-4.815155982200538,-7.445175725112494,-3.545182083100933,-12.137483865581718,-1.3022775657429508,-1.0591107530266601,0.6662897499793665,-8.039236995191285,-4.2434560602513285,-9.487762649667058,-3.847051323541962,-5.908645243100729,2.102657969604217,-8.379991780626117
0.28328163687242325,0.15700578779135163,4.503449263464634,0.508365476599119,0.4170879191740571,-1.0649705591341803,12.117242981210335,0.9699888676110631,-8.378598803070407,-6.62431264973522,-3.5372356210302494,1.799696062927313,-5.013689233094132,-8.736730911887165
8.991848095393284,15.476949669276284,15.980010373290938,10.624349299908836,4.386232974937284,16.00572248384895,6.501905017517427,6.237273607369028,2.469569024842734,20.414490043188778,17.387132176079724,4.361989835787406,13.190792368545369,13.243876866676649
19.991218729147874,15.233468774711069,2.9241059883032055,7.839598689704153,22.747166116069355,11.311298965947337,22.596747627914446,9.508983760873967,4.19683983920395,20.212102688081572,8.40672963961844,17.224625128876674,23.378837673217152,19.91526701288882
12.545498170411902,18.744423451341348,20.472472033241836,14.067042408317036,21.90533849021808,14.66300649750668,11.653492762590528,7.298702353806462,12.875653658831073,14.835504077334042,11.057211548680577,1.0318288499822934,8.763631335141623,18.509248781762153
9.557749674621505,15.503478159311552,3.0755902773407278,-4.607440840547642,6.800752939378366,-1.2137723781734264,6.904732641341226,-1.9831259214937331,-2.4377268952172457,7.733063378793815,-4.080830347295234,-0.7896518108627077,7.498826427576312,11.125183686962703
-12.397078939830552,-13.626900933732207,-8.10726937619038,-7.256128902737576,-7.130217468799061,-20.504655747744135,-6.0334474097684945,-14.319399315161615,-7.154302191373235,-10.381164195410378,-19.352906244561662,-16.23894577752816,-14.663925451661385,-13.257917861836521
-19.157827154125584,-17.933673677870964,-16.442553147983833,-12.91359241483055,-13.622616264801557,-24.323917296900436,-20.294585048486535,-22.229094074644156,-12.188616929774414,-14.734414393531594,-23.95646800795565,-18.37981391576567,-14.951600926145547,-16.667063676883775
-14.50580296913092,-13.741038780851053,-19.61892828770799,-12.390987554632895,-15.058844623362813,-15.077500485614372,-15.536586474166757,-14.151588510688082,-19.785890874917396,-18.84848220097172,-22.525876117701802,-17.12820299764799,-21.2125877581547,-25.348251699233096
-7.343747422175485,-9.626130849159118,-14.215984406012382,2.1276056913483536,2.7150143808529945,-8.184259941098006,-5.8860854732071655,-8.841220338792988,-0.958426204210066,-10.228812927846274,-7.443406364656321,-2.021801515339379,-3.9605618908737226,-4.32959426122249
10.716818560010058,7.0366207403798375,7.842831602835077,7.364738702389794,6.1080422803533025,6.702266558199491,13.66700499075657,6.623637646732541,0.2925494584477484,12.616103377404334,5.613499500123355,9.265350996230007,4.696497959826377,-4.691042462266384
14.887387121371505,16.66647465506323,11.891141328788823,13.612810995723558,19.285915135095006,7.409922241371537,4.2203122638736925,6.814980208372143,16.398980433881583,12.73035551450141,6.9892742222814705,7.772690021601623,4.477919324534698,16.770413185066552
10.603175351289517,5.347748699042878,8.9377409541466,14.74493188808046,14.529009490382387,16.623404754319495,15.604199536816685,20.17363634384338,6.020533668896459,11.342856177899625,14.951934914438622,6.727461096880023,17.0235790864608,10.600115730129932
4.235253946315759,4.1039272621272405,6.536484419684638,1.236260337824667,12.72582798723304,1.0049732455054512,7.576039708100277,-0.988484396028027,4.462296193845972,1.6407440688746124,-5.111223840463008,-4.836789533825916,0.37334382899117013,10.165201827180107
1.6725656903660162,2.968825441780104,-4.049122404781424,7.305761209956188,-6.84392040569522,9.168811100612949,-2.1148510585127878,-4.755655606325156,1.7986917328990253,2.4072102166040743,6.1779913860411,0.17020356623769956,-8.094573190358343,-0.7004505697328067
5.090737649236184,1.123292942412185,2.6481656295424916,-7.676683410182074,3.9316305836765983,11.549610178953948,-3.9806527705696895,0.891233590491266,0.995235262772276,-5.248099608592572,-9.51216113919392,-9.359664580703573,1.1843292261623954,-0.704374175569672
0.9924630296377159,-1.837551352470338,-4.568480084889602,-0.8197723422912565,-0.679700887477169,-7.7398803142251476,-1.8147569091485867,-6.854357440897468,1.5085237155353772,8.1783550205915,-1.5114534000983657,-3.0603463511236897,-5.155032720879345,-1.2890088250066651
-2.5275044088511796,-2.053236371783523,-9.822424711057439,-4.07046029236622,-0.3028202286967874,2.7651782966465595,-8.967662552033904,-14.28417560344935,-5.7891074926556385,-6.880463714345297,-2.4149211266552157,-3.878280041569812,-0.8348459362827714,-8.406601571319387
-11.551432291083074,-9.4616164142903,-4.9514280548912,-7.936464230136075,-2.436560709433672,-13.692629401940833,-12.479834481987112,-9.423066765108667,-11.445171125197781,-8.625813082415776,-8.670975296358101,-2.6992431585354577,-11.90483151493651,-14.13156301682852
-10.527488017900453,-10.297825642172747,-10.404902873324797,-15.187216146375906,-20.653087623474047,-17.760176905455978,-8.107649662377078,-13.497444262873623,-11.705195599027004,-17.5766056715987,-13.426660603856273,-4.325433807794106,-13.636603866028766,-4.419626381012012
-5.426206527659579,-4.2198599717277,-7.490959234415398,-5.438951625336557,-11.28276496096852,-0.5584181825630008,-7.161322455299327,-6.886610519295768,-13.86339525460544,-9.21037058767261,-10.263366175556985,-12.733657329947432,-13.131905629050422,-1.321165445976412
3.3516149963544692,9.899227664769537,-4.560735266927382,-5.264684690461503,4.1251809556086485,-5.025581094881962,-1.8980578701400068,3.0849742369204027,5.684083270184093,0.6258204351769748,0.572234618450211,7.564512434921225,1.801492639616733,9.560227326409173
19.193251670373392,14.81990606908488,16.983552851260736,8.493702976354424,21.407986927393353,20.172366949189783,10.827025831451651,15.013852650134515,5.253640189820416,8.432460217338418,12.108913920088835,14.076105374197859,17.080250121897897,28.18022726102537
24.665707415550585,19.68786491221144,21.23512383677489,29.829397359173154,18.985328914497327,25.741058608383394,13.074234882142635,26.034348605552324,22.096297970753074,20.528105866221576,20.119783565350488,13.737789720209024,20.37936835308792,24.52005501406321
14.880115435918052,13.530644705673524,13.017531491029327,10.238512033051961,10.60183222646576,11.673239305401488,19.76497670479722,17.78074696213441,18.101138709532073,26.16428741547827,15.920756164696298,11.088067622951646,20.64531304487974,11.892816988057316
-5.31883116766444,1.9526922070513975,5.905577007207938,-2.104915238050197,-0.8080975636725731,-2.1972830879156082,-5.206610497443032,5.157860426210394,-1.881490013851543,9.102266039254193,4.522768288724983,10.840467919627125,-6.841548153285778,2.41531020907696
-18.958787799915847,-8.552399966802957,-16.41717166237568,-19.87008464636144,-16.0139577159772,-11.609868513094227,-6.424091161248916,-16.41921347265432,-7.09571570863287,-15.878340581865984,-10.786806448411488,-13.116912330930875,-9.997547277344006,-19.151003564874888
-17.17997697089294,-17.322294195500607,-5.54076967466103,-20.082738099422148,-18.320617236364996,-11.553196774547722,-12.515077454956277,-6.177538451753714,-23.129664833972424,-19.922513282667044,-22.469673319372234,-14.695710441816644,-17.534376550068053,-18.986880710031066
-10.580608001905293,-10.137077111474696,-4.063719474089729,-0.5906864207629763,-9.779403551490239,-1.5354838369961037,-9.772616467051574,-6.354238311546403,-10.600083358429401,-7.892064467869206,-13.972173893292123,-7.713463473318442,-8.03620771680309,-9.339671865731674
6.598764938318484,2.268536735517176,-2.015482996271624,-6.011988872749048,-9.211420383846868,1.8247648211948926,-6.744525174032681,-2.973156369854798,-2.3600669217283134,-2.288914777461578,-2.8559967022127917,-2.630700590968419,-4.5678639872976055,-4.869708683484296
2.4168274985221423,-3.6600727665342894,-1.4066603893372087,1.6810155848896544,5.179396102185909,4.163194508067676,-2.0732376584455703,1.2905598153747264,-1.3775668024027001,14.633334541547011,2.1548591634518894,4.600397995666609,-0.1420479652580906,16.077976558080753
-2.1110031409092205,7.995777031718035,7.663887506423305,5.463600438691189,5.068806022542278,0.12395248726109198,13.41672329755747,3.6221815276567755,6.422519742798925,5.2181362518216785,-0.01855643713913846,8.22738596309362,7.654081824555228,1.9015534988731
1.1753058424137324,-4.288056814675428,7.4970972897741355,-1.3296182257253966,0.7153484185450707,2.21405920081738,0.4026593302771202,-2.574972998630506,1.8337141764855174,6.470860189614698,-1.3138741557822309,4.399064812426249,4.556989480272873,1.9136829205185542
2.356452571126585,5.013124045979154,2.479709983694427,4.583562435245321,0.830841082488547,10.617722596927337,-0.2250587240759918,5.395343317959989,6.90870940767675,5.542804787855571,6.921501636978275,4.174192158349737,1.7046910318147472,3.291394138801816
14.627859744441135,8.332934017425043,6.909756850235539,16.92812039805757,17.483912149254067,13.630630251913463,8.876809874182573,5.698163950393684,-1.119205129595307,9.95734871008338,8.688368163317177,5.16970270916565,5.261051373866648,8.68340510255132
-2.3498062688071055,13.023178414575238,16.95279963818721,5.636213015964025,7.720925083237953,5.124189661616331,11.676149183040412,4.989851728929825,13.123088416321767,12.289828230769158,10.631850150445977,6.894068475892074,16.40797563671206,14.799872450248834
9.635258268345112,4.7831377046142265,1.074822276896458,8.851878139115792,4.239388742380392,-1.2407435817400634,1.3891997821286153,3.7007839797272943,-0.6925761002274742,-7.167163748535757,1.886759214401287,7.426241233622267,5.731191416423248,5.2438044608347525
2.0424665425264124,-11.931123267185697,-10.775878974133427,-4.997205151769073,-2.424111213123531,3.480639531855891,-10.308213768951601,-3.7108886629632685,-5.8950670227145,-2.439548736457097,-6.839199939099213,-10.353955655446505,-5.6533372394393195,-6.307956805075689
-13.868022874866252,-12.468992291256026,-20.750605880786125,-15.419767840843042,-16.064846999505985,-14.689707792283953,-12.229474854856424,-22.087032560555777,-19.103352756562927,-16.779482326999712,-7.88529893257416,-17.84693163513443,-20.331950984731584,-15.92082117114345
-25.846490578310608,-22.196710894892796,-9.257878585401398,-14.122909845740642,-21.994018282698878,-14.07201119534374,-17.285770995378908,-17.035230113142397,-22.436117578947062,-19.806452266449796,-28.786106454105877,-13.354112161086617,-16.85148836959798,-15.567668897533135
-14.11039908966163,-15.165133974835799,-4.864486059333166,-7.5344331081651195,-7.547313132619697,-7.312003881060916,-11.672218545692179,-14.894624830441689,-10.849663804414403,-11.064659986105024,-8.949998363419756,-4.146344308229094,-14.26178827256258,-8.59254249331218
2.7831399845875,11.856026590947693,14.88488695287463,-2.2036496463703603,-4.693423298381159,4.483976798602359,2.5252094453495264,-6.389481628818654,2.6806307992661424,6.151333983560521,9.095923264112557,6.87926020417967,4.251281144949956,-2.6153512457350505
22.96384182407261,24.82025918617262,22.24370487062425,8.92581247140638,22.35803949090383,14.240934868343338,18.67378714659666,14.235951973902626,13.418019731832754,13.032825055603677,19.300693283731334,16.360238637536725,13.22574433729423,12.971100805865326
16.31405709056508,14.507491477441675,18.460460579221962,13.887972486006483,23.16116272942036,28.532161155616997,15.083679807877482,16.661246675923564,22.88888127855394,11.439392797560814,12.835042872908884,20.810277745400537,10.655388881560123,8.59204479099234
9.737728427509857,13.474258471902845,11.209003920085312,12.218948111539019,18.30041196808765,15.043943493686662,6.87528793164247,15.82046487274268,15.197307649800118,18.399618212348507,5.928532100760181,5.453883412188103,6.040178444454993,-0.1836683265385286
4.486044453840877,-11.032630210989687,-4.142319312267897,-1.5676446316636983,-3.712776797379082,-9.976205474053632,1.0620279990322756,-2.030800444926246,-9.152306519518717,-8.019043639162465,-6.497052670917475,7.024345247313726,-2.6024718920752727,6.834097209916062
-9.909737779435845,-9.923584131387395,-12.303937083509716,-7.305574345265845,-9.382201108155352,-8.809845186521445,-10.453771540808994,-13.710328168577023,-14.155428918741876,-7.721104574485155,-5.93415711777471,-10.856216395603251,-10.618941921638736,-13.688209097240108
-8.353289847150084,-11.129479883654351,-8.352664067147911,-11.151436821343319,-5.589793071875649,-5.827934754410737,-16.273950925084836,-7.965976698559326,-15.872667716913952,-8.990965728292375,-7.193562500499664,-12.894062064643098,-18.18513575955148,-6.324325915935608
-11.737075942532176,-9.075776097195707,-8.74584748782259,-3.854382005532636,-14.98446023358205,-3.2197867296038707,-16.71188511402587,-1.3626298593667272,-5.557999442650495,-6.525862609524822,1.1567059733010137,-5.736300296110129,-5.192047886370627,-6.1075954182083505
3.890660672069969,-10.600317372602952,6.37584374697921,-9.381810359564376,-8.527519852393771,-8.601212273546576,3.0792845322873825,-4.875092038993209,-3.4942773156040703,-8.324476450337386,-5.0311545713935715,-8.763357323777077,3.555911197075427,-5.949192766460978
-5.729364910248987,-8.699679101612961,-0.05258628789265973,-12.591020093730737,-9.232874621815444,-0.8018327202777185,-14.097935948364569,-6.76393566979466,3.469188869846608,0.4912170979775441,-3.5986607617791186,-10.528787569093968,-7.334151458625775,-7.16067188494692
-3.600347753806846,0.5126686066138326,-3.8888923408920597,-6.079603019946111,-3.8329967387639483,-4.902651598557759,-2.191777004656279,-10.693454984770932,-2.3372977712883505,-3.690959622041952,-4.547760799162046,-5.04866319720208,-6.550801990273227,-13.054022068047011
8.965113112330332,-3.1636305747781264,0.8594640854299758,-1.6420940499879415,10.837468671837943,-1.1278111494131884,-0.4965175787180906,-10.066556392030673,-0.9540352899375988,-4.415043068667066,5.788625465989188,-8.099488402159217,0.2630137141529667,8.219850198637172
2.4265605095273894,12.11160559917758,10.490998175670157,8.581746890761597,9.140136551833427,3.871654380698399,5.517000665256949,11.44675487999793,12.07796515711891,7.797131915740424,-0.9458882108831048,16.887600072732273,9.542872749629494,3.1850325956773666
10.97116473291759,6.130103944933438,11.339614104838397,19.427918180047442,19.614225043428508,20.10296649724721,17.603452300610964,9.897140793166361,10.014846708113225,9.547713742551398,20.300949862134686,26.878742922249717,9.547322628836941,13.455422984848669
13.933051182470816,16.03586791579771,5.203772987326731,20.11594661977787,16.160249599693046,11.395744947457562,17.59493679821792,12.195255252104172,15.256967840483819,5.330945822518414,18.71982473058331,8.105736124033015,12.53388258434366,19.2691059574059
5.746322155600402,1.3745295113070064,7.330113136224796,-0.9583411208289281,3.3122207485107493,-2.7115335410430044,14.895653298486131,7.119989684582732,6.426446006896385,5.102856208330381,5.6810011842746455,5.425387172480472,3.9291307968871676,8.238521229720062
-10.295396717958424,-14.708621994833152,-8.483850066756876,-5.1051403397026505,3.0007778246072903,-6.624037081076828,-8.967094727704064,-5.6707572357492735,-18.426249607371,-10.41921258589576,-3.6932530449246057,-9.56899538676715,-12.99294467048306,-6.805430865955241
-21.65203577861131,-18.73734097030906,-18.564867810347348,-17.032702517628564,-22.358745258001548,-16.499056565492673,-16.467992544384664,-22.224661246588138,-20.273433615571157,-24.58928802935769,-19.248066231874315,-11.30631251340014,-19.051947709133124,-14.055577339495535
-11.084432175051578,-23.813619203525306,-23.000507226201087,-13.204102763551496,-18.812904373066736,-12.230754754286458,-10.349066417948919,-10.63144480797447,-16.746209757473874,-14.353824041155617,-12.51783216625963,-25.21020810194564,-15.934855620371684,-17.35069985677238
-7.129890099430932,-10.061835302071325,-0.06720311573216531,0.7939660805174578,-5.3328864412508485,-11.295346396907181,-12.744326512946216,-8.448752888595843,-12.39521936550952,-9.738867094282,-3.563329610668796,-5.705522218208485,-1.8650211285248135,-8.38734494961374
6.740846288525346,10.158329703880163,4.304012296827697,9.034956602164652,13.047941262575648,6.349201226574814,-3.1171937235534433,12.811000494395703,3.6456980052888195,-1.751085981255331,0.0063366954037888945,10.809469670358792,-6.790435988625102,5.250855970611835
17.117586740269267,11.733661459542224,15.601212099199715,5.949473156360615,12.556063198349623,12.725279761938019,15.226164120924608,11.861135919502537,15.490461941407178,11.970990088616727,3.5815939648759763,16.859626121453783,22.196780410364816,12.829122072857455
4.316425799984696,9.462368310201283,3.7565201807367314,9.79523899901448,11.474830585693196,11.514264443986832,16.08203021365658,13.1369489765565,5.484384902011915,8.514057857530426,11.425633365296651,19.212479093747625,18.406125366006982,11.49596348940491
2.3798532254251596,-7.238853377191296,-2.7701875744351216,-0.031333398589706185,-0.8061289751678506,5.220390941054027,6.19416855163764,6.68184267388034,8.179614021507,6.667162701502288,14.123408941793812,5.70996442203513,6.490266806985584,0.8019733756947378
-1.6675683556740384,-2.0824088765665003,-1.6916340615155026,1.450747010689048,-1.4208672263424091,-3.0139929616032757,6.193655666703825,-0.9993319885183396,3.165128487757541,9.393956526173973,2.492736612029701,1.364303934320599,2.573587344068181,-9.357200659283635
-3.581664144233627,-4.6389247247390895,-8.549805406043381,0.15559633878018247,-3.6047676513163567,-3.7057871606280792,0.05254486539224748,-7.482800776446783,3.783979120933544,-2.826326041766801,-8.65893815208074,-2.8060119198056346,-3.416108449708509,-1.849994132548745
-1.4840783622413332,6.989448545929038,-2.923576267666722,5.698172709589836,5.266568098526874,7.041109727239159,1.2307694134715086,-6.495132016088093,3.746083213353293,1.6227216465274417,-8.640808156436183,1.0328974873577748,5.126703591033095,-0.2939835493741255
5.049883096546549,-7.764418697573682,-5.81369174136612,-5.146582961254361,2.383822650426727,1.8116604914271859,-6.2729337219371075,3.292163830248157,-1.8616926236111366,-7.837149385611878,-5.412659878962002,-7.155396312486636,6.296432790527965,-7.779275481901203
-7.678348945995569,-16.61677411992992,-10.251176884168306,-3.1982828078307506,-6.858147155648335,-6.631570946070647,-6.682210310386696,-13.34208547733278,-14.393949077023763,-10.846766875118812,-11.927609484395907,-1.2226224949459343,-16.9106920734829,-9.600130621505732
-15.686315460164618,-5.815582917997066,-15.320395376391534,-8.243718908662878,-19.69935555733237,-13.782245360054942,-24.623276908909173,-17.04258149326028,-13.150714179750349,-16.657921704041154,-14.994798151537573,-17.071219270670102,-19.67106068827205,-14.913186180297378
-6.613727225510738,-16.760512485926004,-6.32536338047253,-14.029894175172448,-12.665551477856255,-7.538807292980808,-10.972607699896427,-8.430459967194778,-0.7123095806688902,-3.817555515645986,-4.708416380851014,-15.316890400263599,-4.287206998013703,-5.153956329710242
-2.817927226773805,-7.927963800021195,-2.738287355022182,-0.2352932227027673,-6.242491517293582,-3.0779781036598814,-3.1958736477414296,-7.8493088890223435,-5.116809893729786,-1.2112721976537024,0.9273820114611717,0.00035697415487279116,-0.5791702590772996,-4.0388236094820815
11.477036362896282,11.439840436141562,19.404974826470955,0.04813324558299037,14.758121364287547,10.294902652236125,10.158450280070555,8.302187054658917,19.078332497681814,8.752829273267698,15.742175152864103,4.62933052598907,12.421252493553729,13.924490351091308
23.55733470574289,20.75740088544386,18.94022149272757,11.091667106356551,22.376110960229717,24.002334084852414,20.49286421667709,14.656631561899623,19.249938521225687,22.935064950240374,29.152486800907106,23.659592591917587,28.725449985397763,19.815647840740496
8.052365656107506,19.157213296145603,21.660887574103185,15.292738813111079,19.736682105094836,16.620866460744832,14.218575247807827,17.372262249239906,17.53294955093022,16.939770051290438,13.522025242270438,5.658369907110863,14.000054280074457,26.52487857001995
5.335405893870332,-2.922828920633571,0.48820343032787195,-1.2032399354916645,1.8012139494266954,-2.6657258111298265,6.708532310783587,6.40918115324819,2.96271733501022,2.2499069691807505,-8.076399132859532,-1.1060244272709028,3.4257126346823807,0.5215875005752078
-2.9147616551012003,-3.419979799608373,-3.312614162587219,-16.291537865818174,-6.889955240015372,-17.956219208407724,-12.362936730375383,-6.615353161630173,-1.4957103840889534,-17.073267490016814,-13.574879111784515,-3.4632362725782624,-10.334021314382117,-25.939512555202494
-20.34127450708678,-18.25513759535477,-15.690039255227815,-18.536237944166142,-9.307219199795751,-21.548533387792162,-13.184379655126065,-14.20525449885329,-22.190243449054183,-14.724848874090355,-17.87111806491705,-16.257554332331317,-13.004362342866171,-19.666277334018563
-16.85787757212869,-12.43142227895947,-16.175584988815295,-7.265611199876937,-11.529156021579107,-7.09332544271628,-6.299563535401184,-8.5573707291882,-16.70188184444491,-6.167320747322392,-10.076543544559852,-9.179333198957513,-12.458191469247918,-11.67814669469226
-12.755768387973893,-13.974818340677956,-5.14767065316039,-2.2243095552199157,-7.264275432567162,-0.15404847790155962,-7.1616852005467475,-4.475728036899311,-11.367650431827142,-4.793571473440625,1.0628094964713988,-9.464625973621732,-12.626124369223724,1.9858457220607262
3.3565147720564004,4.917003089059199,-4.790511464631356,-3.5446301145725805,-1.95671811497703,1.9080843573241804,3.188263090979638,4.039342729444662,3.252710798673394,10.75840652084375,2.217743234171432,5.2128514380790705,-3.408802437758893,5.414487499676309
7.161077567002351,3.038378541524466,2.593418257307509,10.349901119797043,16.97134214383306,10.831734354589345,1.14038614991747,4.807984868283551,0.3363060393948878,4.25158804350538,7.475498644967338,-1.770783914255885,2.8280223504779816,1.5270467003343837
-6.048514411145465,7.799099905739776,11.53119586698715,7.853211559905371,4.4766801476323685,3.949173816425336,7.4443256065847825,2.613747697229286,3.7329361733112636,13.398350277510366,0.8053241600814025,3.503211431095486,-0.0475710828466438,10.10309110976633
0.17707018418385267,3.1010941798974505,3.8317139398563453,3.043839383299246,4.83273141637528,-0.5385125183206521,7.743839528427689,6.392358529670473,5.737389236366829,-0.12848460018545627,9.413595127303537,8.210957522379198,7.85606011437301,7.030335266693033
0.6560308919157212,11.80090916905251,11.344915092572977,-5.8363415446223605,5.502503985315347,1.7484248374408278,2.7887831072626383,6.146310264623475,-3.779666428262564,0.454175481393726,1.5939807214327555,7.058294714755633,7.750846826472394,5.7031166971318745
18.354438814700895,5.592066048884986,10.132180517821553,11.386294858127755,6.708818249305149,6.296088830235664,19.304220761766643,4.028791964461348,6.364688884475322,9.75483598592856,12.775096630753422,4.3772001263763505,13.456027652205382,8.319123924096797
0.848168970514398,1.6686129481396579,3.4258140392424967,2.001504101451882,-5.325425540496283,-4.688836727793605,6.8599554267574625,7.184650575156525,-5.954387862158159,6.5598517126341935,7.483672376245884,7.793307730943087,8.507977986327905,-2.2042181903377855
5.032420200369977,-3.406541915663243,-4.275048859747233,-2.4754321743016052,-1.870257336471519,3.980178206794334,1.3205469892137778,-8.809775826550787,-4.5203460555607275,-0.3699888338663584,-1.8173771539572445,-11.519502294089822,-6.24383959874334,-9.666445514835104
-7.600416724399369,-19.066208607895824,-10.730768413336948,-14.29565540596802,-13.699407823996351,-6.684336702096376,-16.432526302449624,-17.58812302880172,-16.301027568005367,-15.706103721512632,-20.304619656377422,-23.287182286315087,-20.543231363177778,-6.309781312842923
-19.898620456929116,-19.983936546157203,-15.00243891008505,-27.807578166921065,-13.569531360411936,-25.22468045968308,-17.526083644143984,-14.659845286504533,-29.55987187921238,-13.443496335881559,-15.723451363724777,-23.51437817901479,-11.360253896456673,-20.927861106664082
-18.76130166461086,-10.006160112108116,-10.99286919050211,-17.706148139566192,-12.29506657379014,-13.15186037036295,-3.313147555968886,-19.995024868319884,-11.065978738829301,-8.625437859444387,-12.174530364315338,-8.978437555311306,-14.069974752463546,-10.498277447918685
-6.719962619519607,3.245451245196125,4.263902742481723,7.756193039810017,9.720370720317396,2.873492547129487,3.8035965781482997,8.766416051407848,-4.034748211391461,2.2056643750562084,11.001043854468907,-7.514336559436358,0.08548764069890691,9.77326427296623
18.28118581107046,16.763073033315457,14.60976663095885,20.311435666440033,15.96397978165676,16.621659970302744,15.673802790352651,14.70714085469806,14.736442324062487,18.8460904950106,9.874100347351014,27.418689474943122,19.072977409961517,22.982935406436017
18.73169276236552,12.929698919319073,18.54254581592158,24.666520836500133,14.468916212362398,24.730423132092447,20.815136609966835,16.393499057420613,14.055961311163891,24.20013498075498,20.048016102841,17.22418755836805,19.38229120298135,9.845073712897031
26.03585387531904,11.175965092669617,8.84227387235821,16.920781614020562,16.55263857277934,16.814481467257526,14.496215506778,8.965031731420156,10.945576774977798,14.72071402911175,7.811680768657391,14.811436574057979,1.953248906486344,7.271827377922751
2.1401157645973123,0.7321815862473898,-2.192405319680038,1.496835923676649,1.9056891400395375,-0.15517426179003113,8.075869600565913,-4.488835282133817,3.1888632257664495,8.333930282640587,-2.16423546784455,2.015483116996703,-3.107616601653644,-0.2008561450880033
-2.3300289275017647,-9.236181896147707,-3.332455194559958,-8.39219441185134,3.6174986632684627,-13.223324428701364,-6.567403419207169,-11.258757906067544,-9.35902488246414,-7.041164743213326,-6.842864421596359,-12.88102176983876,-3.850518416598651,-8.601663619583622
-12.732078888647056,-16.18268220104023,-9.762971715306227,-13.648461750543593,-14.744857986341183,-9.120279652030183,-19.066807490674478,-3.644355344191573,-7.167411896099816,-5.961305479503661,-11.891940586879269,-10.631341917807339,-9.4099386022227,2.589114142029384
-6.496231359811569,-1.0428282920101068,-2.986526718390959,-2.323807092294384,-9.304501601515671,-6.717796325772853,-7.7049381583534995,-4.052154839590689,6.229612510849364,-15.951979506478333,-8.539944925889616,-12.371151753208576,-1.536017939548823,-2.6552552451145677
-0.7323231080152892,-11.6986571983361,-2.8409237769726285,-3.5953335177507695,4.272232701789012,-10.931366564885371,1.6653393698204466,-7.829932583278943,-5.382272522397823,-6.181671292221388,-10.678507950226836,-2.9239046829895927,1.389940988431138,2.8563138757871194
-4.94102361329413,-5.333050853535957,2.7077616689004915,-3.8982368628988007,5.848339192412171,4.571906481136692,-2.9612839707016585,-4.644021253973435,-0.3925731355167028,-0.02266010393753559,-7.469510470597906,-7.131361133159597,-2.6953157588147523,-6.803284539638318
6.393598990396892,-5.72634268196695,-9.721857948131378,-1.9908370242855655,2.7371210869238967,-0.18025187617023697,-9.00077350838545,-0.5869284595706983,-4.733203446882612,-1.8144464793282968,-4.796922501074591,-12.391700415748632,-11.135343645374665,-11.723876313022592
-15.007144507091587,5.874945939012165,1.86213021386349,3.1175900019670086,-11.983345473188631,1.2378891533800047,-0.09898018457290014,1.1352713618545742,-8.361091387845558,0.05415836260322959,1.9939633015804965,-9.790950753129469,-4.036165888139505,-6.401319949122558
9.465095673603784,0.5227341646881385,6.605346077178126,7.828499229078754,8.615398527068768,6.977583791119103,12.791211913539804,8.357489329362778,5.61311303959138,1.046708031723652,-0.3932896003719115,11.39800045182323,3.9401282205873143,13.626099677005127
9.892979757546374,8.53182640704231,16.918402723657277,-0.3308600831227313,10.368229461027196,20.976775953726538,12.140982041466508,12.854438560809168,20.37865234619217,12.458069108601576,14.910574201500706,23.393072375340804,7.1921101021649445,12.415533300475786
11.791073749956642,18.210523787785924,17.962927327344662,18.124544839506314,17.898641265276698,12.1897763087327,18.041869645834847,9.478154034288673,8.040006287002566,24.162076847442535,12.876985992531207,7.207891887807367,19.994600373349765,13.734794158436
10.309249246404324,7.476823559424705,10.841857335954947,2.054648633888392,12.26691839312711,12.166129398285996,5.987114441534429,11.645431967459684,6.606514788084621,11.106403564940505,14.28289815186985,2.436412802470082,7.849864239720202,9.088363121782294
-8.495428696645561,-3.1782497910914502,-6.0107952408823095,0.7751263633166614,-7.00932208364929,3.767755127268143,-5.041220655463045,-7.350592695256658,-3.6982681863360507,-9.347260163155013,-5.564226948486489,-7.289517811671341,-10.015163956434073,-2.2734857291272546
-18.148102652507095,-21.72729665002403,-19.684280655563562,-12.825747796583109,-16.11373528559401,-13.841322061142014,-16.066616483178546,-18.39933168173902,-16.09099838468507,-16.08932183275555,-20.679597289711317,-14.865174424384161,-9.837692339246512,-16.895830956341076
-17.181289653754988,-11.68695453456579,-17.628307347034642,-21.994886726045323,-10.621113756664954,-25.626980295763197,-14.227456355418422,-18.241206962128004,-28.12060796878945,-17.923905661885975,-14.662533820708532,-19.099537620123062,-20.63168879141899,-21.281868141582557
-3.4936969834393015,-11.122512486273987,-6.015532163479188,-6.557197490272781,-11.25146768021712,-5.651484625327301,-10.296717973536454,-12.46133171876383,-5.902376640444835,-13.454048190605274,-9.617094664608366,-10.259678624203728,-7.626775051152153,-7.423821486058377
-0.4956665537472009,-2.5672143212359924,8.907658924906587,13.009884990396147,0.25014011157027216,12.837631174815133,-8.981435300996344,-0.41025342420361177,18.527952530817053,6.1338325302006815,-1.309528638554835,-0.29532429964478624,8.664344976013279,2.1656161359350077
11.360121339606545,18.331701295724024,7.379049638712979,17.818597605412414,11.328519886115595,16.65734689109219,14.155661724485828,17.73831243213266,9.13442655963254,9.02412722718379,12.843173328527293,21.214321802103726,14.428935570885166,14.102697586923988
11.094655780466171,12.607122386494234,7.948937220862504,14.799716379668578,20.366465639793248,12.040298655650274,8.677069002497966,10.483837381335709,10.163335904816647,11.380746189828258,17.15411073945043,7.10528929932456,14.850856935625213,9.331015322842038
17.928613265679076,0.2759965431887865,5.2305580977560036,8.711779065522494,10.90207831690946,9.008794757235108,5.492840887532305,-0.07669424588750395,12.618807033159342,9.266154580011117,6.060052544864955,5.987069564292345,3.6983598801511937,-1.6497796204587676
5.242311961233968,8.673728873506011,2.294587820202357,-2.3578092363618803,2.985502423440551,-3.880197938213483,0.8094941704635048,7.851255874990159,5.837408080328626,8.465810852903285,2.3808837446878295,4.081789552018154,6.252695533496241,-1.4949376537778019
-1.3494066065003243,-4.420493086626593,-9.468070570367395,-1.8689375319351758,3.366483861691932,1.338301351937878,8.452366659516953,-0.4030321252329929,-3.0740693903055707,-1.0999888350360418,1.3587900652521012,6.803584934612688,0.30636856996423295,-10.001558579451785
-2.1259543370859366,-4.814320328867069,6.53695351252915,-3.8711917077934355,-6.026608565387415,1.1797086217239505,-0.6705775865843482,1.3581509010133594,-2.523111210016992,-0.8827827117769163,3.3146563617185647,2.457124173505004,2.4103592237196465,1.4012744460178093
-3.08690769286894,-4.203923525299778,-2.7355728536677097,0.4698226109768644,0.007554839474377406,-4.812362199731492,-3.628458182797846,7.5980348553485015,-1.3839468624370492,-2.7543738335426315,0.4309423523374396,-4.836036771343501,-10.478578078550829,-7.152652494081736
-6.1769107778289305,-5.84599203916059,-4.792701109055363,-14.864991927388868,-16.322145989511093,-5.961703987363904,-10.404995078837368,-11.444649183379283,-16.86511714783223,-12.791375372423666,-7.907386243537485,-4.552052483406909,-10.076191142833185,-4.022667320878341
-16.63645085046552,-11.581370426379662,-7.945634222310813,-12.556402136151517,-12.417871946839236,-4.102643132533743,-12.97578129635201,-6.716276448007136,-9.096931295773803,-15.627432666414382,-11.72218008138959,-21.38950326277686,-3.937429285591735,-8.667139550151141
-7.0864941867426445,-7.601436732860058,-22.958551958650403,-20.909190537219324,-12.40531467861758,-12.681706717932144,-10.420810171687009,-17.43456730967017,-4.479154972410282,-10.606252884885825,-7.10907411795135,-0.23629849371911504,-22.065029180744226,-10.764396533881428
-13.10857953338096,0.6253010612743277,7.8733733268055115,1.6137981414531737,4.609497793567189,-4.892621882501969,0.8366757462977357,-1.666766047423985,-1.7993706958576507,-2.9041576937661073,2.661752234935763,-1.1216603195255024,-6.149503743807388,-2.6909153146727625
10.417419401706287,18.72358928688032,13.158722861955948,9.95008565551308,6.947708636666162,14.819150344934078,15.214799765945472,18.589560353056147,14.805194574041524,13.128367155169677,6.4743510627021745,18.004919880088046,14.144064295524888,13.665508033273667
20.907350903748256,13.629583145236914,24.566147586391036,19.183224605527393,22.989312737228435,18.530910242924016,21.052604151549154,20.92113164718934,19.617819053508327,14.524479714234207,18.250695623561878,20.734086497585135,26.280874209551982,29.55587134624325
14.33404392317321,25.35755478282742,17.99189745447525,16.278324517509304,12.580554332100157,6.851032510338822,14.398313485507996,30.139820352719106,18.686197859168658,12.996057802971876,23.586548113980896,17.91459148740208,14.248889157277148,14.794815772064036
2.9959301543384442,4.352911747915562,3.716756604887027,10.010175584785365,3.9133451679187936,2.9817182554355877,2.758470784840992,8.658785933216707,3.5042065208458824,12.812624334922702,1.2530400239066823,15.220597478745134,8.904275770862155,8.062900016035051
-13.542690179815356,-13.977949831369244,-10.458375992586376,-12.8696899584397,-17.28751031524353,-4.184390835599382,-6.666533712702482,-10.797957191969756,-12.169042742632863,-6.016918396178614,-6.621106728140059,-3.7104853562763074,-9.75877872907594,-12.816942079708625
-16.081802152417623,-16.58247559036247,-6.55933183145598,-15.98512876024658,-19.087622581578547,-21.636204924786355,-23.664894454096913,-16.313958303261057,-22.271800061755293,-14.338063849730924,-18.47033727962154,-18.36207323023285,-11.60176090312612,-17.886523595265455
-11.885865695045766,-16.4897015585644,-4.337096597581864,-9.500803929394198,-11.661999089357792,-15.198715150279433,-11.528335138434418,-14.538448643580857,-15.025578664596791,-11.538792551754455,-5.710856677087232,-10.111408813942548,-10.034257729609864,-19.13314518162379
-6.603018807719007,-2.327059580716616,-5.346787764337213,-10.742467332581665,-0.933375307055246,-12.44101720256456,-0.5738642654582344,-7.397277493137022,-7.56957668289212,-5.711947245705944,-8.436202083288325,-0.9561863366239356,-0.05605503645406973,-9.269820342814949
-8.911641803782167,10.985078358854096,2.424621402135451,7.687465357492598,-0.5573415436324951,-0.7465474829710295,-2.577654110824634,2.5667833469174433,1.8496658288858776,1.8543492497437721,8.661058225354338,-4.899729388875415,1.25242405501228,-0.1825114277083193
-4.371798283025284,6.840001121261336,-1.7559315404879197,6.524395017668131,9.188248249901351,3.9245054175707903,13.137027940482984,0.5144194920084395,-3.486216397618718,9.563248259264387,3.9344370583779495,-2.4365503908275423,16.285416247510124,7.845088772825074
5.72704625527347,-3.104555097228854,-1.81260184477832,3.476276760657618,-0.12902258040868375,9.52284323799495,6.051511266063882,1.9887526064629257,-0.6961939185992616,4.186414265891308,-2.78212167538236,3.318095972012146,0.8946419906482688,-1.7076115297881733
0.26539658240932074,9.031846739798343,3.9576124052891664,10.694035648421831,-0.42102414021130397,-1.3665389275575137,-1.7643318228759979,3.8993913135097626,1.367028031661266,-3.731303796552652,10.561845158038485,9.267882289176583,5.694491366420944,4.967841569924701
-1.6749128518680783,6.147602034721545,8.742643241607322,10.403994786727385,7.215020014731345,5.051412557696331,4.938554421139807,13.15961939662143,10.838382367169745,6.632170297177025,2.2253359526584164,6.204739527090252,11.806586439616716,10.206447500813299
12.99757906932653,10.204395363414388,6.273669669409429,10.9440478094085,14.30357377985577,1.0653644820599766,15.054339931406302,16.80294583338294,14.338945800268991,9.375852482017471,3.7634632345075643,10.754557556921283,13.359894691434551,7.8266725280435825
8.674241934470192,5.999021335279114,2.197997025794672,5.416086624742933,-0.3712071397586634,9.69873643701386,4.483893194889582,6.1650487451404405,6.604521886897901,6.744564119210818,9.951801326061798,14.11060574916387,14.890221853377485,-0.508866586006886
-0.7178988057928377,6.746751097281695,-6.053031935332297,3.055004400468741,-2.918173334462235,-5.692587186492214,2.6960647719518107,-4.998922572967602,-3.6348017591857507,-4.579140612647626,-11.864847000258145,-8.871933148321705,-2.8432610564987844,-0.616123996102416
-14.227508205493734,-9.663947659661911,-15.851771983504982,-2.7020781117213772,-20.180492175902195,3.41812634696268,-8.399750538488648,-13.842520369629623,-8.109401888081619,-11.607111332529707,-10.131623073462901,-17.675747091983204,3.100665503911321,-6.696637610942231
-13.881535668018888,-18.50716948500909,-21.58083383110351,-15.323636652611036,-15.879890249947088,-14.649879515873089,-15.947544771240732,-12.155756293043346,-18.38872732622934,-18.839318824081236,-9.734518088600026,-23.994750790662074,-12.34853976160846,-17.352092863932743
-13.962362217279376,-16.599295718648122,-21.550896618989754,-15.234443466487456,-9.890049166365023,-19.65693861603632,-24.836733747750944,-12.684102370943798,-8.92044811465951,-2.093067836337246,-21.499378242038926,-17.078081525123373,-11.205735651712724,-13.187208785473379
0.49882333751848296,0.762326759496722,-0.5969422810509385,3.497413758793815,1.5949792594831063,6.556235118340905,-1.8797499171776673,5.120713516427539,-4.380202963103169,-3.5068091431747286,-3.703078711963858,3.5327084347932214,-5.445757828463414,2.328143857320991
20.22906181071983,13.016405791046454,18.8557929913746,7.822313723942148,14.016046021327012,20.449791049392687,14.694620095328151,14.62688835693203,14.070728840116246,10.654701764549678,12.540669436432715,18.032667521850232,12.957401189002702,18.243023700151653
14.961939546984826,15.318645753278474,15.718660851350087,15.674178662900925,17.889671240445526,22.232493935245266,21.50546818280283,23.199234670928245,18.466241351521763,23.410973573018108,22.072511418536415,18.815849847541102,13.27409242804386,21.44851796277934
8.759634373663559,15.365015418921352,1.092799798061943,10.747252645373074,9.18171519591568,4.550503701786843,1.3070340258946889,14.727848938433947,14.479771533860845,16.99447779556376,14.837692109619303,12.797175530730463,12.103762694493044,14.13655723593769
7.358268013924959,1.5650192351528376,3.9747119937962605,10.27713287272281,7.200204798705126,1.4639312678216916,-6.39031461641343,14.101552100206302,-7.191871586195725,10.693764738290259,3.195397193037464,-0.7698730810465864,2.5732316907097106,1.562862606433732
-6.0376928412065345,-8.04032215440102,-14.782769617277708,-7.381127341784822,-11.95319722127774,-4.9171575878219755,-2.5265602862599668,-8.595115708223316,6.341988859714041,-8.162431249712094,-6.748068100530163,-7.832217953592654,-1.8272474258636038,-11.634919991808001
-6.996140560417993,-9.884740415756626,-4.208036368719623,-14.361057685090177,-12.319492248186688,-4.141171759877164,-8.09770578315864,-13.923594621494614,-13.862223089544983,-0.18768710882034156,-14.826555920986946,-7.910709853249349,-10.129563267868292,-11.66414698920278
-7.486237011969866,0.4385395682357611,-3.778975517378164,-2.7435224176582786,-3.4927388015385024,-12.270156512821139,-6.23575124345488,1.2618282351993102,-8.146618945475266,-2.4216634264782506,-12.591056411592884,-7.3826222239907615,-9.434535643586198,-0.8107342053264119
-10.345270326510796,2.984553295185795,-11.982929139337536,2.0172856338816123,-12.778167435170186,-0.18577850124494155,-13.666959171834737,-7.515202990586506,-11.706527481189017,2.898337532628652,4.762224770392545,-4.004075797599716,1.3480818725789812,0.4242793179321733
-11.939420936013661,-2.0408408901004336,-8.499139825247273,-0.2073433693683442,-8.142692223195713,-2.382112867875109,2.113528165724989,-10.141007998976697,-1.4085203633379422,-10.38572049634514,-8.699191307442995,-3.145838417643547,-1.3859613844799923,-2.3444450771762844
-6.807852794677906,-5.275198803295586,-11.178507645886633,-10.732132126501533,-10.166694413975202,-6.080440418539206,2.7039962331238003,-3.8677079683027853,-0.7533025192414211,-2.2030207726040185,-1.6384142049457537,0.21068673252005166,-0.3132607184057612,-1.9784526814067132
-1.692260106967043,-9.946418091193111,3.261381518071592,-5.484312666026241,-9.224584232260632,-2.007155418425941,-4.973079393295418,-5.964125114881108,-0.9246612101020015,-1.2387300966842871,0.5285368621208226,-4.705210510085726,-6.5315818850936695,3.2687884820396835
-2.3068474857968893,-0.7516157085549535,2.737984154837929,11.057802700069626,8.677278961567382,9.68063316753725,-0.9497269713378875,0.5104744953796523,7.511137171386011,7.507475792793374,6.778619314676026,4.29947247764837,2.3354272889235665,5.6424875315944085
13.847260529324636,11.132232746088231,16.426084175731212,9.60901944307231,21.50559149581464,7.1147988527898915,14.718565753360439,8.725375499161302,7.587428209896071,15.138248187849848,12.580823655243396,5.745462010293689,15.723502847971444,0.01999426626339229
15.81431178632687,16.78591882966528,21.525639098454448,20.77750588382055,13.239107691683541,22.1805978806453,15.742613954135578,23.320694352476018,8.846507628372978,22.52006624174225,19.43664384440212,23.457534369925025,7.001966667036033,22.37594414761059
12.288724218862248,-0.20697253104405355,12.361496428983171,11.58636992766354,11.323191127340628,7.6972776358013855,16.409027992285715,-0.24541326567204003,14.525244187928632,2.6944222112264766,-0.3280752262908866,8.81687996223248,8.31706453015547,18.453926582751237
-6.601914775860476,-13.777518305024511,-10.349978781877644,-10.574051796959719,-0.05285112016536608,-1.612835850648091,-0.7629972771807418,-1.2799701108163273,-5.198440599249987,-10.8386254728646,-10.96542944057208,-9.553371271768114,-6.9658227520130165,6.314816464068938
-18.279142549621753,-15.401257436462659,-24.277620335938444,-15.502567966889812,-22.509372543403813,-14.052915693372828,-11.991094543614672,-15.15876848995027,-16.052942541276956,-7.278514426386938,-24.433402928698253,-14.386446524453516,-7.277543343366927,-12.899612396052957
-11.259268049536997,-23.71362761824824,-25.571661905208934,-21.654513492132143,-16.780579423479246,-18.186618170752382,-16.79202862653782,-14.320927321544033,-19.97285658392817,-11.477662786439748,-14.630830975668943,-29.873539048306803,-22.70567213259558,-22.838840215240044
-12.17541667188295,-9.876150936139647,-10.890898379896736,-10.716384836256022,-14.05481147440058,-8.892264668333334,-5.812705037339034,-17.295484340064377,-14.494623748872709,-13.562097281649239,-11.282894632566464,-16.826964480843394,-11.515800610702883,-13.724524072861168
2.155290010021047,-3.712769140752231,-5.109198759902182,2.4894965100071924,-5.449659676142034,-4.005686254041286,-7.75354887122013,2.865463914760906,-0.16049213285369257,0.1246340021677077,-3.2348807904435946,-3.4522856500332937,-3.944716605570206,0.9706020085960331
14.441022124416978,8.359109727569878,19.86784417216512,6.648291343136269,12.106854625591074,13.619891669558568,15.040452717709394,18.40939041152942,7.458501280406977,1.0503044998527216,8.480096629897428,8.410412719882789,7.095512112967348,12.32495211852694
16.952083911725687,8.221217595901464,15.17655272675671,5.6457869351252885,23.036255174758676,10.738964725979407,16.94577911311861,12.916214814280586,10.201444488685155,11.590590009955156,12.063403956759407,2.3367433454034696,18.639617301076797,14.230489072324195
4.456238954181158,10.662630369105472,14.546003028525085,12.15715169274146,4.816678765357272,5.14859504724061,3.0942040434617004,0.2529558191510075,8.238221234378097,15.723340822702031,3.9544383887505847,13.818688165882318,6.1703702059874805,6.490038910392163
-9.387899692688041,-1.762538146198632,4.5508341299966295,-2.5903254406568994,5.596405494484441,-1.7785174217537856,3.294729377279676,-1.1071719394205366,2.9917020372989107,2.534876335195244,0.17196324089413206,0.7133892785107985,4.232029849980059,-1.5416733093159918
-4.752262547356345,-0.6001632428423591,-0.15209049887280182,3.1114223155491434,-0.19125102469574182,-1.4169418368386106,-3.198885441665719,-3.006125802440207,-6.15477862558909,-1.68576401988,-6.133490134324064,-6.817287883971451,-0.18562501427914302,5.85422902852552
3.3934714308284755,3.7137580272126685,-3.67255489844804,-3.436351686117606,-9.822158957341216,7.363084188290852,-1.2218757450543647,-4.004389747492761,-11.8809207539621,-0.5183145771352575,0.5838556897355653,-5.911371332376834,-3.108264492026637,-0.4174747228183928
-0.32165601738111693,1.500936381351348,-6.634036348802847,-2.790825232267154,5.544874835421873,1.3063721998265367,-2.787784403649263,0.4737080879321054,-5.014342427328955,-12.628627709138105,0.23602239862986352,-6.239835925383185,2.8561316925505027,-0.8640160705035933
-10.5674976900229,-5.268824842161621,-1.4393573408369962,-7.696280050364499,-7.39087343521181,-4.74200069623698,-11.298908197451265,-3.6099917492650526,-3.512950220216534,-5.030124482162659,-3.896798336036584,-2.518485829289506,-1.7570443826110198,-14.74277318439043
-5.026373479270832,-14.462752579891129,-13.624825123689902,-12.969849957046218,-5.5420438441713955,-3.938952354303362,-4.740693710611252,-10.433284585500767,0.08547539530440496,-14.24633064647257,-10.299898876620434,-21.111198644435284,-17.051680238078006,-13.22159390535781
-11.627134248418184,-14.490048818952612,-11.877257346215472,-18.3484811750672,-11.658659556313893,-12.988699014014365,-15.71528500518963,-0.9466819505829918,-5.490519819208332,-19.166343336502656,-18.37053608277936,-15.244740288659248,-18.475165852348276,-11.448873425106779
-3.277178307549071,-4.20806120832123,-7.604829660636568,-6.141331430087168,-2.1602696535956367,-0.4696985221772909,-6.0376622985900354,-0.9704917969901983,-5.538860379884435,-7.172399549704352,-6.360854238522292,-11.176908622259143,-8.08420422579104,-8.502701362852738
5.102885349145943,5.926056245141526,6.416617193161178,7.972078443743627,11.811995202466985,16.368862248485406,13.803508936675817,7.291672707249761,19.696808805115104,9.696821308491781,15.359119880767864,5.0252264894961876,2.7936718462926358,4.872176088064401
12.538023139118174,17.455370494498908,14.861769783120003,16.82512087969865,21.474483756827027,23.40177576066401,19.095514543148415,25.777249427577456,14.564864376654885,16.727943779662215,22.258521857036182,19.93677382311463,28.977367810333114,17.089145203842047
14.439107719043857,14.042655015541618,16.641720690310944,27.7688920517041,27.79096832322748,20.39719877800766,23.08385681140141,23.018318635330168,24.16303437712796,19.053328482394814,26.524025743741817,18.14707625597121,28.053485631299065,13.267996085111841
9.586010102049215,2.8526923671437343,8.03744238553582,0.3909028267049601,11.074069557327853,5.649371121104128,9.971038079070027,9.027718076807368,10.41487261620366,11.57307094531367,7.754611419528991,7.624063311823616,3.776324856202015,5.410880838433878
-8.695388958434073,-1.1130995991114476,-7.522788401718051,-3.854273750430929,-8.305584064753894,-10.365600002749328,-1.6657413778035712,-10.368727105799522,-10.587905243640684,-8.597769377389234,-2.1192030518448837,-12.220134075406262,-6.150017396886263,0.24762976470092202
-18.91850498422054,-15.757480072280798,-13.676840991521086,-7.601463878507349,-13.352403302901294,-17.204582082483537,-17.72818306038479,-23.779690812180526,-17.102732631190612,-14.61728316417571,-17.089012034651798,-9.689229971815557,-18.01522765314813,-17.904400249713188
-20.79210072237207,-8.083138933448755,-20.206399950302586,-11.400440922595934,-19.24617767121284,-13.640883719902376,-19.02256797007264,-12.308410854077243,-8.841809268134252,-14.655668682443704,-19.80269628430956,-24.60991525929137,-11.452944887740676,-20.586071500516063
-4.900202874412094,-6.2641477468494005,3.084392089002878,-11.993280546891665,-6.687046898752867,-7.811131724446657,-15.481738340391164,-11.17004949757441,-1.9575742717749556,-12.03916878378151,-11.719441690550019,-12.287946494623988,-16.41809134520788,-3.2449904359540844
5.171736858160467,-5.846608313528459,13.396932656667701,3.5597671473522974,-1.818730961107351,7.922033411908354,0.5593683030014606,10.182113479863151,-1.6031541135953704,2.7752650418110836,0.37398472517557435,-0.8612164721379836,-1.7238831609729797,-7.074445506933842
0.9027831871288141,12.040132213397836,5.187934718924125,5.923869101951993,0.5677018998183883,1.8477980441554043,14.724940133337983,-0.1623418218716619,10.75409108753366,11.940398544413359,-0.7075969692302655,1.5946449111327121,3.219871239562784,-0.1009886181193771
3.162174483740189,12.554778732180694,1.730629126371658,0.3799196250530974,4.043218119049864,6.885921407331362,3.026578885931105,7.928920286166484,-6.921025288549535,8.39078297113264,0.7696762573029394,7.140931364128228,2.3805447519334884,-2.9838938474239542
5.950176411385083,-3.6181836225154305,3.1961221140758718,0.8794113519455622,6.172925078237263,3.957301459827633,-0.39297163285960046,6.248772432837086,9.827169943269379,2.472214269181074,-0.11463429543875447,15.047439473410073,5.920352344953484,5.107787193171811
6.8254215575255195,5.127288068100942,1.1779113242104131,9.109713175628434,7.393140678604087,10.361711707402463,10.4061153131711,17.73746655247257,0.3670145948472072,1.5138147003688012,0.7315037562443285,9.08951714778986,0.5701234659309797,6.186035579168272
9.890332767021802,17.736862047166532,10.959644740869647,12.135503853298058,1.4425456404358572,9.99486869660506,8.648401809417713,12.975432101989867,12.026364531873766,18.253677041906073,7.460029192011128,15.677117725485918,19.375780844671137,9.189914044741869
5.549587138626222,9.146050216601955,11.285984326097275,4.516577989439506,-3.1984052508776273,12.414743460531882,1.2364963153047626,10.315395954292674,2.2005798212607264,10.006186711745746,11.41736960169196,9.268822771441753,7.193665723603585,11.169946470443003
0.6769160252457204,-1.268607655316076,2.7231375624201366,-4.971341496679899,0.7171317617222268,1.4901588334377267,4.447559274137061,2.54009485436341,9.41479960596073,-1.9615055477962913,3.348286065446664,0.5711266261214041,-3.040053041852458,-6.178630725366827
-4.908146122493167,-21.021555302244643,-10.137194281369226,-8.284057176639294,-13.778208042471544,-14.040981860352302,-3.7673633690858033,-19.31974187740789,-14.48297861981327,-11.013881562694682,-5.275611932639424,-11.098425365691686,-9.521969381414465,-0.7529461391582881
-16.68281010884985,-21.64242705107866,-11.11457152314717,-19.97139501240206,-13.217241627638597,-23.92584955376284,-23.711033665874787,-11.788010352300486,-22.559663336706457,-21.81308605848602,-14.468960294340349,-21.181511298418506,-22.476291905907317,-20.149971226365466
-10.784854381780566,-4.314155285754069,-14.525294270973681,-10.36299270519962,-22.386784106970936,-9.90783317773051,-18.341416429964003,-19.777488775987173,-21.774078239097033,-20.09093307126465,-10.332170014182392,-12.603410822865555,-18.209180885212216,-21.053358974496117
1.3197607329168464,-8.844369166579742,-2.846827278040584,0.23364580449769656,-0.6245191133596668,0.8050178157938666,0.9441472862957618,-8.838481667917641,-6.507808072944799,3.936508504287921,-12.475923562861544,-10.120147257049098,-5.307939395296746,-4.154822779135243
6.928821392916104,17.8800931805513,13.92346666134224,0.5117742576805284,10.254889647410343,4.316789847548426,9.155154928326649,0.9624313326627245,7.526989426813766,13.562840240312122,8.858146169091006,14.073936183190131,4.040329444744119,11.494745079726004
18.57930852525699,16.777478345588413,29.539077432857415,23.966784062149948,21.477854479810677,22.909703114485502,13.81239172819858,17.382055856101946,12.878417169445992,29.16763252435416,21.792977051274665,23.470327154044433,14.8384727626309,15.249065073282877
17.85736713061509,11.719343126707638,8.498414581373847,20.17874525604057,19.460061968705602,14.158826917252544,17.107414698357715,13.94533849514484,16.559410028468456,13.200508340261308,22.10610331787744,13.811414171023204,16.905403477895394,19.544898831047682
7.272809849313419,2.6704633426017192,2.1240818699309942,4.06787232167433,1.5411063318137592,4.1395132512771,-0.5990491381083549,-0.7016689869530852,4.44184300427961,0.5385885125246883,-0.2893733068373594,-3.105969146778068,4.01239809120346,14.602912259444052
-6.0496071646832545,-17.97664877855713,-2.007856151859474,-13.284470375714935,-9.62757304623138,0.22166052181659612,0.11282154037790715,-12.172311880093957,-7.339331519839133,-5.807298492023514,-5.643079581950798,-5.657661078275819,-12.677219647573722,-4.357538003226395
-11.722965773692543,-6.288697059880539,-10.996516951804516,-9.105627246814592,-16.96469513655921,-3.84145030466832,-9.7944368123661,-6.648233531123983,-7.318782310109981,-11.3984905377247,-6.543093763808946,-17.20887861564604,-11.727252421085689,-9.482746371551283
-0.5249728330520691,-17.467201398811937,-6.4368282784289335,-9.149747935389902,-6.029542413024209,-3.2950375918983377,-9.470798137365747,-14.100425608171633,-11.889784646761079,-2.6193762274404424,-11.225782977493235,-16.845387598303084,-8.696269524622512,-8.225090552336665
-1.5294277397776375,-3.7342088988630464,2.4045147387660224,-14.530360263724539,-3.1649507219892272,13.160388968715505,-1.7142689728079041,-8.715636372737864,-3.4032184942954027,-0.744800641876266,-0.08650255675187424,-1.8795501801013774,-9.692437626886136,-8.568788367861565
-9.867189929992904,4.816860457214849,-4.398375734932217,0.668318712820696,-5.273310386595679,-1.2658858509671846,0.13953588737681066,-2.441280906202085,-7.2006143191194365,-8.738318055021136,-6.763525537817822,-0.08581442451230892,-2.700219682912228,-5.834130892450625
-15.148649783647562,-4.299490796949949,-1.9933502161719279,-9.509875708258686,-0.23610744146323803,-6.3860124648131835,4.20119859807005,2.2006649733802,4.798487934107966,-4.744023136981232,-6.957634904591128,-10.552738865198286,-5.141972658911287,2.1662905655905274
-7.645376822434883,4.109324691989825,-14.619279264558516,-3.4821181127155163,-4.595320740406508,-3.7486988764404376,-3.3816284409992936,1.6781300023519465,-1.3494526792144939,0.19196303950721338,0.03441166843462229,2.2411468296677812,2.241618289427321,-1.4211788290506708
2.1248463994246722,8.355983347335123,-2.7432711579291027,7.138990371808342,6.579101664400597,7.694731729759038,4.0909911650303385,-2.7269540162739903,1.6576582577946923,1.6474588470420826,0.876129521283362,-1.4842231895935534,-1.818984916917894,2.40167447188216
11.767386281564182,10.1446616189181,4.545059854655593,7.558366753076948,16.01080822634963,11.413162172341389,15.98229771269324,15.168061584440473,13.073607654784045,14.787976589982136,13.21775782816449,6.444812120326331,3.8056045904474463,8.423911573004737
21.309517162298917,20.909116746258377,1.3927370027917956,24.057510519126723,8.227014396903373,11.855868458178822,12.01494181674877,16.19259701933164,15.83167254693944,19.41254424647804,15.208427025532773,28.3070264675218,14.283115118815124,18.09719206007947
12.258504656137337,14.182974150478252,10.751654388627221,13.809313133989605,12.476286428058817,17.02837044684533,4.225657872457333,-1.0805502468931714,12.159006450002614,1.1871144206709943,9.647360327521422,8.36169370745528,24.34362621152102,12.285888605705555
-1.6851162121257295,-0.1281346335850011,-0.7462698056887247,-1.357616086891884,-1.7860739691123029,-2.675404192221983,-0.30097262447640727,0.6365276705845564,0.7841378547078244,-5.687607762207935,-0.26400587747326965,-6.5018718514744425,-1.51622508406149,-6.07077713763009
-7.288655689504145,-8.906683093755689,-14.819728874545671,-7.496422373857741,-16.480367265111983,-19.971148617805706,-20.68583907225105,-21.316067690050524,-12.84397834131256,-17.991626662213235,-14.704378493499812,-15.673979519306645,-8.242558157809622,-17.894534946894925
-29.761366563130636,-17.035284994672065,-24.00260188630831,-26.36887636255036,-26.58812500129261,-11.71574701469308,-18.59144969524051,-20.68838208801065,-18.17275507917346,-20.47620851687363,-15.116974040649456,-22.88844656489844,-16.644637152210617,-12.011120530806625
-12.202622524578208,-1.9709155053797858,-14.97559230476739,-10.97409947072147,-20.577151535371407,-16.53360721941695,-20.160411280420796,-8.505012623101909,-17.2949992349497,-17.056024735983673,-15.936932058513591,-7.5726862637330035,-16.391009697295,-20.53921409091241
5.172354418334479,3.1443576338936126,-6.990321683275587,-3.370509820314181,-4.366759775773032,2.2021247999770157,3.8874258079820834,3.2252531916231986,5.072954785742954,-2.2786366882685005,2.9576700795046698,4.47148337680585,0.1452546763974723,-7.86979186485774
12.614950342783171,14.748014893819663,9.627652598694851,11.12069978240827,9.303912072419589,19.21770098705715,14.321321590568557,8.581191124490015,7.227071343140128,10.280532202102536,22.302774620944476,10.798924262231047,12.57512718079612,1.2769299996389716
22.26740505588286,21.39439495680572,6.355418285967806,8.22133157674193,21.71467296150238,4.288742178380126,8.45064030001466,18.507972886101143,13.314569988771604,11.007258918104789,19.858388555353073,21.52236396291698,16.384876888558555,15.706677269887972
6.495515416646587,7.842552686969156,16.448948851341,0.12232340774656159,17.55889369181314,14.03424359536761,11.052390100016577,16.398497449400978,2.258706674344765,8.43286768178591,22.30384399589601,5.0547350074585715,9.373377087790288,12.828330059060105
0.32957635393251206,0.8341363717137233,6.871208454546716,5.73065692951287,1.0285669384020473,-9.36625488823437,6.552236874314455,2.9053935374139788,5.328236437153134,4.907425610500369,8.297721302675978,5.859354638375128,6.9457059341365515,3.415467633373465
5.068475416093429,5.236829122578422,3.5189819602875856,5.594790192151401,0.1256319123513338,-3.1149843015890073,-4.5262911525497636,3.636980238727271,-1.0256140913302438,3.369777095809891,-6.54441318114963,9.073619349850889,4.51681495585421,-7.8386006089152325
1.4925390692100071,-4.451281078384512,6.203470403586434,5.583594708447641,-0.6281544284255678,-7.34637437785515,7.893432321694066,2.8722327448872758,-6.572116716109706,-2.093947381358645,0.20360149610436448,3.5423529204883732,8.269389268260952,-1.9194829208945468
0.7699543999983007,7.71472475590842,6.492622786241567,-5.825162283750697,-5.73354806435771,-3.700909595740256,10.324272536329023,-7.476528961452129,-6.438507807590771,0.5008932841477394,-2.9762994324883807,-2.0849263499581947,-1.4161821880053864,-3.075549164089506
-1.2908834133303055,-1.854638782972783,-5.487858404473044,6.235003911776667,-9.244011836194943,-1.3717728460738403,-1.3086503628301411,-8.297963529655908,-7.883638601346157,-9.690215720437003,-8.49250905483466,-4.460704836288421,-3.860573057747118,-3.4136371382671586
-3.8818505616730485,-9.964871370184326,-10.360528893988537,-15.75437231525129,-4.35969474124891,-8.355286961600996,-14.13678607286224,-9.416991613173023,-12.38473963282428,-6.904461343057209,-10.824413784473144,-16.219479479399986,-11.182953912937283,-9.881326770153096
-17.434358063294443,-10.937317124368679,-11.74962380492761,-9.243781967214133,-11.65085516789576,-16.704001326393556,-9.968791794117058,-10.658292322750818,-16.280408898889412,-10.609892400151022,-15.759961286015512,-23.220615561019816,-21.67844154628144,-10.032112298338188
-11.498874498354937,-19.026005460408953,-12.890043394499099,-7.8347217622175656,-1.550814100882321,-7.876336280997966,-7.789450306401709,-10.747382762387652,-5.88918976279057,-11.971659308432697,-2.0389777648786795,-1.5525356855416037,-9.277931051775365,-10.684088305522462
-3.3878148694416668,3.6402167101071337,0.3632978164621159,5.114116622456317,7.987317344877337,2.429372954373588,-0.9049395693275315,7.153051848265618,13.110013728011726,3.6097867961666736,-1.1150980118456006,8.899018634004769,7.970021499679348,7.291303230230952
18.904686653845605,13.223505898544406,15.98513353118633,19.212206709156664,15.668106175176261,24.20111246454554,15.326186315514006,12.713019913569262,18.736113118943262,19.829827030679056,23.445192214683594,12.61206660495123,17.376025347815048,17.86364410002621
19.304056152601245,17.728916105397836,23.31183994754101,20.436788259543054,18.934988623736164,13.132961087008187,27.02159270901813,18.987830923967863,20.298139231908827,17.941340413352314,14.560762088115894,23.328694890873447,17.696037421561645,7.82666359096234
7.1900821956523835,-2.0601969377135294,9.699959154300842,4.197148652632231,13.531793016065023,9.231251978207633,3.147601504317219,9.400829002173506,6.546731141638194,14.579788522036273,8.299306889122974,9.463758783031599,16.861318542324067,7.043517247102403
-2.259848966129572,-1.687220876081525,-0.7659203066032418,1.9171403905948852,-9.205630937541814,-7.650051852674973,-10.335785729205838,1.3720079543798294,6.626695528135008,2.5728036766332396,0.5783184021499741,-7.462686980731593,-3.530499884720986,-5.617972787212825
-18.511358873754396,-14.60448635439706,-17.031558137996583,-7.251854543436506,-16.206158732431845,-16.864263199426624,-23.50464330848871,-12.365168599262798,-18.07743798116636,-12.009737364362106,-19.028009431452716,-19.063808151949445,-13.453413174404123,-10.070778200803332
-21.226345251840964,-20.68697518406587,-17.857519966628676,-19.130411880370914,-9.392400991627923,-20.374847148885138,-14.371711640808622,-25.90135280246716,-7.877195257385061,-13.43636242875855,-7.190050745450222,-11.581936483256891,-23.45001033469227,-5.373673996434022
-12.499438775423371,-10.822140894790618,-14.40368131614073,-7.825065227599879,-9.891705216215428,-11.726222507033098,-16.639829672634956,-12.63970441102126,-9.491366478155719,-5.82191863589089,0.08660536911268402,-6.916828221050848,-3.8051095756707616,-7.2900632947940345
0.08106681715456901,4.635100622409942,2.5392545285351096,4.93387639652587,1.6857652379033046,9.974477499848515,8.191498256089185,2.8861875496019866,1.2909927695044259,-4.93797745771702,-10.77930489157499,-1.1946900621980907,4.9738889948437155,0.6718959616702507
9.222487527452287,-5.685778469724886,10.711423184293952,6.473503970333251,9.74498456277856,7.997067727313691,3.5566851365425,-0.010658329332644101,-1.6171316528191007,11.342646328551332,0.08058054019315186,15.768665160744286,6.807705703536541,0.19798573945914644
3.6100071062731818,17.809581367325777,6.3466520850846075,2.538251098811134,7.465107108583515,1.3259951977208675,2.3080579756470243,7.364594742381385,4.7788633911612175,17.90098335385838,-0.17827675694674028,9.287939722382744,-0.2685556596974594,-6.0442584354372535
6.425298509333556,5.591774076298838,10.129884969992078,-3.927656062633762,-2.1011812457349404,2.6458257841379287,-1.7058726931286614,2.9561005211761837,-0.5279623001008114,12.490128061112998,2.7976419953909413,-0.17376720355011877,7.654021501654498,-4.141965233515593
-1.4281116962728753,7.409749166893656,6.0931343684152,-1.0240646928899944,3.0165873163717016,4.036104841104485,7.534599183316773,7.247949248657742,7.512029677255141,2.7572836591754286,0.1694458469499649,-1.3850471448423711,5.975331032205748,0.21895732533625445
15.774606821307147,10.68589602621578,5.006663347003361,13.149111773815,20.149255339721947,-6.2856377686184395,1.5552930878582334,7.68472006813142,7.98168848341356,7.845953353942303,12.439507050483272,0.2881782694886681,11.16634965335062,9.202143376444461
4.683647638086192,-0.41757335035654464,6.649984955880698,15.967713642951793,7.698219819896199,0.6183537756117659,8.945862805967312,6.258574470363374,7.201032462887747,13.19466104905601,9.44618570705656,2.5858419741614433,4.415859660754452,4.400149347553946
-5.589381174603039,-1.1791770714367313,0.4301021414923891,8.093802185677768,7.084285534385462,-2.4703746911079234,6.8061605193356325,0.11467548265151328,-3.0120911769997623,0.8194707601594304,-12.671024651499916,0.1954865546344018,-4.150002597766699,2.822838957255348
-15.239245686419048,-5.6624501555167015,-9.501146567885039,-11.667435956798862,-12.367541243109384,-6.871204910609551,-12.9178424319152,-10.551406889320752,-6.541705354061769,-12.978731730851075,-18.071672871420848,-5.17612363230996,-3.200610947394555,-3.064278661922729
-12.152017482040389,-29.49309469740364,-18.24881939658881,-21.924860747376567,-25.351711901689086,-13.823733720958172,-24.123215241842505,-17.25547400878722,-19.903132000474336,-19.678316749043073,-18.317433352610202,-24.348041978642144,-20.340056918835955,-16.940701010897836
-25.31820067626964,-34.386034098569226,-22.223911697045978,-11.674539961694554,-16.525852898762356,-22.054032276706636,-17.85362366496324,-20.733952494626685,-17.789190621519325,-14.50076710667306,-13.645682190644411,-26.49644619495343,-21.000013161790402,-8.622445443122318
8.64539919452222,-5.049484570396478,-9.789571959735746,-0.8561552885249961,-10.67997072253697,-8.546341860775248,-11.2057074315595,4.084272766657996,-12.407525993241183,-7.004571192583358,-11.554817935795757,-3.864425281711497,-4.248200877064261,7.840340805632167
13.408408105599356,5.239341732111724,8.946936501852342,10.605384901268996,19.927956619105515,5.128779757823638,10.009130018092819,12.163805023008592,3.9008129643052216,9.038435446285524,5.63383058226064,15.109676389986515,11.022327809904958,4.301195527785062
22.928802155157165,15.933115227705272,26.328517331468355,16.692494929989863,17.372057380011647,20.282134481354188,17.71749458202862,18.740098150393532,18.1990560726342,15.308985384047753,19.210768899115457,20.289960883473956,21.28610379880036,22.51960561310525
9.326464079726648,18.527012463194794,10.688485059527327,19.900555581521928,19.25127637097374,18.008072194735885,14.105144463875627,18.275397186629117,13.212992651383027,17.727139568056337,8.294645660548369,21.309170504758796,15.657543756443708,17.36549171554197
2.2188443034395346,8.30194789642914,6.155918681165507,3.0736217177812977,3.795861949157327,1.1214008881589086,3.3663339928490528,-8.111537538039986,6.688874319716919,5.0730584088091035,3.0560876713122647,3.290703844078654,4.4334357487441425,-4.200670319221914
-6.357921082120006,-9.532393857347685,-5.556490919157762,-0.9648622927151469,-5.639031976019528,-9.320834441416753,-2.691097174628797,-11.851340298659249,-7.2781197261068815,-3.2204703546691276,-6.564206810074348,-3.545510982993855,-14.585705551689898,-1.7694157542194127
-6.718491257009982,-9.636243417595699,0.9664593025549273,-6.880946372325245,-11.931716292014094,-5.233440038157761,-11.06276038764802,-14.301378697587745,-16.52911888461169,-5.865373648437582,-11.912619115657453,-15.20179490162828,-13.568626438089122,-6.6349457934310685
-12.032349927438492,-3.3445836233915385,-14.934171607930706,-9.169438000340772,-10.662364323786079,-7.289620886162738,-10.064835444995667,-4.75728250235162,-4.26286832312969,-11.807689385655557,-4.64918921213644,-6.587426543953081,-7.993643165708998,-4.472206348260977
-11.067292388431166,4.558943273486773,3.1361457580587553,-6.402724655181835,-5.887872133009024,-4.784239778165472,-5.3650317682296444,-13.750658254612308,-7.728062141059203,-7.451614896476907,-0.6020728078820072,-3.5990659720807945,-8.220263279638129,-14.33725028837356
-3.8907368829316384,1.2920185341303236,-7.499323147725584,-13.482899833849117,4.098496225622928,5.295145748450227,-2.271292778415631,-6.005798231532101,-14.78632780224579,-8.200528539217427,2.68338105644707,1.8538596638099678,-1.690451416322386,-3.580624511954491
4.674280919297571,3.8767804742886725,-8.054391842420584,-8.569732459268325,-9.602269284741725,-8.685068084225863,-11.75505436582036,-11.05031220359503,-10.290308275260188,-4.506811559931065,1.7757079431057416,-10.222466947061049,-5.088961962034401,-2.8260632488042896
-3.163035357924606,1.860919664351485,-5.7246516366923155,-6.385507619906181,-3.7468586296713204,-6.071187540711151,5.559073090567193,-1.4626023130956116,-8.745664613254897,-0.4252637060368727,-5.940542738375914,2.26088746078496,-5.267502078667805,1.8563433962251992
2.9118932877037977,-7.60169094383045,0.4027353637451627,-9.096969112382299,4.658926680070364,-0.30784218376257755,-1.920376566020018,6.094265211195629,4.279803694715971,-2.727668715516371,11.831180144083287,-3.490744145309784,2.5590750219287512,-0.3983303390988997
7.000470019070223,12.681180920593889,14.96100050764824,9.915531578317916,9.702817345281723,22.674310997827426,21.685072218418377,6.389211790748118,11.731964547272161,11.958520305284237,15.613347499411564,17.339624639993247,9.569244788489302,17.40547710788566
10.976934486919,14.422989311278984,13.154509915800425,6.610788719741844,15.207144781729937,18.93444253558225,16.292096375680522,1.6699098690798166,23.02788320431663,11.310475833221783,23.382610581783496,17.071110717020794,15.09742162572565,22.756824295033237
20.7625803828636,13.023481166623515,12.717574231994853,8.169772753837146,13.600893226792783,9.714348224707658,15.822304853271058,17.268689316431477,16.229531197296765,14.177607626868314,6.064763791991465,15.74002539785503,8.102623645614706,13.493173214065855
9.537266505157268,0.916135088795683,2.3098986148125995,-7.762250872429178,9.658725010388094,-0.6111954871693728,17.392181595559645,5.159941955080013,-5.795813436630844,-1.202692459334374,7.919589954200696,3.959547268400474,5.031349066446188,4.547043102094699
-14.83096793159544,-15.819925862520687,-4.577748231411892,-13.546486071749072,-5.422235566869147,-10.444378385352357,-8.765670667612362,-14.143507971214389,-11.786513004918488,-16.508661907843763,-7.190851768466833,-17.12277905595209,-11.224007657590871,-8.313079266008367
-17.860807990691736,-20.557713212508943,-19.600891465589605,-22.188363739541686,-26.53784168393903,-24.05655919810797,-21.26718753104936,-31.94369660311051,-20.322340065798297,-16.461285399821325,-17.714208089187665,-23.9216411721099,-15.04587398039927,-26.49145826314081
-16.48573144953006,-8.068345749514812,-10.067529170748983,-11.799225208857306,-12.128142368117075,-17.00912390643543,-21.620848252903066,-20.098402418122582,-9.051558199282713,-16.60172680326219,-23.298370270260147,-2.337114387855216,-16.88492005252473,-19.111071246905432
-6.121648531357914,3.082735021609003,0.947133066830371,-1.2522200190754895,7.405715586028977,-1.1451878890326632,0.7062162499179108,-0.41416635341130403,-8.47383315643884,-1.7808692982767222,-1.5593801135989995,1.046632602922534,4.542806796333743,-7.268681117435631
6.650732140159345,10.539214169506486,9.313237277943195,9.285376303075301,14.558398816256716,8.487611250691755,6.96032102087962,-1.7497955795908346,4.38799080797375,-0.7919194094808084,6.96315547954642,6.588129092903044,13.318651620045374,10.41847439427817
13.141871647869321,10.393469565224372,10.60197138777496,13.101936181653679,8.55910022648277,15.027760816697677,16.20204275614265,8.11883227968595,21.67975188267379,19.207539092740888,13.472416744193335,6.2956348120250345,19.12787570572214,8.835895383344333
18.454120860362302,14.35890431806218,14.789952649288416,8.635874883748944,-1.80319721995782,10.819556787338122,8.09758769566526,5.482747015267266,18.34611661584008,11.571730179674605,12.334419978723082,2.612148229372802,7.343168373184528,8.776238954054035
10.960920171130468,-3.1553505779031727,-3.0803306417812975,5.234535962487001,-1.8315867917531596,1.8022907716864485,2.9507558357679815,1.0189316650612312,5.75385109327563,6.580472215032714,-4.685673379398616,-5.966301635116742,0.7794074327727776,5.036983680789371
-1.0802030152169004,5.198248024057923,-3.583372645883431,-3.961339243173149,-8.308326116490438,0.9788987599437646,2.685767327218941,-2.335168368381154,10.864507915831563,3.9841807906224798,-1.0268571107553628,0.6942707371741559,4.279657508878135,-0.7934007589089419
0.9337105295236967,7.314790883953074,0.23219354217112098,-3.362759033221536,2.9240890358786698,12.499946320713862,2.9855244914839347,-1.2897487123327087,-3.9732800408210918,-0.10288025010933813,7.294372757630309,-6.242928723118101,1.44289882749929,6.106301763495862
4.295844112767733,-4.473999444835911,3.4979422237050986,-4.085679416360718,-4.810447706063703,4.991540749683683,0.05258821113919976,-0.9095733757695034,7.392571160473132,-4.394458949837803,-4.953821156039394,-4.928265923128054,-9.565223314048444,5.118544491191965
-10.467286775010546,2.8667502021890376,-1.5925673257190507,-12.163291783696902,2.3713733909176833,1.2034013802757926,1.1091532321817024,-1.43989674041994,-3.4462690834111296,0.5509480691828621,-8.273996519104934,3.4796107292604717,-4.314640674104173,-6.528705533726335
-17.276957772091766,-20.228590104813684,-16.66277436151168,-20.136434989154687,-12.547759454762646,-13.302279474369183,-5.123486104145953,-13.394185178243472,-7.9869930601010815,-8.404591661314914,-11.237986869138526,-13.498635691890161,-8.255925054891875,-13.512099269144521
-14.89342968290961,-1.3963316495071911,-23.005290328951777,-8.612737342928575,-5.256517075799765,-14.03114645584632,-11.177025333090045,-15.145128724454743,-10.052522020850555,-9.670044423292719,-8.16102264353901,-18.375920589455177,-23.53531915576758,-6.190174140549037
-7.1112783369907575,-9.829236842665576,-15.498992995513753,-6.412769643901637,-15.811017145192867,-5.641964858417889,-13.717852064948577,-1.6058438316645463,-15.594454683662903,-12.8235414983693,-4.914616238430297,0.867713845245806,-0.4265328903504342,-9.88006359722683
-3.0697076267270202,8.12254878051601,-1.3823703792957747,1.0874167865584234,2.7838807505179615,7.692124861793055,3.724849616221239,7.892656212369621,10.156455655301558,3.684858258493219,1.3004561696209085,-4.743670605128701,-13.020583110934938,5.629363009763173
3.443597567835708,16.092105924501883,11.528301585495829,17.673406949268493,18.736418790253403,18.56315253056901,13.089496287302477,14.118742430045618,17.65122323984375,22.118477637746974,15.054579237822152,13.24300832613358,10.923710044243213,15.839370547542664
16.311223625234085,28.49346304513881,20.128659874824407,25.79906558831034,10.176777062423275,17.90546842883784,14.307195807268894,19.612290168689768,20.772076783501397,20.59072086341741,21.48964959010522,21.63163207778258,14.240552485928955,13.206585300376172
13.730741840830412,10.04309369657439,17.790861102412407,5.362607179674015,16.28694327800631,15.433190441460692,7.099335897735219,11.087023920398359,13.319776568975392,0.9476208354182525,12.89166647551605,8.738697158810366,14.137114512211928,11.188596923948163
-4.204278953026488,1.4794414514105396,-9.50270860849088,3.70577341896344,-4.225774236083797,0.6343118869563553,-2.431459595355647,-4.944848568338843,1.6302322204960822,-3.5789323640232675,-14.040940873684814,-2.7601462566766455,1.6308455155755857,-1.2590604571300448
-7.7698413003601505,-22.889503702248852,-10.035444340482822,-8.349218796947445,-14.716620729187962,-14.938580486780682,-15.960684232337385,-20.420108134786766,-16.562837677381854,-9.821099195249817,-17.087800321323787,-15.42808752229121,-15.44366996966776,-17.11824112804512
-24.982111463761427,-16.768121833367545,-12.812619214831722,-13.562263802651566,-15.484928206927961,-15.998101973623408,-17.152920950919885,-16.362500084896336,-12.853076702851608,-13.762254489151786,-11.900062321322675,-13.10157763722758,-17.705179150849993,-17.728576581647626
-7.4294904174713,-3.77460938667513,-6.512673460885523,-3.8055697335511596,-3.5477727026834858,-14.035030780181781,-0.3569136188118449,-15.75829417713889,-12.586044474692581,-7.250268505900781,-5.544412289033267,3.608193417233835,-20.750852617640096,-12.349142695357985
3.105724124597516,-3.4912561711824304,-17.906865337453212,-2.7425587489519208,-0.9777814754763386,4.879278286580395,-3.9609110367559586,-6.38058153357385,3.2430256309351186,-4.810944812626463,3.3641310257045296,2.56922357968157,-4.780776202766287,-2.752373739560271
-5.934482683742455,4.95148004909295,9.81389687758823,3.9543530940620903,-2.254330823428437,9.203973221289463,7.135406582425313,14.3440711564927,-2.931060614385589,5.395551070309803,5.974824087552145,4.732478028029466,10.40079401934629,3.373612839178735
0.07401295712787714,2.344838792508654,3.1140888860888536,-5.247236530713895,6.047230940815628,14.906524704546317,8.026696837061793,2.3079116279031058,1.0226548635016788,12.828756105367892,5.4501671531194535,0.7923676935787749,-3.995103745507036,-0.8166854696500527
5.578098015444833,9.183693541792191,5.438394139983503,6.313773526905678,5.721670035653538,4.701017047903251,4.325110675969232,0.10795459688718889,-4.093605018854628,10.697736786092161,5.339522896450051,-5.067122594542704,6.13138640424881,3.1753864319701455
6.690813611896333,-0.7796874021326952,10.156739676072274,-4.7943373480277485,8.6446603943452,8.915378869588043,-0.3629840213405702,10.178522350053598,11.24104214197513,-4.54623509295907,4.54849377167288,2.8225416331065096,0.4505522145418448,13.686936301307313
-1.6599903967612626,4.828105735259248,6.982339123772519,-6.67563913621199,14.80864443849926,8.80734952868532,10.364870712578401,9.953001458934049,2.287237198520838,10.760575978953506,10.874657507367145,0.2130371742422863,6.969889105964755,8.3876565105517
5.969165437523417,7.075489893574556,3.0163272563709107,13.45376060370924,14.588195336859268,12.181741613844725,17.966220516872973,5.904160306771139,0.3698703572606803,-0.7882703656231147,8.775855758961875,9.207418995194486,17.982471735003024,12.204673550433277
5.963057617218105,3.046182769913128,-5.507293830445762,2.9869243874858085,7.360290924991922,6.191740788426916,7.375398294137611,1.4123709919042344,0.3822811838348694,2.6114787350491486,15.657147673190405,3.2935269728795755,4.397717506788668,0.05379823738271927
-2.6884135399539177,-5.235693637053807,-1.0424866887195403,-4.726181975311498,-10.100796163836876,-6.190002600203167,-0.4260983233145881,-8.08724939353839,0.14047455990754365,1.8845858031608422,-12.684391645133637,-5.668351740846514,-4.904641463186075,-11.442614457126552
-15.983331542060133,-15.32456541084319,-19.067224249786392,-17.50087809652879,-16.132184573469804,-12.537066410477046,-18.911341370967126,-20.861585794235197,-11.187339825624363,-16.231645090711385,-18.932142318635396,-18.263337090984166,-11.375932386154084,-16.81323823762412
-23.231579767859966,-25.08332778304885,-33.34510759514798,-17.458519030468125,-22.69200619196791,-18.442213375095676,-16.683540209874845,-16.76870645072968,-19.303619792538058,-16.16920472560752,-15.118845078853893,-21.271464825518716,-16.05438207440874,-32.61411516698021
-4.229321266485446,-14.833668183722754,-4.687443300892642,-11.680734475603884,-4.93808954536253,-8.069427858282179,-1.347781179754704,-4.361565964985209,4.1045056334200405,-6.658565203709434,-2.031361771173785,-7.834653656494331,-9.480040065530781,-11.641961899722714
5.79608245174829,8.418509540213899,8.996829046937766,7.899359163560038,7.553583630283093,3.315224973709876,7.66822238648463,11.106405207472331,6.604262158828534,16.239904679645782,6.460286067571565,12.896277403828455,3.1519305171127243,5.418798637707545
5.440953546286384,13.954850505024055,22.16168021232382,20.91472168000358,18.625450565397976,15.75326978362067,21.07714098457399,14.412138901346573,19.80812725185999,14.655273056316256,12.872939368351012,20.794902948702543,15.695689865425507,18.06473165013849
19.248964205320142,18.206244540340123,18.049047506775462,24.555412223597713,18.803533775089534,20.596972658235025,22.206799893290547,23.237709419451424,21.252009087390086,17.312709355456967,22.423797872824778,9.835591274921656,17.72544771095327,13.48258225802374
5.534407782481612,2.197283939316738,5.485780833941003,13.65274561845138,8.755330550309402,9.716151355436658,15.26706035802351,5.045249125606915,4.371824669691143,4.213286809933951,7.555706604745092,7.597170404384494,0.17646135604958513,8.809144186313707
-7.041609978149833,-5.584195962132496,1.2227885773181697,-6.128540016871762,6.321316577785462,-13.412529383440242,-4.505814348983719,-9.364973421385255,-4.168099835762822,-7.87700042652402,-2.5607457262039643,-6.0015624394324405,-9.228269749562653,-4.6103181040486145
-13.95404964036672,-8.331385882523037,-9.14670942416861,-15.643548758774648,-7.588709823091779,-0.9808249407181737,-12.842167869758107,-9.708297452452928,-8.123447376241065,-14.472885439124706,-11.350610377623337,-6.272578058528084,-11.249011341654821,-0.4332146577750251
-13.04184797444669,-8.556930187955897,-8.245520125788216,-4.229548955987679,-10.932298338948867,-10.491519420502943,-5.755177856532782,-9.747279416516884,-11.9747098381478,-12.48898326200358,-8.735981303131151,-11.669877695343784,-12.331432914718887,-10.914281120221744
-1.6386817865954102,-9.08851917638166,-4.181825236661023,-9.090978085329363,-5.6879246273232145,-6.553144130184786,-7.885115394395404,-6.629889845976058,-0.35815372336935347,-7.158034616609294,-1.0735445642044605,-5.578617561506771,-7.986559022546643,-6.962552781261005
-3.822689492526606,-6.173590079016584,6.655031349862505,5.158822275702923,-1.9318374147731372,-5.6796617300323575,-3.8005116664983474,5.248910147608169,-6.489249670087466,-8.563277695541402,-9.889624680255714,-6.734358349576657,-8.553600017872355,-8.29145076020464
-5.456427588046431,-4.58035163386351,-5.343853693796682,6.710926560344626,-9.001371385272297,-0.4002624110183577,-6.4191643489376675,-9.251553823266185,-4.483018123816128,-5.432940411604889,7.041208911436721,-1.1711585844977428,-0.770213046254181,-4.37798767417774
-5.882074752757555,-8.58301110496055,5.750598329405658,-11.518758993664031,-3.1959379062219933,-11.40306107912157,-2.7845984609892307,1.767333705607781,-8.711877191336978,-7.3737532439995555,-1.7482867752477058,-8.675474275175699,-7.7125857854478586,-8.50784772803052
2.899540087518047,-4.268717130974906,0.1345833313673045,4.716348219275011,-5.709711519473655,-0.8149422285856969,-2.5274862867165355,-0.07431634107866614,-3.6624010417715507,2.866312484660261,-1.142513979574633,7.720742796032325,-0.4537008967394951,1.6891460262934894
14.150139996648239,2.8875945292543674,4.860189077661534,11.246744319262469,3.9388797239893565,13.844597368544253,9.451144025950533,9.672349680078193,10.375973058890846,6.156296558291949,3.950698314734721,6.269121892580035,5.297993182508722,20.26005020119505
11.447164396153767,18.517435299370185,17.316247384740997,15.498037942175827,20.044033872108066,14.410876143242438,13.262263303421085,20.330900603269033,22.458685123441576,16.296553420544708,12.856003422494895,11.97560883076733,8.522763098650307,12.057000668976542
10.553373781791857,13.178357151350415,4.3767481868313585,17.18668884064486,9.481983461584072,13.809913559073511,18.42698722831182,18.185879924955103,7.867578776184848,14.192161656129345,10.540518672319664,7.359834913694337,16.100228894090744,7.6449768474957525
-6.813134412579377,0.21362159316623153,5.081466952157179,5.450612323765058,6.6204457028064825,5.66284731879969,-0.664096105619798,1.2342995131151513,5.177411805016721,-3.005786000254706,4.923134717366766,-11.604207547602917,5.810953187972746,-2.5077985338280513
-21.563992300557892,-2.9660988752096777,-14.597116120327641,-6.041650571025523,-10.847004107655064,-11.148735807857198,-12.181785907723496,-21.932059485706016,-8.778058733164666,-2.400062693798885,-17.053809577466804,-13.575982933823262,-17.393586831605248,-15.911884657442728
-18.91035535502753,-22.479764787226483,-18.66814291017374,-16.819821128665247,-21.61942175567036,-26.25424422719052,-25.315071947807454,-20.367752689746577,-23.633520089735683,-20.783319470408188,-24.466264547813317,-19.73609698081801,-33.20147054992184,-25.65268921098213
-21.37142402574228,-7.866403038552697,-15.086207213989864,-29.620476729616165,-24.705929868389532,-19.490514130161525,-16.651762656691652,-5.8698016979850856,-12.479216368412555,-23.580604979542503,-16.241900837519722,-15.863356701198889,-15.137636506734628,-9.774782479015865
-9.941543087010153,-1.6954147421063523,-7.987102913873466,-10.824532670609157,-6.0913963697478986,5.07673977585025,-14.674336968572064,-1.7130725196085517,-8.239785314908922,-5.795468896803058,-9.9394165303551,-4.374022158056023,-9.484428002542494,3.493546407084013
6.673293592947623,10.533753176686751,7.879733098614168,11.905808646697158,10.239243494668733,8.75954495261373,4.835188009054627,7.657414056294806,-1.530495043509788,9.509172915934355,0.693981240822966,5.037002400055145,4.967749629650899,8.900427161640064
12.607719860834605,12.856262710258218,8.564922450693922,22.852379624654517,8.775634624647516,18.485266636978636,15.957733145723076,6.35800633224824,18.92925360112901,6.784518223270507,18.503342637091965,8.569547082738556,6.323965811487655,9.521676028633983
22.57769278214669,12.673817364362346,13.361536818297036,18.61681617920848,7.379535058607519,1.303466577294433,12.992540826907298,5.9752345392989445,14.049208484865432,4.500618116916828,12.134062499298711,15.6348890466398,11.966977814602906,12.781982973187215
-4.029554286560668,4.900575140394692,3.5682124225867695,6.686499153647809,2.9593713513781856,5.302464292423908,2.6365437925335833,5.1513657937063915,5.164514285586812,21.35111831423351,2.3565963780286574,9.210191406551479,6.144856834356752,6.215637418194723
-5.535712639611404,-5.502654512791484,-6.76657273302544,-2.8038781664366352,-3.404407063799687,-10.05968964894144,1.2748025634666802,1.2161790535359736,6.047698740252347,-0.6924808665347935,5.589524514674024,8.699301599829589,-0.5779928489454627,-4.168293060846721
-11.575197560971601,-4.209783049654503,-2.248694373011092,2.6661811528234307,1.646391953699847,2.7639143212503217,1.2312160445605576,1.7109673698889247,7.4612206005522825,-5.0575694822983746,-3.498313239003761,-0.6586986572566701,4.4801880767708955,-2.5808445507890774
-1.8155263662595709,-5.026547377413898,-2.4383935684380846,0.9687390696479345,7.797872304039755,5.680029203297408,4.476666553226908,10.237678975239444,6.864673142003275,-5.175476882342631,1.2940232148975612,-6.610301098640824,-0.1402108892410561,2.271541766847568
-3.966882038227154,-1.0187161769921502,3.9517342330382306,-9.080180249763506,-6.416549043895431,-3.8635439744698656,-2.5947133455791906,-11.378175117218241,-1.1404698785183598,-9.00372543247575,-1.3588519320408334,-5.898817210002965,-3.228652955991587,2.6756909078008073
-12.095412007683557,-2.8179508117600625,-11.882696980234527,-17.338446995621748,-11.295177668979202,-7.804807368471569,-0.9322382510248186,-10.777544842806137,-15.200642874098724,-10.076419424315006,-4.9640449704114635,-8.833158957662706,-7.605764328792549,-14.108869086751449
-9.615330063258522,-11.468217226598048,-3.103045201454517,-3.660718829473419,-5.936420780889409,-12.329609391624576,-13.25250919044104,-1.607050850451154,-13.172758010633915,-13.86929338632675,-17.843767059228384,-10.84648545902602,-10.6583449552158,-24.588791892746436
-4.435341974004594,-3.961763383900622,-18.323163833508005,-10.50512085913741,-13.107938944841692,-6.8865135182340085,-2.327181561004651,-4.608768206279975,-17.479684571463817,-13.176461266118359,-10.661199957942726,-21.549648081172993,-11.799374124041062,-19.168457399893683
-5.239777501559846,4.088418470636977,0.5949254137467803,1.1925947247155904,-2.894666841763942,5.5346334914688,5.489418703812773,1.337463689057702,5.572314479029867,-1.3507889603173298,-5.882387158265351,7.11785342928022,-2.599423813116357,-0.9139562829791816
8.352900165103506,20.49921206890408,19.937628367716545,14.496437223788485,14.539698897171899,18.25380777599861,12.424358103225243,21.780705337228703,18.225699042490664,20.603829849277624,17.423954611356415,9.707894996912572,18.946662334265884,12.556588841899718
15.5112897748179,28.382304164312917,24.244404285223123,20.073367856991975,31.90187066383811,21.4886400864985,25.361327356029914,23.201801420586307,28.452466643272786,17.454330490453607,16.603022568845635,18.471991220868578,21.03458327323957,27.28001691153959
16.695451457130986,12.561870720422402,9.526046081123116,10.44379813071063,8.755309584340608,9.248232017976472,14.859090634865963,9.997614537599565,11.594195714672754,16.18948305772117,12.800869790897309,11.77795102531528,11.16146542372503,11.951166641321855
4.611671711271978,3.8703306610921633,-4.580941947051812,0.3334934846811155,3.822521323245601,8.87176264898752,3.7434559714053672,2.7369326103215514,-6.5771596783026745,-3.0883818297028767,-7.894884877481481,3.64522747512232,-1.2630204485979557,-6.740130423266772
-2.7965074315663614,-13.939666793565923,-15.93790101437347,-9.6538470691617,-9.846248211327087,-17.030264184631516,-22.23142865520783,-11.222062258192452,-1.3618773472274892,-21.220171592878305,-5.359013128226607,-14.474449909804644,-16.575447901226944,-11.592125254194968
-15.333193580227864,-15.504889303967769,-15.54398078274782,-9.515712499641703,-20.793183459093978,-24.654132238505376,-15.692460568252649,-17.057758916874697,-13.872732382451652,-12.864904486636776,-7.5338685456188035,-16.38104846825553,-5.134532005332753,-19.023733454566926
-8.346499510894182,-13.421171237052405,-19.789297847445653,-12.316020541972124,-14.699735424401293,-12.598580268168494,-7.104438273585885,-7.659417083926271,-3.8984592993340037,-6.291465948483676,-8.55665585347857,-4.8958904874124665,-12.39401578035855,-8.763532194193818
3.8308942912508943,7.8773024000644885,1.8605656820882777,-5.3476458568466025,3.156105561035587,3.6608090533086237,-3.395786129316656,-8.04910128044375,0.9890628325983317,-6.318242409563577,3.0569342298695057,1.0320777564909176,0.598868488617184,0.24632138776360923
7.6277292319836985,7.87380764166611,1.2804514018030249,3.8619031594749518,0.739355357740191,8.466545638437587,4.015000415977038,12.228748735634195,5.234471722816715,-8.182890676368576,-0.9579618280641711,2.8548476054882705,6.1421856141274,5.000467907308424
2.4265318888201244,-2.909938545793821,4.035636880219629,5.888114689045845,8.096190630715887,-0.3020633046724095,7.730947062844674,2.2881850247155144,10.063968035551438,-1.0108150939601162,1.5803302068552694,7.8662899556927375,5.258690916058713,1.2439248293785186
3.163903813046064,10.724941568833822,-7.1178389078968385,6.895985712714442,-0.9551249749672674,11.1111573492909,5.088376160737606,0.1040175720370291,-4.201581411467999,7.077653718444014,8.535540374437653,9.13697815761028,8.480589618654573,2.3885544592075325
-4.66173777256551,7.837424586781653,4.019550694355181,1.968795034379212,7.729540942165445,10.712391411766973,11.723218185482745,-0.03402701682678799,-3.08881558694688,16.671527585597,11.014972045161109,2.4563306879052664,8.957710467250664,7.344922853153733
7.40394362323191,-0.5886306929425604,17.826841201266138,-4.048161882536235,3.2241609239613034,9.658321965053053,9.318777221769576,5.62787575970856,10.724454481634535,6.575046621041592,8.577848943651626,13.59407341886372,18.887100802798567,7.223350940695926
14.033747647424946,11.431606828014562,4.7341682791509525,13.837648402601378,10.42351984101203,3.708733018237387,14.9502578197296,7.489654014178349,1.3243722586577888,8.225027868222954,10.104835951272255,8.326469922699506,7.284764298189518,16.369430166162324
6.62613316675891,-1.26087851423501,-1.2347825582684955,-2.8211945956185573,1.3849588335730592,3.8782015213253973,7.409649907645465,4.437116638715452,2.092691551077519,0.5866774854945458,5.904068435687123,-3.9784318484837673,5.4734797808517985,9.31393922989297
0.06917762090150426,-6.5497499198235065,0.3008384149866741,-1.7653975949812053,-2.5031082924696038,-8.255492351894166,2.827712090985984,-6.956920491926438,-3.635506811475692,-2.4872987693179,-2.647491768295201,-5.024194291838745,-4.126543391909047,-8.021481125854429
-18.69300511062584,-13.859948911419588,-11.051842174327941,-12.219694109019613,-9.630912967557848,-21.465706081201336,-5.985920590606641,-17.53360339452408,-7.293246157476164,-10.916189474303904,-12.125101760908692,-17.18887134635653,-13.004485953432567,-16.684664127678598
-19.991326562377225,-24.27528650923528,-17.761535794927493,-15.14443113069989,-17.433581935978932,-11.176431497814297,-12.66251604051059,-18.072584279388508,-11.610981169854675,-11.18661382472725,-16.52412547164296,-18.274475999001638,-18.405326359156042,-19.384507956855437
0.16330963178695157,-5.1309685384538035,0.3213224313823666,-8.252573790147405,-13.501148084637727,-15.336806590505596,-14.202429952645355,-6.686961217297878,-7.441723309320762,-7.979439299629051,-8.41485751073196,-10.236823021859882,-4.907446563912184,-13.533813517354549
-0.8212553214955403,1.0882117260269917,2.8121945205733248,5.555378670313064,6.04560254508229,-2.451167412531257,-0.2825172926752355,9.91232355046961,8.495761169790587,10.721205210348096,8.82178525795433,3.1661064658676357,1.9358395899708043,2.0804587002845043
11.920273457943324,15.750190166730327,13.963589790910456,13.653475866993553,13.69540760705777,19.77161022310107,12.204952183977184,23.645488994856073,19.79835143674399,15.571353838761791,19.503708541647654,15.861538332642906,14.023681117329131,12.911481503840292
26.573717331381964,12.548813192633261,20.914788248905907,17.400623744772982,19.285704337992964,20.190490759861166,17.38442474884977,14.206868512515602,23.079377005722435,14.727531694933516,20.283440684619126,15.460256281215258,25.82445603026838,16.00998978175513
2.974337335465602,5.938929544130225,23.979205192636172,13.894257760244605,19.556913085819506,0.5662433650140954,9.441131474339004,10.82818547194583,16.619081523904594,11.572726449322548,10.426657327992165,13.265685233491064,9.433721242894164,5.788841674045239
0.14732379591186673,3.988064662676174,-2.4981321039097777,-7.523197957971612,2.8191308511840534,1.618905953638535,0.7346352702370216,-7.384787343498794,0.18063436882266748,5.966477972412062,-7.679671423197615,-0.9726557884837992,0.2002887259003847,3.9371924015294697
-10.702790889871917,-6.709951768960286,-8.32076500876782,-2.3407296747023967,3.343829372552051,-10.415152725389746,-1.7398560328232584,-10.574607023697782,-6.31161752589675,-5.491307726662617,1.362939989617086,-10.259960598226186,-15.348194077287754,-10.310359902724672
-9.988829178864382,-16.593955493433846,-9.689285813262444,-6.424582480983553,-11.588447780437583,-13.498087476214003,-4.856890145232648,-2.703817514629863,-18.2288881747226,-3.4187642300139345,-4.9179000070037695,-7.06061547864687,-10.272430508360978,-17.103684304672
-15.195126874651004,-2.963092632087856,-10.385356152952694,3.5286065538887375,-7.619145979142576,-8.296238423679286,-13.548581356638094,-5.5366890217176055,-13.167350974677847,-12.510820653051397,-8.756048055858432,-10.739661724264511,-11.587038103122584,-8.515255541577126
-3.1288913706208885,-1.1002212156984954,-0.8735371557208458,-6.965082524956868,-1.2802164682848276,-13.634675201575718,-8.55990303994616,-9.174789854020732,-2.277186240076813,0.6579090560272762,-2.6023950715045827,-2.7699313023459498,0.04060630259408349,-4.947016631483567
-3.130679471247382,-9.099123232401565,-1.995479936058917,-1.3774210715260096,1.1894030731211362,-1.9109085363428382,-2.3447880984254046,-3.4317078376863988,-1.7204509726369221,-7.914074587700622,-14.012283622732964,-2.8627101058523214,-2.140167041558782,7.933919664744886
-10.240220433703946,-3.352443393708512,-3.486310316089953,-3.3685112519716722,-4.736336592969474,6.464499395336304,-5.033016930417382,6.790460498174175,-4.491535547217207,-17.379770089955354,0.2656384721634817,1.3265899469456741,-1.0724763636893435,1.5276748995132747
-5.512455477159881,1.800063633347866,-7.682622371633181,0.9632794224804011,-4.933144849710879,-6.136913786054139,-7.089876396958307,5.795363515173175,-0.9006755203514658,-2.8490149143484795,-0.7856898008286267,7.538290196351838,-1.875072478795511,-2.0857159896606463
14.853551545974739,8.822941516770483,6.314901803239423,11.640188668432813,8.405111134183288,5.627692713318113,16.36672938964398,-0.6727606843770637,5.928955078162544,5.445943927506873,5.763708209606851,7.1190258967916895,5.836440892915534,11.153111267179582
17.886523102134188,12.986268510777656,8.704021411396674,12.99871471717633,7.829604339249152,11.864548556270032,13.137798533788681,15.700308173070775,16.745432853788444,16.50057706278848,16.066780014016345,19.110320496368868,11.939707917938714,11.410050577443268
16.74881591491689,19.282795424680312,12.87015443475709,6.101901218746228,20.633892151424646,5.276990282029063,17.120119422823716,16.331668903317713,21.72375028312841,6.725881153812663,14.706920378811644,27.01281322368213,6.157932003915787,12.303239987285979
10.74143364883167,0.8160313929893892,3.61037518050812,6.508784154437928,-3.28374611625145,2.6300309166140345,5.003583241095888,2.811583006206186,7.4173963304288755,3.9364678307662553,2.740912332466318,7.793990724240987,4.629602990500689,1.2788380381444888
-16.238988256382257,-10.26636498943826,-18.67994765972673,-12.55956543753664,-3.3194974476879633,-6.469301247911353,-16.171535775747973,-12.324317208131527,-10.430508737186978,-6.149784695762837,-12.888936003580051,-4.276997316933197,-0.1757178783696034,-7.630175706185241
-23.078817842779916,-19.844234987632877,-18.267214232452375,-17.701619742554175,-16.258212106855304,-14.71407548189489,-26.531181349120633,-25.381515293940172,-10.568301340725695,-13.424997157925448,-17.611360069045443,-19.308713786223386,-16.42875518321836,-18.477610364374858
-15.726257327579905,-22.961384715510682,-20.653724289223707,-17.15291159080679,-12.741346435450556,-24.32803725105628,-22.597333451279113,-10.562308001407514,-23.70424262909386,-15.7859766453514,-20.985292730829713,-20.48452391684016,-21.51385291479234,-21.49138605273682
-4.042796490619911,-6.761557425143229,-6.804899977869422,-11.216448250318392,-6.950230935062331,-10.905801583826445,-3.993094367041948,-5.937343733738959,-11.359639081350796,-9.236174423853544,-12.16563566213976,-6.3081013408558,-4.801465292074417,-3.36776459386272
11.877548246268436,11.45273888805091,0.9007707606520494,4.6287929759777615,3.198699283364505,4.543147315832237,11.744669342245015,14.58888180043804,8.337654360916929,1.8932477771194582,7.583303303052709,11.12521505511811,4.305039196001722,5.946830723474884
8.89212640094123,7.093767570538244,10.328415690355431,24.337211788850574,5.955951865114254,20.167597083263466,24.54195201505582,14.965931650857659,13.722694485618785,10.449582928522462,17.23984848331166,9.571902108732072,7.74896418788998,6.8276240449967505
2.2574365035590596,5.025426790659614,7.217859682030025,16.2653247323506,13.096177519925764,7.438350964892818,15.400326791619943,-0.08853192412918176,11.373303148084691,15.044156529218967,17.12444939457761,6.952522056743971,22.674386240973014,6.439034739742624
7.955607465251667,11.9748427017884,-3.4664972147476805,5.213524206383036,8.558144784144298,7.391363290101638,3.6305239546331496,8.922283437153917,1.7870179968562665,1.2216690614819887,11.229546396431381,11.8089277839827,10.440087665371323,12.776647126155638
6.665875707192497,-1.7508499241170612,0.35070417763181266,-5.449352655594354,-10.204611115033064,-2.3280961639974858,4.453132318316898,7.210775880371118,3.3941713279551657,0.9583234467990989,0.528453464878754,7.482815116199382,0.7646507735288247,6.925167167390089
-7.9922210955678885,-9.01475488829993,10.31115257034651,1.6176733725435748,-3.007716496825032,6.289511712561653,2.4960475411365524,8.754757783574826,3.0443608699464364,3.966479961319861,-2.599171958898078,8.366216265056062,-3.191882230826559,1.9037896098722946
-1.0774717601223411,-2.2288820438560153,-4.439839619066375,3.8512479818421053,-1.5180389119966997,1.6972840790861818,-1.9361123427364952,5.578228983000759,-0.9879656195402509,0.7485723532152432,2.8897980071117653,-4.795859003085493,-1.3590118130943822,-10.792852739299255
-8.00626224142527,-3.7263360618237398,8.931671863949802,2.614887220688205,-3.492530160615058,-10.674073111622505,0.544817766669031,0.4752205853344904,-1.39323012106456,-1.9599044357449795,0.13706555480682292,-3.859872965234664,4.936855098977872,1.411003454881305
1.4739700487117666,-10.40904879274916,-8.504148909524572,-5.4096706782560435,-20.394998379132275,-6.742768582533205,-8.223336773863904,-6.882208961711685,-7.053426607310493,-8.929378570882582,-9.925930364465039,-16.793807417708116,-13.895642657439948,-7.532436165446812
-6.458439583339311,-12.28117747942693,-8.454580304601055,-6.666636936910128,-13.605259431746457,-13.614721485855899,-15.573249301732972,-11.976747907408527,-17.219642582605772,-13.743842955909281,-6.868515939444965,-25.389629068212784,-9.433693985221655,-15.943132913548968
-19.13095734299351,-14.65645557066099,-12.971490695613156,-10.615449939633987,-14.036997464090785,-6.7737563373273755,-8.33502399509456,-13.816500790749908,-0.8245448579072185,-18.107057791039054,-15.2407076850512,-7.893736965439863,-19.401302368914077,-14.771761834395088
4.476518216783714,-6.24017802101214,-5.496379708739429,12.468600015381027,5.738414725553343,-3.174727775543152,-1.3917711051232364,-1.5786713753552908,9.170756436407844,5.919672351979048,3.572942132257751,5.771474964616193,1.2208143189774008,-2.535785376468512
12.537395212073669,8.185329873267627,16.769301069866515,9.047176963772515,14.838816932641908,14.670647738639142,11.682980201277068,18.465672858724794,5.383505098390496,12.893993777342075,21.46224453520348,8.974549686670564,11.238148341628579,12.34060546733465
14.940558587988741,16.432944402748138,21.718892720066453,15.746649428236173,20.21285451547347,17.672727419358406,18.598646263990194,19.0006647205824,17.01281537162532,15.504226864394228,29.804972512352027,19.978236027072143,26.918797805168996,16.86107693320513
8.424728239864011,11.92448560505179,8.543177895623549,20.67906214901833,18.60673199812637,18.09256581174874,21.35183598595495,14.710717523668823,18.885925847656683,20.959249155693595,27.159012807134037,14.785191143433046,22.396166387406765,10.768667739771654
-3.264840807903587,8.82512262508942,-1.4370916727515128,8.910692303422508,5.667643094611365,0.48203200118777567,2.7734471085113626,3.0521868031122295,6.97387996914626,1.0390654763111655,8.728688548669371,3.870523587391407,1.6240213738731555,1.8123379322867081
-12.830057243789197,-0.357203488325629,1.2845176512463574,-11.768400478309909,-8.15091639718156,-1.150151642593924,-15.114732296809498,-7.84708123880483,-5.806557331047234,-11.716722398117197,-10.30445012523629,-15.45793105219137,-15.97610637837487,-12.353329039188397
-22.059164272847774,-19.278212313425726,-16.086549903048443,-19.19700594458688,-20.31806971097017,-15.39526341708821,-26.952104996899795,-12.637728558307883,-20.26383181939766,-16.162002677724207,-19.006596161625787,-17.588870114814995,-14.070123666178137,-15.617746136375903
-9.003557509465995,-20.929850791340975,-9.927570501868358,-14.850681887365226,-10.31159882766915,-18.697256958596732,-10.254892603330902,-13.082963349592148,-11.315924533557657,-11.098838813767046,-10.508063037835283,-12.147666173353752,-14.54873554440594,-13.167336882707886
-0.7695262904667577,-7.508422065774671,0.9682856519507279,-0.07708358266348547,9.046769011271536,-9.220076267585341,-0.25500827549243876,-13.324613271320914,-4.211336722188329,2.8133741032963755,5.294719933908545,-5.651760536648418,-5.700079631221179,-2.5960352825428537
8.322031254808191,3.251803724459383,7.559044262493181,-1.1568440913625038,6.4499752469228255,5.121159140071433,-1.004357092435047,14.647492251674022,1.4850479431927872,10.97544012934155,4.098024034473942,-4.442300524669245,-2.122683777299991,7.088934590515217
8.41697518135577,9.439352297495208,6.746454353840864,8.927720095322996,11.952083329896814,15.85740507553631,-2.7341723458003404,8.45498331106139,2.7029079020223423,-4.841812425167223,-2.451330542153273,-9.064071684855744,-4.512281086977106,-4.173896935899442
-4.901960946765091,4.941546248450896,-4.33091346484803,9.543448942637514,4.3296253245113245,-1.0570239203542569,10.74209448931165,3.4373383248321714,13.266413385963286,2.1190778438577684,1.6670261139646247,0.6939930819239795,3.2231575038272213,0.9747541532994193
1.9910920301506723,4.156910052412164,4.814564667001687,5.6966206791452905,11.207543718747921,7.4998684423456705,2.225064107159409,4.480876417117143,0.18090237846982804,2.9372595190933533,-1.098737580887141,6.180659238858967,-1.064574317888498,2.6680041838223567
7.139429742218725,4.513749056075045,11.082099276861097,3.1870126210860494,8.076980994689082,13.627396891567766,11.196098361261438,2.3003534464720055,10.054199780599976,11.83000588634674,7.83835782853375,5.663692649421703,12.9384868897678,7.942293668791729
7.035163125576455,4.910234326328506,11.082996961152595,7.86723957421119,9.91867572732666,6.5569664569454975,3.1950073418775835,3.5439476976414817,6.200955374559081,5.902191337670648,5.4939095655678525,6.121976261385067,20.83516132900485,0.09266513067370852
8.086241374477126,8.782127241770082,14.393702666021518,10.595002987877585,11.002478966411955,9.781436495092521,1.7879830490929587,6.209525787285106,7.299063016960507,7.301212569868351,3.3671724345480536,-0.16563269602116826,2.880529908037527,6.9567003476058265
-2.0173226627980583,-9.146011124361282,2.1430774498599234,-6.074554396224007,-6.247434660921809,-3.463205337275302,-5.091535958275568,-1.1669846268407449,-11.050561177409612,4.1560742322542765,1.594249804464039,-0.47240232958851713,-9.00283577766082,-1.136003649984601
-13.41673437106301,-18.5969755155711,-17.60683232955753,-20.870225064237744,-15.663525352720896,-18.625382823227106,-25.26423484967715,-9.953776520910996,-18.817894300140054,-13.723042906683833,-16.751737794193723,-17.38977620883864,-12.25046901879742,-17.69661093983495
-25.089766259370304,-14.159240546917726,-11.484233398604902,-16.8627693936841,-17.710297728806218,-19.062189477052296,-22.46975268577482,-19.50201509471586,-16.776880614594624,-16.782984219452814,-20.25376200440215,-13.823743760350279,-17.18778174834489,-23.881881829246705
-13.933488800159829,-13.554218862315425,-11.463288371554734,-13.81671966685619,-3.034350944579378,-10.872771040027743,-14.221141303081872,-8.081940794911423,-16.58788176165963,-7.618552335284653,-8.663098982771569,-8.156684384130344,-20.46152813560515,-8.372898131343586
1.4965238354293868,10.847380542706368,1.2317930617481998,8.243063352946152,-1.15311394962702,3.7413497572165344,2.24331833235478,3.6751168836166217,0.4657185225668583,-6.709465124036201,11.533987787306824,-3.990554090059029,2.9668730765792244,1.8574317999337266
20.402731380938757,22.488061067290737,23.26194108252163,18.248941357271146,19.418380914854744,11.943142041706874,11.271005930059275,12.57643505447486,20.791484518894833,13.715780151690112,11.759291109287805,12.669331586104132,25.75804533754964,13.909483668343258
19.823877523855252,25.005814447422587,22.740620293343294,15.396700078586736,23.166855440643367,22.43410507546031,20.02131330270668,8.451918505982084,17.771594472944496,23.7105215676579,12.68991406844734,24.541479218830837,22.58681885741973,15.497776259509477
11.769041338588835,13.07599232819523,8.014906945362437,13.374422393610637,19.260767221661652,15.127295050825817,14.02984640722265,17.0408744263844,10.864531667306158,10.805842449211392,20.606127777555326,10.127529890653197,12.584740344695826,13.783493255899732
-1.213759947113929,-0.4340182821858477,3.620653559767025,-1.5641916963187903,4.469160488016751,7.151759915217167,9.235745563237604,3.140554288173841,-8.402284717126985,2.0491681842755556,3.859989384280255,-8.18383005003474,1.8885585128995086,-2.777516475200779
-13.388534188187702,-7.091169434614269,-8.096384220547794,-8.673670063524298,-7.216901226371323,-9.344097189501156,-12.801504176426052,-11.37683196707981,-4.92953281686917,-11.240192583197793,-6.098679832373676,0.55731002373828,-17.30762869971533,-17.935140286880625
-13.713526385465741,-5.452574164353708,-2.762833412437047,-7.983516949028226,-12.152879854166656,-8.864714219117747,-6.596000901857333,-4.713284178004754,-1.4145585012723867,-18.928984384524156,-9.676762499960414,-13.781289423747767,-10.169328472770724,-15.948513360272097
-3.0075636604766665,-2.860330628015116,-9.507205460471303,-11.5872717592352,-5.8313569031994055,-3.3546203022232737,-12.435783919278236,-0.9850308638040062,-4.952487332263287,-3.9166074773663135,-9.853517378325689,-8.729950422335527,-3.239421272396262,-5.175552425520653
3.1955212357817864,3.198723636698892,-10.215236389512249,-0.31489783321102305,11.341119308198964,1.9962588303594249,0.039059629234073245,-9.395587026233828,-6.5900153212427135,-7.36001768763163,-5.5714971765751375,0.3956172768460835,0.07077699746271993,4.317381637113856
6.064798197650584,-4.4589027052300425,-7.011304595942973,3.4277737869285296,-4.03575579599022,0.1281838981941279,-9.409867161512219,-2.3611134337718047,0.7845076558346227,-1.994356578916003,-14.24704366974924,-9.043003716422056,-8.317993002730878,-3.2238694757495026
1.811964904264423,-2.4876109458657365,-1.3604140459271141,-9.509480795943446,-7.266337175709774,-2.0512740621395,-3.2335619643438545,0.2275726241892677,-5.56693998086754,-1.918921130391734,-8.412224442398273,-3.1502086954785926,-0.42208865510474514,-9.517100341754384
6.1022366328218824,-5.31192702820233,-2.656051421066059,-1.7348023568543325,-0.15640053664025055,1.883879146165302,0.2868184304710377,0.25155221453419885,1.868442587332396,2.4759143175106235,5.738955585311962,-4.9024363954134165,-4.246077718865919,-9.64480731216527
10.764150602428582,3.9793997820701836,4.674222066478272,10.728059946613742,5.255651699210814,16.558233905932227,3.8803769970763415,7.766075678959194,8.899455850185088,12.858707659859466,4.228638143332317,4.143437992458308,11.713683492757209,12.933472226537399
14.188776381248783,22.520847824090765,10.364221957783535,16.17230604404406,13.25984944522586,16.433020157360996,15.769978356806629,4.672639988516048,8.473677633037493,14.121524199369693,10.397055999564554,14.645182435262546,29.29257589898593,23.535060896774983
17.143633274137834,11.05268724522841,12.019942476010966,22.046052272597475,21.395581130664468,13.951538207804079,23.87393577816555,14.489380409659088,12.498423726272549,14.221126427537587,15.240870461677522,23.51518938008148,10.474760520408335,19.191251367407236
3.1456848601069565,5.949303573843214,6.375163369396245,17.79442314787328,9.471723438135736,10.034491383860978,3.211061136447307,13.790485500145971,0.9646163438638418,7.577886277651193,7.9745955339070385,5.11215299317506,16.448765640077298,5.027580110284733
-5.191886014180364,-15.06944261357732,-16.138306761158795,-7.006667080106038,-6.619711789108354,-3.1348059053619353,-12.933261419958098,-9.709053321946463,-10.365705320969187,-7.639442503414429,-3.6993103479776037,-6.283718202734343,-8.0003827995602,-4.522679153509387
-9.362978173921539,-21.130970163168325,-18.97221774899725,-20.649982245785232,-11.506970122960869,-26.970796481040765,-19.10358040796247,-11.793105846103872,-22.427427992356705,-13.23593457663333,-11.074543000538512,-19.106925708521153,-22.399144350656076,-18.652989557700757
-24.4988821656664,-16.909002746888405,-14.901962102237125,-15.000665845686644,-24.938000639045157,-6.151825592662258,-14.069958932060146,-11.778288308898986,-24.427369633770997,-18.525111273336357,-19.681427641227657,-20.44727464541794,-20.26721514210264,-19.06527445210557
-12.189422667099262,-9.753788936788508,-12.696407558206532,-8.646885352441066,-14.941626667190722,-14.651906796463281,-11.254419970539788,-8.79314246675658,1.4932150994396896,-2.9229615023749176,-10.895084936703139,-9.474233139982983,-7.542710754593969,-11.552980949531692
1.0934642326006596,3.389260110024591,8.86086571264254,9.876032295325755,1.3036421395840696,2.625198611058246,5.887997821256759,2.5857030623213704,4.4440212247314,2.021952383976745,3.813605732861494,-0.5282922226508813,3.442316990481502,5.6704815967320465
16.398383682678798,8.458155427294605,19.040859969191875,12.574278742245095,16.61470293910084,17.478787915734102,12.94466893453581,10.074638959711837,18.387805430734787,11.133850786523078,12.715950753417996,12.321966313766493,14.485532847962615,11.535264271149867
10.092467834087108,12.306403441098318,16.38852987975896,15.48400723319741,7.844319809812076,11.666979689614987,10.814340702661646,11.394272851243544,12.423881767403962,16.489395371218883,10.638422508595703,15.256478809856649,8.139996682795598,14.356009957540099
19.16353368683965,8.23457470017987,9.81401950114617,14.249643566856879,3.077814710550644,3.0907993596197687,8.200713380618632,3.1800259144657157,12.414055401560866,5.028734616700712,9.67921218783687,4.538214851482751,17.348810096547346,11.276459418002702
16.421702394454634,3.795993885360916,-2.4400683693279324,1.2451020921032148,2.429585367845505,-4.390462655160699,6.363269082026925,-0.4703538498549311,2.6497869689164073,4.187546884917768,5.857089521930428,-4.004039646421158,9.753203098219274,6.186570666781928
4.346717172744359,-0.21526828906077108,3.828522450978409,1.5633205728259416,1.4556185868219427,-6.715778797762315,4.45375510669024,-5.824337025070974,-1.6619018890461827,9.455773247765354,-2.9552720405843846,-3.737836096968456,-3.1866826283720586,-7.041276771195831
-5.353716203924191,-3.955727624695668,1.9249974679230666,1.5095844920314283,-4.430839043615783,8.031391401242125,-0.14635072242768993,0.2821047485238533,1.1164918492753195,-1.5723238977361702,1.5878914332775316,2.0395107785202122,6.210588894942938,6.2597152778257295
-1.0804404460239085,-2.5718913952504776,-0.5706802430841513,1.8001792314412786,-6.0525323776733355,7.930376350410171,0.03612341450507284,4.999651361818698,2.9759905217151994,-7.546618882118025,2.1800436552075073,0.40049738190134754,0.5161618417138976,-0.6618025238163967
-4.707290596923691,-9.287776201321915,-11.681313652761983,-16.179941641475473,2.2181070492004817,-8.257759726106704,-4.127730076184647,-13.153319963660811,-5.928829404637824,-9.239060997495542,-7.444076750816954,-7.534060271388255,-15.31318975180847,-2.811651815473396
-14.618639890573697,-7.012091596538276,-10.315865872204075,-21.788367071206892,-11.663127663334473,-14.740517830318176,-15.552126899107352,-8.611992930103392,-17.1991381576127,-14.792506379772846,-14.487207709869512,-15.223697704065312,-15.641108814186204,-14.212806895502442
-14.444043519422861,-8.789018010752077,-12.432130600361736,-10.01964680811705,-14.167953534106536,-6.454692393190779,-19.88070986385567,-5.923970876503734,-4.989780726765007,-10.349351659925405,-3.208065399515945,-13.961994829938861,-11.745701469248893,-4.14442227742544
-6.804200352545374,-4.6135157407006115,-1.9323245859370841,4.199313798359263,-3.7550253117972683,3.1620625407104623,-4.404234370434098,-3.8873269127747685,-2.847762607783558,-3.473188575217761,-9.109146158749052,-6.24792361191728,-7.099743569337653,-4.905201002522295
10.488018467112502,10.568291558327559,5.885620721017055,4.106086498619682,13.076317027682553,7.99771680332239,7.38694857135139,9.34392010675253,14.965254092414018,12.288919596780046,7.825572904977409,5.984813775835272,15.09054205829209,8.439955770803337
20.77168107252633,20.647613282705667,21.982074913408297,25.365338255545016,24.66863370875148,22.685134288552995,18.495224152411694,14.364623025701505,26.421294745114466,22.011112590732083,20.241164929363247,14.335102265382446,18.15753666421689,17.858499972820088
11.081375633305967,8.136905791133046,10.671003864432272,8.422954583404067,18.07030805463595,19.661175517296797,14.45132859275068,12.319914942140048,13.88375746386577,13.246882947039204,17.03914202383207,9.257577713549829,20.352177196680657,19.81486206848443
4.111165421602992,5.199860362879427,11.630061172785757,7.216517356615842,-4.438411636461766,10.087226445591014,3.8145432385300175,2.3576631341347367,5.344416235450211,7.0934472531373345,2.6548623129592706,9.629353647307633,6.221525923651548,7.691099825100923
1.7630818607830445,1.297087159694744,-1.591497743495382,-6.386911491453192,-7.441807770352749,-15.348677383151859,-7.06205201909604,-6.534480361578678,-15.462841064255823,-10.973230404220677,-4.313096145715834,-20.502700536885712,-11.307851590019345,-7.506903979666987
-13.326376952452211,-6.3197800236744435,-22.765696720025765,-15.768209607065081,-12.337219477659032,-9.149653185217153,-21.385248070511246,-14.608415858160217,-12.667593980527368,-13.226177649884812,-23.038170769789243,-23.62833758472635,-10.969594143270267,-18.70292302947597
-23.727376082458626,-7.8058345707730625,-8.608221928391611,-14.277315549379942,-16.18810657716471,-18.39662355786716,-14.209590555512726,-10.067769572689157,2.095380534989882,-15.5931190813262,-8.94853757905324,-11.015354933000776,-11.708707583600958,-12.176640971105
-4.051878387628583,-11.013159389317412,0.8988297063993889,-5.431396858749746,-9.885348844969382,-9.064744613542373,-5.124982817355227,-6.816858046432312,-6.3687982895729665,-5.0525125390026,-10.371381233991261,-7.0917785140563225,-8.01356643284906,-2.388457267002714
2.773211829910133,1.6604973757880157,-1.528129435722628,1.8521106139225632,2.803752028383398,6.858178343870341,5.438410494756169,0.2707038906073702,3.623284082916902,3.584667104245129,14.582530200367348,10.168780582377472,-5.043489154103922,10.482636410140557
0.38145499856348764,8.246710947607603,5.914587041398995,11.542945969402105,5.661885385379494,0.08292284915567016,2.3665479528804876,15.065188634220185,9.740315087512842,1.7460800231406224,1.3817694251939492,-2.1844309707381475,-0.616743425874243,-2.2191502515351322
6.60260784682878,-0.5176909835655286,14.622601148660195,0.017999538739859045,4.737788599570071,3.205731204322137,1.496550962521857,7.698481146124797,12.772014885942543,-8.686976108259927,-1.9664501583158343,6.829054802738838,-1.1379990180644688,3.5134283875697543
16.905118088783446,1.0567613165331924,1.997825742729007,3.856118170089375,20.128629154107408,4.030901965400091,-7.433152117525987,-3.32789155959522,4.76111838635417,-4.177747990814304,4.323973079805687,1.3512278139303802,3.810672899519267,8.95671057286162
8.149321827417703,0.1379920535200565,7.50208581527983,4.043135507180793,2.1416652134759984,4.7688225210308515,4.599317100633397,11.143776053417312,16.02528974070998,8.324066826356361,1.9663546682857547,9.52600115375715,12.491971273540761,1.0612942834990777
11.296175785596192,6.422314020454211,13.330291803771788,8.052441943666338,-1.1968290951401421,-0.5460987869680825,-1.182682459360823,11.233543309268805,6.095851248525207,9.797280597885486,4.810307800132578,11.307095459605273,14.237133901487148,4.7383775309126115
-1.315617926059086,6.822611367580225,5.6082856327008574,1.9185215644054576,10.131413809969303,3.371540172554956,0.750907070203815,3.6974091456494,9.456491622211983,10.946833995287175,14.019916810261172,-2.3582079548583446,6.004377398089005,1.878521556572303
-8.987760543606125,-9.040837661946487,-3.5272397712929235,-4.47220835933739,5.981600898596421,1.8015637594731668,0.35621114166093903,2.2554353790909953,-6.215365777297225,-15.011469234981648,-4.5102414249629925,-3.5690062871921793,-8.975498226554027,-0.4256288744905574
-11.923096344888394,-20.868416212685148,-14.586675562136435,-19.7476017019575,-12.956768820010389,-17.071201584862457,-16.947897613550754,-28.232710805926025,-17.380200737029064,-18.41333385206783,-4.756757582122852,-13.717967509702985,-8.798804087109868,-8.437246867199285
-26.698402206960303,-24.92284737942503,-16.90431824940498,-16.143576190450716,-17.76234108182261,-23.335491444237736,-26.927364670750833,-21.91095695995627,-19.83340922454385,-17.061876794067185,-14.013476326103849,-20.899658024157795,-15.735703103093176,-18.07944032342208
-17.89775444128201,-17.18160761943496,-15.370266519890283,-4.960567945101278,-7.841734000018695,-13.794040822407657,-19.205554856240237,-23.099586548185805,-7.5963733481275995,-12.439848513696921,-10.315437983142939,-17.86982464245076,-10.801653025649554,-17.226887626342453
-0.14785416009845867,3.0991236680674326,-0.08256927838490769,-0.10558539079272553,3.949949986982199,-3.6954468574370907,-6.115492623006406,5.2486545877612825,3.1671711410836965,3.7999618233329473,-2.1728419527788208,-1.2906476289406463,4.932039223474627,-1.567464512201236
