AF3,F7,F3,FC5,T7,P7,O1,O2,P8,T8,FC6,F4,F8,AF4
3.2354100156103796,-4.067620829983481,5.332630930886349,2.926539279253607,-0.5376865813103112,0.191080276669438,0.11973058485043504,-0.8379807253595739,3.4556966165694645,0.34372220465527553,-0.15757451753188453,1.9253172219430628,-0.7967638980253433,-3.3605399040000483
5.913116318871019,2.7741431020343876,4.137281710664741,4.988521926979634,11.771068497571473,2.2949741941682733,5.173186133765377,6.979112760701374,7.965920477183541,-0.8174826071552852,4.492267605010898,10.677620559756308,10.114717697985967,-0.42102891134530207
15.62412741934658,11.773790376323651,10.613950146578631,9.407833090004123,10.413114254042613,12.810889370866573,7.512414736715891,8.001294748306927,7.321854519119738,14.029497016020185,12.931631321170709,15.896733309693811,12.102408788187114,21.013788510680158
15.763652598729092,14.410111205757598,16.67979396843802,15.316160217528834,20.40837523415207,17.119510570609346,18.268849170741227,13.133298654952416,18.512114196819986,16.977715387623405,13.607173050210278,10.77155098522839,19.818955861957562,18.89095995512508
17.371178034577042,18.756600481580254,18.70856300704779,14.405919573104791,10.927881595391934,20.424615338159615,17.098875780945296,16.59305822689032,18.12918036060634,18.077140778442377,15.625834170568197,15.554456659467974,16.158013480536177,19.222957834991316
13.900563510785428,17.264297265673036,17.074926326994444,15.951818983764873,23.27346692121199,20.166123055949644,15.674841188674186,14.344378171333833,20.812319918537327,19.427045873111222,21.198370178350096,16.67013577567395,21.0392403177826,19.843868371612647
17.399973596718805,16.020639964693974,10.593314930977524,14.14192808505986,15.129644930437845,7.817868005211164,9.442889365731197,11.919228411641333,13.849820929956364,11.805082767232653,8.990080277470827,10.719695626539783,14.185246559415425,16.54331895738588
11.038053522609276,0.11602492207639159,7.744820642013845,11.057462798367032,11.426654171700438,15.229999532067229,9.98691081983795,11.790323556342681,10.144500786746416,10.904592405409037,10.21720146013539,10.252140726700746,9.930653163061585,4.952876026303432
2.301003802626606,3.7850777088255816,0.16903929404538065,5.071180029224208,1.2427108356731367,11.366514045476432,6.131269724080802,10.420433384742118,4.788950998772831,2.6028834522344395,-2.7555092156653034,2.105529439256374,-0.48411432672010246,0.2068759785570684
-1.6081691734384043,4.8550455907042425,-5.214502080255942,1.3651507673609453,3.6514825947167537,4.31001993649317,-4.606250035398858,1.916196613361996,1.9644035723856508,2.476603501889164,-2.106021731098968,-2.9076539609198773,3.3766288218238114,-0.6624455295351079
-3.5866684962414794,2.2636119841973725,-4.898194155087172,-6.740087766117148,-2.011850283523137,-2.9055303041819838,1.2649067521599786,-0.1751751448379446,0.5723140349706117,-2.179323615678535,-2.7221122455513638,-2.782410445437462,-5.181101953365572,-0.8501357019673081
-9.086801116687731,-4.353328352904565,-11.752750660231918,-5.632655650915975,-7.5071953912524805,-3.6861674068491777,-3.31193843635933,-0.4358571955309225,0.23663336310480165,-6.038481115162657,-9.913835858538977,-1.1954749697725768,-4.13658989180045,-5.352694533734019
-1.8843491594407773,-10.76344901016475,-1.6525663249696056,-3.143287971027206,-2.865811238498903,-13.358726678841588,-6.089801875423369,-9.163252525017796,-7.452179196514521,-5.78974407825833,-4.475700839506676,-8.02921343351982,-0.9461347791834522,-1.4427441300722652
0.2985374592036969,-5.5869063188333605,-2.2588464971434252,-4.60081160158594,-6.947673173025005,-3.8713291232543963,-7.521350625835743,-3.134837462272197,-3.424321678443742,-6.482055829665974,-1.2867579301507392,-9.689553046492954,0.08768997954585211,-8.740975989141909
-0.2584724998777421,0.08512485508755674,-5.602920370388767,-4.94877828952389,1.4247343007529238,-4.185183882144936,-5.048759615643936,-2.725925468957927,0.4671277136837215,-5.137459458649541,-2.497094171118841,1.8826295898776717,-3.1609512684158703,-4.806192402705708
-2.341454517225223,-2.2128514640110994,1.440918301268252,-0.7200849809991308,-3.325501022555162,4.3111227628233895,-2.3388799887864353,-6.367359218055038,-5.756223170409787,-1.6618751375412102,-1.0230195978695533,-1.2425695027974424,3.926920469440536,-6.423464422451658
-4.145077940623964,-4.409621679839045,-6.20535864546757,-5.091420617054055,-1.7839010790923777,-1.1894326707812328,-6.207459969699091,-7.568717303594118,-2.967089117631798,-2.84735779861381,0.10235174744195064,-4.451975127631107,-2.4463412155828586,-6.115819021895486
-6.495485049893074,-3.896564291106382,-5.130629958320735,-4.370585646724592,-2.2904075169703297,-8.972704334245023,-1.2394060189844232,-7.727035642540244,-3.2342869995789365,-3.210618170628297,-1.3975645354835047,-6.00918628632554,-0.6053119353221863,-8.185071598448996
-5.825575768709978,-7.9153615264718535,-6.044733308959606,-5.6194545895280426,-8.15677686194777,-7.124221031543038,-12.034265755289454,-10.053342408502388,-10.598128600405364,-4.589177550626128,-10.521315870856652,-5.732344999443746,-6.22016511346186,-6.28985977668709
-5.118704588640231,-12.927486690143358,-9.049781253063063,-6.18693355654763,-5.534452695448951,-10.644234569559611,-8.63091188223046,-15.54980915408937,-10.59127777688166,-9.513223152596822,-9.10432841810433,-11.860094023600862,-4.877225565093331,-7.757602062343599
-11.677893073425118,-7.613613483375717,-11.07533897432816,-13.482679122674853,-12.079542214396152,-12.029123282595783,-11.13876549498237,-7.272688138975377,-12.101402632290059,-11.498033857752564,-10.996832484063614,-12.118037182029191,-17.600829439741766,-17.487858528973177
-11.81955579987543,-10.732730583468733,-11.674560650076467,-14.871403376431854,-14.133598856745861,-17.05704475197629,-8.043487990987572,-21.55168508675701,-12.997221893867186,-13.352637284356621,-13.825104168265254,-16.362655479349492,-16.26889080494324,-13.652634596643862
-14.333011908438085,-10.469444664738301,-11.496741551386911,-7.497461423056646,-9.283325409656193,-13.788317161720226,-16.76734333368593,-14.540581270939306,-10.021722260916734,-11.137900622589544,-9.087093699719304,-13.2914922793569,-14.423793581152843,-16.592769944408126
-4.361930307635461,-3.3657095075334107,-7.2794670705608215,-10.706990106681644,-11.097779488530641,-2.832295718163744,-2.326462597125392,-1.9918264829549885,-9.967914759913345,-7.756335472741746,-13.428434039304499,-12.062758344606278,-5.052725750683373,-14.8373325978348
0.20805582099942388,-2.1937355010852766,-0.16827208895800272,-5.281279101725924,-9.86271061838528,-1.9160385595609268,-0.5583417006283318,0.32355184007054305,-1.8581906513477253,-3.0835684810367874,-2.623136371512203,-3.9700443266718337,-3.04108853038712,-3.6453029640664063
3.87442962320666,2.0141690675245014,-5.945416004698413,7.700911949173847,9.605579267447741,6.316247131801655,6.393299344232645,2.8085601557828968,8.434668022681812,1.9293599400705335,9.696030353339262,5.5314334029259555,2.896182064418247,0.6124999808383587
8.117855773685038,6.621365159021761,5.634712552803167,10.268823136796069,10.050684022434698,10.979494074087535,9.380449013142243,8.979612435144817,4.263206004766091,5.414734238742666,12.510670627305483,9.63836039410439,13.985776246545248,12.627532228956794
17.47490126794849,15.309584405658866,21.414316471269053,18.442640805774055,17.450553017466515,12.72329481216309,11.48119692595178,15.961138955665856,15.502482588300003,16.423753364800223,16.08894773214826,14.434281349046891,13.641561707945735,16.312907968630682
17.50506862290042,22.0240175328144,24.288781819138556,16.65841869148877,16.408672587215314,22.076618957228245,21.182031127136703,16.20522716415944,19.398115418894513,21.20305192400619,15.617864040617798,17.474344902019308,15.956988147804468,20.761261101297126
19.571273672279773,20.651805390427178,19.434027025460992,20.050665517595654,20.708044587134513,18.32127357479999,21.841652157975297,18.987104771705553,18.498791579971353,19.254320136724765,19.86177985646343,13.533122591977373,20.24283120050343,26.10134034753033
16.237464611385477,18.71542235414278,20.613064233118433,15.211441483584037,16.76310142583629,14.065247002727656,17.895594549645804,11.9492412349692,17.252060319928727,11.606163099898147,12.778901854845971,17.459374648852084,19.780205770119142,19.917967198356997
12.491194863087555,18.211834068961018,14.874153914536643,13.700035446365757,11.520535499531821,14.488617432035916,12.600349891068737,10.152109506029733,16.06596446287349,14.90691866800839,14.306956573322974,17.3237315610019,17.32717538728076,18.950158096513704
14.39420574406591,6.6187540029109835,8.639202953963753,8.961707736165518,7.839388544898476,7.627202014288916,5.307865463459947,8.998524305062956,10.643815085848747,5.644890049852725,5.7880470603010785,9.382920196614199,6.787688562573923,6.874646189007645
3.819723246571158,0.35962560194636306,3.1810340421816603,5.157098113203521,1.8227784850599795,4.189360985264383,5.085751978427794,5.737359209513055,1.9693970464219146,0.8917138756629179,4.894037061484648,2.181019389010132,-0.5750171907194339,4.324292756498194
-0.5601270622253449,-5.987471556165682,-6.374999196686662,-6.679255672613068,-7.49176642917466,-3.24549948257989,-2.841300719173389,-0.784744518357336,-2.8545967586717484,-10.609420477877386,-0.25807371175566196,-3.2670436408012042,-2.5944970883530756,-7.198169925459458
-11.135350294230749,-8.387534087616167,-7.467016314843497,-9.47977896528857,-6.917839385552096,-9.403186428491363,-7.1898176285384965,-6.5436335440617555,-1.2899883852095986,-8.467455417194934,-10.126075384555946,-11.522444782061218,-5.080399191037548,-11.707319243083646
-10.544426824329467,-10.093331140860034,-13.932032041728734,-8.417400958159128,-15.076853196208273,-16.65656870120494,-9.614345619874488,-13.371669306432414,-9.720082010054144,-10.993661042477209,-9.201988187711692,-13.901521460624725,-13.116733960624675,-7.649714701982809
-10.75830630802578,-17.246249275246317,-18.706444282493024,-8.722463895737851,-11.227765225109513,-12.345989148101461,-9.592086035453345,-11.477547023784197,-5.891096887580151,-9.336711151280051,-16.683527318374992,-14.130817099301124,-10.429848438540576,-12.884818590106653
-15.924148679035039,-11.760035229918145,-7.310011491538102,-9.542155801311544,-15.620720808747572,-5.394965951908951,-8.010739495980907,-6.682397049637729,-14.758928082833823,-10.136065820493082,-8.271371747625118,-14.749704596600438,-6.269209435882654,-6.456079976308272
-11.340121873496887,-1.280004362865112,-8.054966498134135,-11.633542570075907,-11.817981546626847,-6.072433896271696,-7.696287174980052,-9.333931703235914,-12.775562040529408,-8.027109098012096,-10.812519915376042,-10.493540698960413,-3.5851567576596386,-8.647551501410637
-4.499643597461031,-6.766278820297391,-5.584913236406129,-10.813806421975185,-9.902448264310463,-5.208804714651443,-4.678502697417401,-1.8348599699188624,-9.715304961243245,-6.878689725643877,-4.782525725491665,-6.230627741299325,-10.63711075045845,-8.114188448096554
-6.731442310456017,-6.185410726807798,-4.303106244231205,-4.885440936705331,-2.5323156845516097,-7.983047257169374,-3.5246116633405182,-6.330354411709788,-0.431610291921217,-1.6716435992245464,-0.7840530750598802,-1.9786926423702629,-4.525422482921451,-4.867450865258036
-6.449493444839762,-1.763329023309589,-9.484476732998466,0.8871423937387677,1.3000053974429333,-5.675875438830616,-0.8301525772583336,-2.433070205669793,-4.91114365651636,-2.860975325852124,-4.0323305183649305,-1.2901118372135527,-1.1023384693212255,-1.623558705508054
-4.105750255965263,-5.073039961515625,-2.0358097472608057,-4.608865085852477,-0.1474390489578301,-3.449647265963695,-4.2733231848503035,-8.69311268843215,-3.0242053683288663,-5.753884015477993,-5.950346629260311,-1.8309938343900027,-2.152729815220478,-6.056483720633665
-8.415896335721573,-3.982163687283242,-3.624767968729809,-4.979301149152917,-7.781601281238677,-3.8917085886540583,-4.942057013276801,-2.7808584134703436,-4.517980851106408,-6.980231330432218,-2.932113113042332,1.3893326836352315,-3.9688639668553254,-1.5256529983562128
-7.640139691157584,-2.3747973844871435,-3.2411388011400835,-5.992490763689247,-5.663167559225447,-2.3216285725111296,-7.641035355613356,-5.37934456402435,-7.207029262920013,-9.061107989875058,-4.358406388382427,-9.59700311850849,-8.688885912348834,-5.701735712613109
-12.868030716408892,-3.1655914164980916,-7.914921913657614,-6.981505311642105,-7.428897652737328,-12.546641794964799,-9.992869419806308,-6.079179947086949,-5.128780014973955,-5.624923177441309,0.022259958260299584,-9.943662436102937,-2.496050835783929,-10.04724664360485
-3.7578861449835754,-3.5703687426234527,-2.1072322691094634,-3.942515664408556,-16.818683296135667,-7.316114742362874,-5.6043934270817415,-6.028747896581967,-4.0961607838400305,-2.87994203704135,-9.377260716741652,-3.5505586667771056,-5.03265440302456,-7.542761244060804
-3.5157855108800335,-1.1345119843291678,-3.203741667958943,-6.011709866329699,0.44418810367290007,-5.004067790640637,-4.773686003587452,-3.101001602730059,-2.27024874425192,-8.962987148067178,-2.897863556047776,-3.801693662441059,-1.1498617383222327,-4.063087772926473
-1.8793902234707276,-0.5294257369181883,-4.076539081079313,3.7481172067660546,-0.008541499526745655,-2.5150098260116094,4.137303976356025,2.6871455580961237,2.1870826983193843,1.573149170480845,-0.4454495006830317,-1.5569228843024177,-2.4871874995919763,4.440859185610373
4.180113404447626,-2.430715459144949,9.007785279654971,7.101225566501262,7.126449778372226,6.3024698173774905,4.525636246704831,5.500820979612768,3.5053285162303296,11.454829460148904,4.367234888843544,4.552416449134587,2.9357311282160743,2.0119802711709323
8.13490288101486,7.560829414899146,13.884031606872515,7.655827648678946,7.286671426139944,13.5357325330289,13.982221570866129,5.355199591225045,7.079370648640462,6.361151432799897,7.0404361317334745,10.069544367371469,14.115939623770663,11.058605235948672
14.420463455294515,17.14148833685593,16.0484987645318,19.279891944397544,18.9245788595349,14.196998087501575,16.876060557180693,15.852976121955537,14.549037186298037,18.25740247907132,16.809577455842252,13.174864671008871,11.702748989327969,17.45598762280091
18.96926545954987,21.288079897824183,19.398467847227625,18.655242586588027,17.353275034714226,19.391428863065684,14.025381933102153,19.22862188648353,19.25384834975452,16.347783458853623,11.507330470112967,21.785150458904273,17.159516415079914,16.222481889074114
17.496511742283563,15.958045238514522,20.84928420213586,14.933042013832557,17.67611618051509,16.89880448155777,22.709447729356718,19.807049689102747,19.916996787910968,17.317443904981836,23.18395151448375,23.543529720639043,16.45043124197658,14.377831875243976
18.957977586678233,13.795238482614579,11.58745146667394,14.732883748254991,15.919378913896326,18.922190069895223,19.22326440910897,17.899457205520697,12.67732110937982,17.03913151431316,15.339110277026998,14.3160305230238,12.116994870696482,16.59239540420613
10.966812720771834,9.519466166738848,11.907047012059241,16.79808338924021,14.038182751666891,8.780525208202768,11.244028016966585,19.021618354727117,7.19290526197145,13.33215846286516,13.407689874632668,12.257813274334334,8.305140882759208,12.05553850010185
6.326440974794711,6.073791406887334,6.312778396423822,8.134677899663792,3.5932975481030454,1.87890910534282,8.283394620476624,3.9276673679132013,1.71020381952835,7.603996841056412,8.801375211169923,1.0415484129150503,10.7841958218456,7.925024973485483
-5.854100378620348,5.008170774605882,-0.6931109505774402,-0.31675868362170667,-1.8114354585135057,-2.6481424546343932,-7.383938274705096,1.8077881729909462,-2.5243694522334996,4.121669735514677,-3.2434060062485104,0.9310218911306116,-4.100935117580903,-2.0112079724840672
-6.099835536493021,-11.691770139113837,-9.642082498934878,-5.379424668815266,-11.27810467118088,-11.862922305815394,-9.08159406706924,-2.5558336853697563,-10.295446077241099,-3.7096651993676515,-5.692573860290071,-7.221506779124036,-11.417309709210478,-9.914527360927995
-14.72404006857152,-11.44674509310337,-8.189604769019116,-14.859995268480736,-10.401643586270042,-19.166465797695576,-11.661972788790113,-14.598118646764462,-15.616480302145433,-11.964245798744805,-17.569674918662532,-13.188933375046833,-13.814769689721956,-15.735962063493146
-17.105619860274125,-11.794023025788437,-14.344133787414997,-16.3213818068735,-17.574983375256604,-16.67343115420197,-19.3363677893285,-18.645870332090926,-21.03571581637957,-14.303825440227524,-15.339104937659465,-18.435676109717747,-12.267422288311142,-18.514799038998603
-14.445908608742798,-16.62168761564611,-17.059080146807275,-23.640090532152545,-22.622358747902222,-20.17215495766146,-22.929433768471668,-19.51611393969455,-17.156755825515397,-19.89246156922804,-13.198669405734213,-15.300270360575734,-17.708409888798457,-18.40655177733137
-11.775874889832421,-12.634450936949627,-15.67267054879455,-19.05143819018398,-15.53690209885486,-14.937888507800606,-14.004980894329922,-11.989572216896892,-14.852062244380924,-12.079425433284786,-12.170180090300008,-17.79190965128163,-14.43865518470399,-17.220211777859287
-12.135906098723266,-9.888755606643658,-13.689601919518797,-12.98627348084684,-12.421119804214374,-11.506577130436188,-12.16301848220586,-12.756620629723571,-6.915855628858587,-8.034117138546325,-10.473637996742397,-12.17917593838516,-16.355983070339825,-15.205027538020971
-8.934317710490863,-8.599431968092007,-5.139377883157925,-11.083445194626055,-8.344160990640795,-7.640136738062978,-7.269441235733336,-6.399781862330238,-5.965070927706677,-6.442404842636032,-6.650833283603759,-3.4879272295086734,-4.318464882654508,-6.652502761275061
0.19147851525676707,-0.750216009949793,-1.7439355675283588,-0.15875853637406934,-8.672719130730236,-6.851723660848387,-3.5887076533470736,-4.769744673176831,-3.2670105886931378,-5.408391573767675,-7.066961873535158,-4.71568691778403,-4.280712587298453,0.4006180429740711
-4.719505681337581,-2.348203627053,-0.10607436372736859,0.668048874165615,0.739371090685102,1.566713493419539,0.23767944725202755,-0.7338261738606466,6.150386884696493,-4.914885644996704,-2.978279953715613,-0.9349411260584091,-4.033205277163503,-7.369990980773752
0.4729865864480767,2.535399401020232,4.301479960742416,0.6107010738989156,2.2226733176477436,-1.225149198453829,1.6417943020131684,-0.77804532937978,-0.9814764701078063,2.103702952611603,1.358125321873479,0.3268103869582908,3.0993225612785027,-3.621533718415293
0.1686073107314323,7.120208445745135,0.4907798872053162,7.121857834195689,0.28405350559472664,1.3970096511383563,3.402873769234767,8.382226671659453,2.946789275221035,0.679799146301642,-1.4042496658974017,1.1992246892539382,0.3977726609760639,1.5185851375708874
-0.15836432593408611,-0.8199948116455378,0.3862809631953721,-1.0261109045269796,2.525313514625281,1.7246903998565974,7.550341044340371,5.409812724512069,0.7136331306304096,3.8673483944184,4.647006739869802,1.9294152095614692,6.629874543911478,6.815030074293024
-0.1825390169891783,2.90122751973133,2.658587967742905,4.903243485444021,-1.4698221822564457,3.651141284885551,3.3387341980309078,-3.2649138792856145,8.50309187047098,5.659394720144757,-0.24863562975590714,4.150633407582645,0.23621219755824163,3.717032059321073
-0.08845251965415324,2.5033645800637876,0.08195107880949626,3.314524534432744,3.5295265449089976,-0.48821941862442664,3.240787793057538,0.012911290341490855,-0.8657610194182579,-1.964526197915641,2.1950790433065253,1.7753718702318175,-0.8896716982084873,0.6953184940061812
1.9558349342000252,1.1806453472252156,2.4553511480126273,-2.1499458372751814,1.281250711702243,4.774318840864086,2.764592668460744,4.745427410228607,-2.152463912990038,1.443048800200782,-0.46192937936737843,-1.0851770237071285,3.1092401204978213,3.180116619983276
2.621719516060169,3.42557224831361,2.990435800970345,3.5643850486430595,5.286909759882014,4.652513846700861,7.646958596369119,4.061290355604582,8.769701628731726,2.955732684285603,4.385558755854918,3.6114131086893915,2.204059022514973,-0.18347148604815944
7.810379358895946,9.755482606242209,3.0746413541084205,6.960614019838635,1.9832328387486289,4.176379387777592,1.7281416406102235,-0.0830480062851029,8.00607478842185,6.000160491779143,1.2691529809296194,3.343366445948583,5.850432504636326,3.9660849663397304
5.053572857348356,11.658131056582791,1.4107068468704842,10.730423680477417,11.743149444585015,11.093236212332222,13.385410618595419,1.732068963887544,12.642322919566471,8.464862737073139,6.233857293042346,8.276554977862592,14.71600207107728,6.996557030885758
11.068295956884638,10.521062160353198,9.723966949851945,10.171582778141044,9.06858844973518,14.653170927319799,14.367672373494262,10.100073575816397,4.141504057858301,6.512300970053343,14.709105399371785,7.722029623764518,15.415620826409066,13.440865135718333
15.344814351617948,12.375816485900229,12.989735936357661,15.679580206272288,12.769402240171193,15.89619098185922,14.724866543031865,11.126201883603525,13.969399830908436,15.447757784846068,13.974253565169928,14.118749397479624,15.953399704094187,8.638297325326711
16.348311769628655,17.102396587442176,13.564910069244117,17.64400597605895,16.494231363473983,13.446737860287849,19.004210919112857,7.860118084746677,18.516540486637005,17.77281242968733,21.068273287089724,13.89966793502038,17.989155088280533,20.548633670851608
12.150181236130692,13.881376594968707,11.69902234894485,7.740735529914714,9.518514598703298,10.0818518647802,11.331440785731518,13.995466570111844,16.319461320681008,6.554696701330416,11.862340030692136,10.8114120018739,11.919508948527211,15.516272500388965
3.5072320581015664,9.538598184899488,7.690643575366858,8.03630603940627,7.124353813377176,6.280129925053407,12.376749062212088,7.3709828165662055,8.469757080786772,6.605492672459134,8.602396431266497,9.76643559193575,6.939645894923514,4.394118430151802
5.357418550166416,-1.0768163899508698,2.806628195102835,5.448333124860743,4.31802854700142,-0.8479457732060736,0.8787962083420287,7.066204675812407,9.91977882669029,1.7575685228006983,-0.6068732693668077,7.140203557586193,4.471416715185522,1.1475334978719551
-6.984663500058622,-6.779889509343482,-6.115679172731641,-2.0435835671190947,-11.729077927884903,-9.730739840581274,-10.638085884600045,-3.984431593473735,-10.985990511689845,-3.8536040708833683,-3.0098491069399698,-7.834107318161942,-6.927421516771552,-8.438416103223844
-12.845611169604048,-16.611540633001695,-10.15067854196173,-11.04278446898122,-8.95788320779382,-13.067603853078033,-11.639325667328645,-1.5149688402876968,-12.718109668632398,-13.922313061441946,-9.816084013420696,-15.193445879917393,-4.809625039857517,-10.526951519730392
-12.679510542252283,-14.752176655985327,-15.058423424310307,-16.104223162330808,-14.23796598549981,-17.506084286919034,-18.457478281488985,-12.86028885168355,-21.60474858553063,-14.439480494622,-21.692205360018736,-20.36931553253457,-15.323248162132577,-16.27153250192446
-25.020402447358414,-19.756561920672034,-20.019387662699845,-17.250327647019155,-21.827259713883883,-15.151706519460488,-21.783633489977486,-17.520255044115267,-15.613594604959946,-19.136502727131717,-19.31297753507685,-18.82639224075012,-19.769824787539747,-18.288174804892396
-18.874345226631256,-22.350447389040912,-18.29960214714578,-16.663819385044135,-18.60112172702402,-19.7377549081422,-15.557687628532152,-22.189431693661426,-23.55287884982742,-22.111033229184383,-18.780973198627287,-16.530839288490647,-21.45215470039838,-19.421956881077662
-15.93162868724564,-25.19679970223831,-17.16642937263144,-16.898064142252164,-14.95114424371869,-16.394249087753117,-18.492790595773123,-16.746924510806576,-14.555320431007729,-18.341206351239485,-18.133102192874727,-15.738228300636015,-19.03549680474148,-16.133662455384684
-11.925475755106085,-9.516508260307727,-10.683734699669909,-10.62249757566507,-15.528504870172124,-8.391165937341768,-11.724608260642748,-11.025354113241642,-10.736157361209093,-17.72102016070188,-10.802011841383973,-9.209563458925889,-13.325877629528593,-13.094150377937165
-9.563640257303442,-3.5215229139063284,-5.691158885353285,-8.599172877482308,-10.861842630455794,-1.752563497036082,-7.542437591381606,-4.903616675431423,-2.7530225905808727,-4.851849965919464,-3.1983567269621664,-2.9136939906896386,-12.888597633947656,-11.728581910466113
2.0390578891715556,-6.338418085598488,-2.152574915210946,2.2881250278085785,0.5878341056299983,-0.1302432523586965,0.7213549275266251,-1.3926139232611818,-2.441908581264768,-1.9837221406013419,-0.862194410190856,-6.453978023905624,1.2839118500593831,-2.718522783825157
3.342558765340154,5.359637207295115,4.5792181805200505,2.3478564529936503,8.34956474673923,4.90190529906636,1.7614654614601628,5.511650663641014,4.4717886250032475,9.567511758054385,4.760261713038077,11.020223705948371,1.9526189099569233,-3.647730594041941
6.241892352369671,12.33070764290218,0.191925431169083,12.283875375358015,4.89589985795797,7.499103857419899,9.210875960811117,7.771734273926025,5.1703651372673765,6.7426307936999335,6.163621212007973,6.595542784688134,10.190522008209502,10.517316954036279
8.39887618566574,8.585298343123217,5.657366960493778,13.081662457895117,10.71167135906588,7.321593409593665,5.9529495152163925,12.188485977381802,11.812459138040266,10.180488182667482,8.368849083779178,5.3025421274343145,8.678347822194562,14.690138964308801
11.245989680746963,10.55626695146694,5.131030677637208,8.02862447879549,12.168139589524413,9.686438672785059,12.38000083087369,7.844779335335351,9.227158344734532,5.04919466755113,11.203752093953199,8.199824652977156,8.597257771462678,10.501257518122205
12.72429875397436,7.857081469775106,12.227651550052046,5.577373109957353,8.40416506360557,9.73491576597204,7.268845051675182,2.2320277228531653,4.195051506391843,8.072589862942566,5.617782551980184,6.770868081371779,10.592126506537966,6.851930579478989
-0.14040791105686257,7.685097908534114,11.720043220703648,6.446436728259273,5.085288342920698,5.751933942845286,11.384257900879724,6.515607249738267,8.007767964685915,11.831524560250408,3.8756392789550254,9.776868819396427,11.931662589351074,4.860171954443722
7.556105480033714,2.2240242181887657,-1.9750103367384675,11.025366399205105,0.4127031995393251,3.1440166659965816,8.3556309420598,4.836566422181761,5.624821922399971,7.74250725042502,1.1639506257991186,1.2394123052508816,8.335790159904665,2.2220028746766496
6.218077470800068,1.5986156846539425,0.5199658590995648,6.111577757365449,3.7354505080282245,6.852132564837654,3.700429234672564,-2.497263125415886,5.182004715262629,3.794607819718261,0.7328830876114085,2.7658133095383217,2.842280720394907,7.817429095206264
-1.4438688818770968,-1.3048216522438016,2.271416621585866,8.178828572493368,2.89862908973451,0.7450258512872212,4.21586342793285,7.521051980270174,3.3617133064334137,4.252467701840423,6.972821590264116,2.422389066027579,4.576024722218943,2.1574285602847154
1.4611600572151238,3.156535799861379,7.7190593220176495,4.649389764312327,9.654897791947484,6.312037380828951,7.561060990705711,7.336221109200177,8.489411170255288,2.8706270411371397,10.412831716320088,-0.13710210134928946,5.727799425677853,5.881111069312391
8.687147642514594,3.6025854558431734,7.556979803830373,12.956828606665777,1.4106797556377098,4.528789209730913,4.350839286708496,8.193968118090803,0.6156831967385594,7.582357689593318,0.20097313315246357,5.4027083038152535,6.776364761510736,11.462307744156895
8.040848342305754,5.889736431779566,9.031452550908785,7.040298766883177,7.146488106940385,12.175302440591876,6.181213172286183,6.4265300096505396,9.0012935832025,11.176977518235752,8.987474295014373,19.065357835361212,9.78506829048365,10.76771943476016
7.892985433799236,11.241139732642306,10.778869516631307,8.005731754102618,1.8922943799286127,3.898779290546438,12.130918114913603,5.92801362511976,11.419008281217709,11.658401460824516,7.633254129151528,8.35451681130234,12.235034866269562,9.456981256409833
9.335123683185845,5.86765787949794,5.448773989986179,7.071536686571371,9.127019973844387,10.406527848913177,4.148979964036404,8.067283993829475,6.327057697087265,4.762650326065382,8.618512138238355,9.795307029342077,5.689397774781109,8.251875686588496
2.9300788790239114,6.12603060083691,1.1970226424545531,5.629247085348884,-1.4832134291967467,4.754137868024326,5.009879104254896,6.033987933332413,4.274482985056846,5.204365531781134,7.954332673898376,2.3556990141002596,-0.5845018175638961,1.7289217026236172
0.9345359776045994,-1.8818968177591238,0.1196118073367971,-5.130324221818735,1.8661756403419911,2.725467041870751,-3.3135051060326774,2.28188916272319,3.6697075343203345,-0.9442137732293183,-4.635878406945471,-2.5565078061740945,-5.6283506188042285,0.41368078918981377
-8.615946357465592,-7.226146131022432,1.6095637190372845,-5.243288616136541,-5.799116835700815,-3.699003742124858,-0.936807831272704,-7.155134479215101,-9.346335453181327,-6.027501317476835,-10.081491243279132,-9.438055971015883,-10.958704045621893,-8.573937388307467
-13.678439612304636,-15.758542678564588,-8.865572020004237,-13.217155198624665,-11.373620594251209,-13.70607269539697,-10.055659117835408,-14.894811870162226,-15.218815086416077,-11.96142899007944,-16.844232996566483,-8.908297225656003,-12.329529783204375,-10.785886765041392
-14.656238073328401,-10.04474370938476,-17.589348361145024,-16.502986886097144,-16.528822291382884,-13.58917564732765,-17.182045777430694,-18.83757982957588,-17.91495064600547,-13.731793434245755,-15.246381542561668,-17.832924542394302,-18.324040267825833,-15.123373635748269
-18.998498018483694,-18.54440526458745,-15.560074722973877,-21.91659269254627,-20.031735101014,-20.68613085086858,-21.99107676862232,-21.268106376238954,-17.474895429759645,-19.088724191953766,-20.68160594660059,-22.721552397672735,-17.725270047614856,-21.83790410183152
-17.62407720988822,-13.884373188648127,-18.809826765873375,-25.34326344022104,-18.54653208949186,-20.201715264181964,-19.50497070837794,-20.098459462989894,-19.94277651219929,-14.35116550419417,-16.072694268588403,-18.138933298933658,-17.650589322370276,-20.177665255552053
-16.59451726791534,-15.367485672069677,-11.56178504152724,-15.737624191012808,-19.31759266197816,-16.466831074988672,-15.953300997206082,-14.76948256283545,-17.19938305100557,-14.572776865315912,-15.35064881134996,-12.401048346358397,-15.719397499376065,-15.085247539210053
-12.73682009034693,-13.026122010106617,-3.785595389977665,-9.461397560538376,-13.756569318411875,-8.927551156954454,-16.563796201184267,-11.340951859995025,-13.836916195501992,-16.975858233722384,-13.851995976730002,-9.504931887355863,-9.02408025672857,-10.646484910261576
-4.536374756731251,-7.628302455537853,-5.401375987923814,-6.685127774702021,3.9092909779816427,-7.370137762545646,-3.669238178299232,-4.645847744554329,-1.8485307285397146,-8.87772302424931,-4.263284349653772,-3.7731894334708698,-3.4316427145783597,-7.391529888888515
-1.6481186616902388,4.489385057588704,4.581426202946181,8.407545179393015,0.460855454298831,1.968702162147447,2.5197221718524063,1.414254821387064,-0.021798556124740465,4.372638827229777,1.9946807183305193,-0.7981880674381427,3.2591304330872855,-0.26222109641319724
9.524165159056858,6.4209052733712495,8.338126896460022,10.627625159968646,9.878602957770863,9.55450488419586,6.065311658103048,8.763629671527385,7.754321159828708,8.787019046785723,16.42831822857309,6.779569333082621,12.452809709325905,10.91525415772613
9.85944331633145,13.858690500439398,17.83270549472506,15.795211296111786,10.99715001647428,8.161193336467056,9.883929073461537,8.70346403947686,11.64451957257425,11.564151441255,16.813009715495138,15.089892519943824,21.012320021672487,11.668017909319744
12.224031125013347,16.31056483470958,15.541679204951972,14.358062688500794,12.589462134276477,19.842547546631806,14.159918689687181,11.484639787907684,17.687078098729224,13.220805543435839,13.792855140561429,16.983338418561903,16.48288724470622,10.620199065033036
17.268043008203176,15.365084394647594,16.63403605556664,10.940889054221309,19.19985463979091,18.407141682266097,18.926730478226094,13.043245531560308,14.49657708423428,18.248894151155373,14.71044521934722,17.632159220133172,22.060222242487846,13.47863333339916
12.778206299689293,9.568526664047612,10.56102986088066,13.896731993294805,12.996064747779972,13.507334164054193,18.958934449215462,10.583052267565606,15.965277507098602,13.260819915620992,10.879422613099504,12.192043727372699,13.437653051474621,15.236537908885353
11.992008475235577,12.470205306383365,6.515781683520726,12.501226008221096,8.225214025562614,7.47234166710974,9.263495383141713,15.495813288937475,12.141515384459595,12.154693062088857,8.536369172949406,16.120638391374566,6.990079451657703,8.92534140523514
3.899858824609704,7.803826152972019,4.384039265008127,2.657504328919616,4.092642374574931,11.264762456882995,5.431522437832205,4.720547488186688,6.408729158680838,5.830599865775842,6.4572711800572975,9.940380711780032,3.065340295003446,5.405842784881273
2.2188062206973664,9.006610263555554,3.2633461141174545,4.118799804815598,12.102799248291532,1.5613478276420887,-2.7545323882765684,5.006048845208524,0.15488823436281596,2.0877242605754547,2.2175579240560115,0.6300549140784177,6.246964554394424,0.9539463148990168
3.169225756475918,-2.013900089796535,-4.577024767126052,6.972203820835789,0.5772313008520512,-3.050658219919944,0.7297967901837029,-0.23313488568887442,3.0137494476663305,-2.101651678399697,-1.9341691111464918,-2.013550878720108,-0.49454259727226946,-5.794038846091742
-3.767810209014157,-0.17808106582240235,-0.382943784450162,-0.6564114750025813,7.3764301811062625,0.9924025715881228,1.6401132695882876,-3.176062578991676,1.479866909817015,-7.234628722937229,-3.9211739595976276,0.2056598846744685,1.436094905518863,-1.3370970546141252
-1.6527405587146138,7.582931551523664,-3.0289209790479075,-1.5805593509386946,1.1701648943332739,-4.810519142992668,-1.328235494688873,3.340803667058486,-0.5713428405757576,-6.243191102374832,2.5194315411579304,-0.005889116635511393,-5.349826645724928,-2.257643139448944
-3.06660865327917,1.0008163494025564,3.6279555208588468,3.8944483891793684,-3.972741029505971,2.317894343704038,2.682774996810498,-1.94979263451869,3.5200608083285303,-5.083340100204995,2.5586836972936555,-0.9987384536548205,0.5396341563182514,2.1759510904407273
-1.2589571257849985,5.641990957262323,0.5982506439658579,0.3103234268860806,-0.47177296504669597,-1.0029037825640956,-7.417257352100768,-6.367004079302596,0.4999196954629441,3.2199040941210066,-1.4264611537928156,1.7412931155829332,0.5433179314566365,0.672475653403001
1.8374751940410041,3.4343291194957404,1.7353435589877895,-7.504926538535295,-3.667035289841178,-0.42698707565816585,-0.4873975209965624,-0.32855589070366786,0.8494728638860589,3.269371935242734,1.8965750077265409,-2.1468120484528184,1.6171936687366328,-2.3676500862412775
-1.6665661602505086,0.5399075436831413,-1.843376712997153,-8.263891739585386,1.4913524429285587,-8.377100782036155,-4.25188742981542,-0.7104388930913492,1.9120095583713477,-0.6220516641009372,-0.6487424506478947,0.22131829872890285,-7.446669545479693,1.9925836152104908
-8.544138540134231,-5.499504020978971,-0.41386314394896306,-4.707424113632828,-2.7563938086231,-0.5831845335295069,-2.489680816249691,-3.355662541249694,-1.3455437050823793,-8.952172599814853,-6.452595590270517,-1.3903038458411414,-7.425764971182018,-6.578076742463389
-7.152035303661846,-7.323584265901275,-8.568255326264378,-8.549195689418543,-9.835382720841125,-8.455757647067085,-8.510154470996289,-1.9938085286762206,-9.66714239757536,-9.965885693137551,-6.284709358517736,-9.162229267379107,-7.4997856154062115,-3.3285064177442303
-17.96541289021161,-7.937282942471512,-10.733736757806879,-12.552364108959125,-11.288095274453088,-10.648142658134548,-13.732041836893401,-5.699714687368183,-14.396978736114963,-7.108800534826692,-16.27108593219887,-9.5785074748326,-6.697584583741568,-8.623428620382228
-14.866244220068484,-19.698371620283403,-7.781856349207203,-6.3710488849388165,-15.464956107750217,-13.431996866984013,-15.679262686803824,-12.79182775503772,-12.786572105280289,-17.30715136155302,-13.539556203618728,-13.68792614307487,-12.987392473937955,-15.215495617471408
-19.00106895658059,-16.055645155740436,-14.638038466605913,-17.076653281348925,-12.263877988289988,-15.565979398206416,-15.565788637974546,-17.70470100314612,-12.128588414661149,-11.588408406836797,-15.832563364152186,-16.332801666817314,-14.16151327377272,-17.111959640855897
-14.291224301592774,-19.503249993894915,-5.6232939451201,-10.117251407029109,-13.135909398443372,-14.870780510904382,-11.114147232509007,-16.488522991828024,-15.412907504063414,-10.676861167590072,-13.49622695122618,-16.101888654445435,-13.453628999534196,-15.971016967681376
-9.621110434188811,-8.992482162895616,-16.439969719562242,-17.026597920309808,-13.128563650018037,-15.345396265195362,-13.610743942336253,-15.640850861395677,-10.949055506014373,-12.52614741720936,-11.460287614951758,-17.521389855177976,-16.10430973422348,-12.41037415920018
-10.358285282350742,-10.319108090794241,-8.81947755476838,-6.856051650721994,-3.6250788797340068,-5.331391891556346,-8.26850103992023,-10.522916653304328,-10.889949435958782,-7.762296569618274,-8.596582834022714,-5.827439022872914,-7.280195430675606,-7.822081405458346
-2.239894640615866,-5.324202016619212,-2.337326477697273,-1.6404086517937402,3.9925737236852488,-4.116570334989355,-4.988925389540379,-2.243681583047022,-7.755855417389485,-1.4870997484205166,-4.8557030664031675,1.878574842307703,2.092778975365472,-5.584355543114169
5.0184025992222345,7.134578328928396,3.6981791721558905,8.637270982153119,12.167181317203674,1.2228497398206413,8.361454478342905,6.478983944484046,3.881773561142776,9.531317586665942,8.380713325842747,3.8296109132323037,2.7957284091381225,6.322753544798501
8.667343762251217,17.4218694610749,15.25094971359075,10.133140078503846,13.92202877577577,10.72002329350017,8.775481312598366,13.373559696255866,10.047412428813496,12.655043939967886,11.480100389069957,8.411414018387104,9.389134670115702,15.52189462823653
10.646613108531316,16.029596214443544,18.75486075191035,18.951453079427754,11.587991370854747,16.37002798332388,12.050572399864297,25.070209385955053,18.77933082247496,12.732046892628091,19.21883500887904,16.61786776018737,17.419801482687284,8.420227734980884
18.90131930665376,24.34505695455858,16.216691457396944,22.031780890831108,19.477533069340964,16.06795197672624,24.563464769929617,20.610692449764695,21.87813826364343,23.37382516741835,10.512747918415817,18.599500029290677,16.553011156435595,16.8134058435098
21.60119523068048,11.4606586404642,17.532721411286214,15.337551422058173,23.178609574941163,19.138066464569928,19.516585079677192,19.90594797936312,16.44689334309654,17.52849364883248,19.32233956901478,20.125650022251943,13.975891593564587,21.844339321860094
19.495172292771926,15.745724501812793,9.92440213835669,13.08208677263817,20.347959800869752,8.476451358935556,8.783851023276714,16.52133158626826,17.229561745234772,13.878091128003955,14.13158200111082,14.892138036514568,18.76900111573228,17.061122711690928
15.506538568098096,11.306217878994902,6.4537539101573,6.3819957123055415,8.112716000173966,9.69820547962919,7.881518828090066,11.413020345759646,14.60099716187975,10.849350620430032,7.796737393973768,5.647485214659769,10.854368893540334,8.673324862517005
6.0210257590287455,7.304395074632919,6.884595515710686,6.868233963299829,7.3516046097028305,0.4394380774200979,4.118977819045595,4.676376896230739,5.360714028028358,7.04281913084501,11.599776072520765,4.201624784871005,6.817245811216874,10.883915965229953
-0.27857537726254067,-1.694897181973753,1.574675777078848,-2.3954759445245233,-0.8464193296922535,0.3744345307134999,2.2860110856820297,-0.08207784615603703,-5.285562338433736,7.8386115320696526,-1.068624255641028,2.3667305025451375,1.5913701112797316,3.60479894821788
-9.021734927655778,-2.5750732143096533,-5.053878710039144,-9.101772074019948,2.465517875477784,-6.315724300009242,-12.017861942165293,-5.489636489844555,-5.045351052908693,-0.8885929334067839,-8.149971059858323,-2.8907915003066655,-9.333097630468583,-4.9426853186851645
-5.376031269583562,-5.34032418342318,-6.723884387299169,-3.236680476583423,-11.531566087955998,-9.710105676832445,-3.5318049121688233,-2.2404636696180438,-4.054170512315093,-8.928361428203916,-7.018783716742221,-6.346565787672932,-4.629507030076739,-5.858836637325053
-5.000546810263957,-9.65534783616636,-9.10664834877398,-7.595659735752395,-8.565746334720533,-12.176471427577386,-9.578935061732002,-10.60890129876533,-7.222992552613026,-9.462053676537618,-5.699186197912784,-6.399655579671061,-6.182628134377024,-3.4008211406084534
-8.71510089543822,-5.348248298609725,-4.2390702361131005,-10.324016823238786,-5.1759287772239695,-8.65197590874978,-5.425788666491863,-5.632466494257718,-10.985809411427534,-8.130801787698799,-7.605065512641255,-6.655968112617344,-5.556136101917305,-11.440007127860031
-9.425239708983078,-12.61840514570098,-9.077842084971524,-4.541474032434421,-5.942716218331935,-7.480997667237116,-6.219478246796069,-3.2176474109955078,-4.06875962979947,-5.664071471223259,-5.271812190338869,-6.362393807054188,-8.39168461461634,-5.848462189381337
-5.815904500797257,-2.8143548016620827,-7.387370252524942,-2.0039023451401135,-8.186403598558453,-7.060738694163649,-0.866942165904371,-5.613300789706942,-7.517371925166884,-9.289567627185562,-1.6036987147157764,-7.816228410267304,-6.419756696805516,-0.2225672393714806
-2.9529603250825227,-5.855636662939207,-6.3192049426034345,-8.78948542131015,0.7357340522380769,-6.409743860704628,-4.332310189588107,-11.89557546238667,-6.956343759447947,-6.0433371839385845,-5.533287521763631,-2.856251658501074,-2.5569680116372213,-6.5637888803559274
-3.5925126282667854,-11.065688153412523,-4.478999238561539,-7.353261326326118,4.384080462208983,-8.491502643626811,-1.9740963099103723,-5.781678799688305,-2.094943493340281,-3.435916937723338,-5.273519247246304,-2.2759212418012233,-10.31540363138815,-8.63137534847373
-3.8158997545375763,-2.182267030972254,-6.016187841193786,-6.409261492458002,-8.07216254981255,-4.253308763479055,-5.517849568504578,-6.973649144409264,-1.7680480966192995,-10.41687529422602,-6.020933048159204,-3.3655714670910237,-6.669795682306734,-5.336977885340376
-11.47132522773442,-9.48874578171946,-5.937136250966912,-7.761753680453871,-7.497791081905972,-9.976143116572091,-4.989585154133314,-6.407908018671287,-4.727102583435174,-10.468270912519108,-3.2226247161406207,-7.092643292151877,-5.16527062408098,-7.019362263357298
-8.670770425780326,-7.807941806597294,-7.249761920004258,-10.621262040072565,-3.933003387680765,-8.568996933719163,-7.215778565001455,-11.472407602401686,-5.063915203811852,-9.22366676772945,-7.17090399632803,-8.837795695059553,-11.117080237233147,-12.717955120872166
-10.624650428943005,-10.513683988081741,-11.669737561415381,-6.4047092759923245,-12.91710448029092,-9.529253486869806,-7.778267177823892,-9.716052231852087,-6.572436774795486,-5.684738607417557,-7.1656576549330735,-10.374580969983686,-12.914381964485768,-3.446725447690417
-6.742749365041412,-8.322804921605412,-9.059856383666627,-6.484213310404858,-10.94413837011076,-9.126750144022482,-3.834764748580441,-7.68588296828198,-10.96213554520801,-8.979776537547979,-11.891947772636264,-5.691540712589765,-11.0100002643086,-7.582368774972449
-3.650931290017486,-12.097159770325707,-4.474958572669919,-8.88104648412969,-4.140343324072937,-6.521413378436712,-12.617878155558046,-7.738198758211178,-4.696333481143811,-8.340341995878969,-8.34701195576478,-12.42471737659259,-2.3643061525947635,-7.159406020905541
-1.5171205809470174,-4.095004755128281,-3.6146376947078305,-4.525026072210737,-1.2843238939321004,1.6394807174511241,-1.3026070261335896,-3.8960300298672674,-4.750543368069049,3.8790419689356836,-6.7646294852467115,-7.078625920732378,-0.8054486997099004,-3.139937311254742
0.27854970901501375,4.995368102106642,3.2071624381615074,5.688030955745793,-0.167245952018245,-1.7464588215482468,7.062322319314316,-0.05211722817617437,4.845884060864423,6.4296561188164665,-2.5789955860099685,3.238224135082176,1.319482529992082,4.749546091009732
7.733607064741567,14.25716922116722,6.491711168286509,10.72913344417766,7.473473046455032,7.769961307556816,3.3549142935664182,8.518352521757427,13.545019073035501,1.8906638329838543,6.552258457153209,11.529986611474623,4.935246459265762,7.29698362218951
13.094475111692857,13.429618796399259,8.446406755464812,11.253840826686407,9.242144531470613,19.641541092566165,17.355440052936892,15.373338893388828,13.568277725891903,11.313481614186253,11.15813276152856,15.131374284387615,16.376843925247403,13.928054739561599
14.717821402169609,22.470994083147648,14.923010844203784,14.668237336847177,18.308756748740045,19.854714514418173,17.342849334970914,16.879638080648125,11.616147075728122,20.466407426465032,16.66615454753792,12.61015580538129,19.29646294619002,21.781357305823853
22.73952102405714,19.21259260371333,21.41086144021699,15.889501014751213,15.552772204567864,20.207933274440748,22.680812165936615,21.793474209090974,21.1567994967466,18.249219974696494,19.51388054599025,17.71044094490892,20.816848698593002,19.349066722681922
15.446236916619192,19.952493496968223,15.446340132563623,15.79968166483087,21.291260272181844,16.439725524506564,16.953198307789325,16.538329814282903,20.918117645270684,20.24078269879361,23.505429401831105,20.240810161685793,16.83330759398014,20.378323193387196
16.579811094850367,18.457655635510143,9.838769262542817,15.719538682850784,11.908304640141669,21.129023508434404,18.139528263598304,14.201768627876573,17.27326192770302,14.82297083581231,16.008316116542492,18.82530651975866,18.077586500690472,14.11812409846568
5.131736442413775,8.456989631151501,13.213449008539431,9.766523342181246,11.469994694702148,14.232280010245532,11.944167587633114,3.2383224999087243,5.6674758526104485,11.745246685869002,2.7063738331068006,12.595338034489663,10.851945626343044,7.8174782291400335
1.7983757880848743,1.679423340516867,0.2742142176184603,4.024159409274666,1.4965748626184743,5.675785799976715,-3.6949686292486152,1.0470735008657135,-1.9370453808067563,4.098364679796307,1.84193331877586,3.5328410761767035,-7.0988618004888915,3.070802764179063
-4.6998885549772025,-1.45343482656263,-12.423692238214652,1.1266953425519795,-0.9857004953067436,-0.43452049819775995,-4.090579150580546,-6.21960619649745,-3.8690622670608237,2.078315812068527,-1.6075231312968792,-7.869565571401269,-5.662902558584099,4.628235092804709
-10.087833647136467,-13.91166354423856,-14.583438598730977,-11.235605946268873,-8.103539157449113,-9.520295035748815,-11.187984856210976,-9.424964570683716,-8.761727084921683,-9.05909463487048,-17.317132213568556,-7.680787534739079,-7.862893799597841,-10.87043687097248
-13.667297878088458,-11.997089220168249,-11.499915789423826,-9.337028213249862,-13.990485911489921,-9.982760225465668,-18.173939023574803,-12.510973817501442,-15.188061967285405,-16.122808992505398,-17.2289339803988,-13.041168341440885,-18.38231683470473,-10.437669707885494
-18.050323654528867,-17.12161123762981,-14.784250796843109,-12.421262783429054,-14.974240708322329,-12.391000950243008,-15.076733715583302,-14.695049011178158,-10.679476662153819,-13.248881430504547,-17.702847647924916,-15.717132780308338,-13.508838468601928,-18.880107221879342
-17.048094233150564,-13.574005186632894,-17.776555794337185,-13.413521834865636,-13.577325538003096,-12.140386543812516,-14.412681738859687,-7.3000359481865535,-14.197024494065452,-17.802373887373857,-16.678461867860573,-14.989788697461247,-18.75414629255223,-13.761587852405798
-10.298759623395306,-15.08081497749641,-10.945199830372502,-13.997299624460156,-7.302391085019501,-12.892597762546862,-15.42683166683306,-4.119710029306342,-13.585335081564608,-13.336662560518475,-9.577319773862909,-9.829234695096867,-13.82978103963114,-12.743304351807051
-10.247155857639143,-10.573926433914577,-11.77228978277343,-1.9870608648861694,-6.974566097469912,-7.941117609091234,-7.427092655551295,-14.55704811225428,-8.276850762563695,-7.219239716516402,-10.786579802511337,-11.450661820225012,-5.858992569964263,-7.7108889829702045
-4.93792312572734,-7.514421413903175,-3.6752683556207106,-4.171044891538302,-4.177291964802892,-4.529124163567964,-7.199829490922291,-2.840733056687367,-5.710224550912,-7.663537524253837,-3.998374004487066,-3.951168353943764,-2.120071496576791,-0.7906383670356556
-1.6074648483577516,-0.300790569636201,-5.142966104130039,-0.6801354181921702,-1.4499579365178143,-2.8880300913813426,-4.527433280389916,-6.782357724733782,-0.29486132901383844,-5.471619666025951,-3.482469967676339,-4.7756817663357145,-3.6305549076910615,-2.13068149972478
-0.7255800771698379,-1.0450984220770727,-1.8993425845018581,-3.07198003120482,0.40823836289328486,-1.4323459261251275,-1.6954144363853998,-1.815851071340397,2.6439075599491995,-4.003745007719747,1.2742395561276818,-3.8325157202751066,0.5665439531856578,-7.054903387906189
-2.9460570248778093,-2.327893790311614,0.01780701563010334,0.2950773102277586,2.8086423476322593,-1.6442118326361945,-2.9923427347132354,-5.922125112011307,-3.5764082001280846,-5.3339487255929106,1.3662366353888493,2.7136179724500904,-1.9897560118102007,-2.0613512716988938
-4.088249071722066,0.712358111970961,-4.466306344205062,-1.3965133026399401,-0.7670968915363683,0.9730309047541925,1.3877032724043885,-5.336451620492906,4.285000181779815,0.5766053101849677,-6.822460645966568,-3.117646683001891,0.8304239244512392,0.8329943842773382
-0.4923409671254184,-7.74945792096417,0.4283710757493018,-1.998670622653858,-3.0618478557130313,0.22722959272382148,2.3937906621795726,1.1353791951657755,-0.8504179383835768,-3.0111245504028874,-8.032490288626317,-1.226665481105798,-2.787258311196454,1.4921078160810595
-1.431405856906804,-1.4163640106146347,-7.140374860422299,0.512792351102799,-4.777981840084493,-1.2938961195463818,-1.0161171643021962,-3.3328125359395666,-0.0933612354649882,-2.845766368859289,-3.5575107348694943,-4.18841621485988,-0.3265131786565121,-6.025588846635031
3.4210854631225365,0.055225622984395484,-7.600206365540616,-2.4618134325698935,-3.730745047424182,-1.276799190516858,-2.0489546612709573,3.2209087133737606,-4.585321714924956,-0.8450692883626247,-1.668696268725423,-0.9900670593853487,2.0676100083179145,2.610312685615007
4.464287023330368,1.4776485885044994,3.625782973167513,4.730993226027305,-2.2019347058037098,4.572092369597771,-2.031147535832732,-4.760791548337059,3.542617712097825,-0.014498115148561475,-5.503294796398921,5.785535287824763,0.6635004145600125,3.6981902166093032
2.000264017636852,4.588639525775106,2.989571602380374,1.9612061761735493,1.719367321965911,7.02154879754711,5.602903362013323,5.966769836573506,0.1416956726473959,1.4578382542641406,2.2538584977929204,3.690033062680028,0.8713996815987972,6.980527571490152
7.061064111547823,6.001545923025898,7.447137303613541,5.567340896794591,9.534524783321716,9.577299317899815,7.242651360685134,11.575902718554179,8.884727681889057,8.750321369232276,5.809942778067207,6.856331602436784,7.181729041492508,9.06945888443918
3.37807182249359,10.513969452026952,10.081446928806901,12.408004557358582,11.003819999696898,12.75471840964344,16.321391991320535,10.23114070494232,11.828978559850816,15.09072080653266,14.293669836911992,14.916121709393202,15.362812797794515,13.860514289430743
15.130712174249938,16.49649989002489,16.45751295358631,13.508461226605286,18.91268719441228,15.162021392502087,19.030050290864942,15.020826991450575,11.271890868130413,14.603782786527864,13.537985121761489,13.747117066441348,13.236000712678692,13.774553701289893
15.256506319681128,15.953447874770166,18.10929252007143,19.098987414418563,14.534201573946381,15.401433684276467,20.936650545078408,18.755837735755794,12.783495921551793,17.940174180345437,19.31591595559579,15.170280272198982,13.091202019600527,15.155270671376448
10.09080580905243,24.061788254357463,21.34840048591925,13.265295599428764,16.309789510468924,17.632488879249173,15.730247326257217,7.317398016660116,14.821947602557861,15.808820093570775,10.976833741505134,23.061130643849737,16.319888434012476,16.11436132981489
9.535642978527454,16.27706527668541,15.28271530237419,11.365748698276226,17.879401111104116,17.10330320759496,14.051845936057674,12.80029862607255,14.299285187759438,6.393147971899483,19.120898230932557,10.079167550775821,14.009882074004976,8.46355298119251
9.36237545668001,2.132399480603243,9.62607919073227,3.6435518195378527,1.725638964738521,4.786559293797592,8.09871802223422,11.076388134616625,5.889296791595885,5.291221974928285,5.756062887618783,11.491656968978175,10.697641856687667,7.098275120961684
-2.437520468653948,-0.0903262818210703,0.1741934880913747,0.769079285431114,0.30533934986451094,1.9054310422065777,-1.728658072315289,-3.8584112143954705,4.639242880745255,1.361085873896044,1.4149582624693358,1.667187606384447,-1.8866763967113316,0.5945988227993404
-1.3021325329588693,-5.510928357870159,-9.381801503971822,-6.992214325929989,-9.189702210716124,-4.831115827561379,-4.979148122798555,-8.268621726364756,-7.276338175650746,-10.926311567021429,-3.837559604465117,-5.886949848138627,-2.8345230314287146,-6.211215392009714
-12.762155953084601,-8.672014973118698,-13.814316497764832,-15.414884091150018,-14.223203758941594,-12.49512240187448,-13.405442528683274,-14.680481580512748,-9.068236125829225,-18.915509610696404,-16.32737876971666,-12.420230898970566,-10.296148845640317,-14.589715262094709
-20.683547311753244,-17.814036238538947,-18.039395635748175,-13.569323055800634,-22.46327074571404,-15.832057931385773,-18.773876417031385,-17.67050708795137,-15.42223838419223,-17.805437757801315,-12.61967680429996,-18.790577408932897,-19.236433871668336,-18.663420620729344
-20.24101014489325,-18.89923527347986,-23.76161296496932,-19.95386141294786,-19.70135150759337,-16.906644420273402,-14.132394682910666,-18.973016010837625,-26.122022535889027,-14.513066720313777,-17.627198631769787,-22.21023439285792,-24.18649401684003,-24.740738848067437
-19.29733061439319,-16.34086836715075,-12.782547119470022,-17.776137669442473,-18.357549228311385,-13.34189470403255,-18.636607393831856,-20.97331556150459,-22.23623929937144,-18.463948153056013,-15.015759019576642,-14.474900768012347,-17.120602076423992,-19.094205891111745
-12.982547231271527,-13.730790453420282,-12.952323807148362,-18.38394809136669,-10.733178536247841,-13.711160421614279,-16.837406468603024,-10.284316835017403,-12.79102025420745,-16.410493248337,-12.044186273473613,-13.302245878287277,-17.360050965869142,-15.05164842940747
-13.045881887662638,-10.09636902384069,-9.003465647509659,-12.634322291104175,-12.474971494451674,-7.590763436529015,-14.771610064271798,-12.73188274354004,-8.632079835438637,-11.939396684423699,-6.846812152637581,-10.116468733807778,-4.798742950786591,-8.911134426375265
-3.6269632242282057,-5.067876927890373,-5.958148200010054,-7.0016410296269465,-9.13445015286955,-9.05234838568563,-9.059018785355292,-9.359339927158723,-4.746848332178026,-3.714989412574441,-2.131659236356429,-8.521995878991506,-6.023675978395957,-7.573973391437189
1.9495376816272751,1.8493166230788836,-3.581675170703225,-0.13512895165133698,3.736336318449604,-2.2429205488374357,2.3570391503090544,2.332974553753912,-5.835665416576091,-4.4992176280041996,-2.040713227514258,-1.6023038011882513,-0.7623557922097584,2.579523206615632
-1.741144219844962,1.7778127156010464,2.9294696759116663,4.455605887975128,2.7492380633053015,5.340764404813806,5.367962835604498,9.031142818771098,4.071501956684429,6.314263800818214,3.541279852620756,2.9812017113170017,4.840183876137049,5.389598100708868
1.4545142173587564,1.8206823279130275,3.3224414956448163,5.959489135674979,2.4251448230968475,11.24539156270362,3.5503707645405864,1.1514459741035852,6.050868126321581,8.906390599524798,6.665602768347347,5.908416404731966,1.8820018457689742,7.902585786296853
8.006962742564808,4.704486784761713,5.953091957290969,4.080280025729937,10.031618910827035,7.107182592350551,3.9281564881567466,6.360326397475241,2.2966172029623797,9.618197929334126,8.314285686767622,5.794965078816249,7.725796730735216,10.053989679914661
5.500830138498352,3.696278772815578,5.844467453065786,1.9901077603155413,5.064378061017916,10.970283247238392,4.414487051870651,3.754569461253101,5.155648975330175,6.4535409232355505,4.4111576579972125,5.242667345354844,8.83533310204416,4.574669619872703
4.570995376302955,5.272422275198216,-2.9439509876758763,-4.229296047872808,7.409241302493827,-0.46660915125495084,3.970406374317017,1.644987743655972,4.510808415873049,3.664635882537262,-2.351513323729158,8.523875124803542,-1.4747244220357318,2.174051519570203
2.0414420056689604,11.368616681736512,-0.13921910559315842,5.8494765280660594,8.189304339797747,9.32562907023464,1.0965444178750978,3.0752294011641106,2.976279771835337,5.856826225193361,0.26461804726777416,2.707165363641064,5.297684424052434,1.087038261427141
8.49420576898683,-3.9484686651455325,-0.33948123226116644,4.145767594868632,5.254071385845502,9.480962762644248,3.0755736698295446,4.34456525054434,7.341502377655693,2.339718490323928,3.164387740437823,7.960722027292978,3.249830016664613,-0.27836253698432145
4.217732241839529,11.440109886649498,6.644743922091953,5.288346723043674,4.613627989228064,7.700860216110225,3.9460531901995592,6.047734508581577,5.694669909753378,2.663167005737837,-1.257329599480422,5.837475489044124,4.998967009006171,-0.5356835304208847
6.368176698730864,7.516778860853748,5.164449109288133,7.109583399704895,6.216478491712431,4.140309552363091,5.339569019984987,6.933573975010739,4.149804483978665,12.041672616755118,8.970650477159882,4.7734901271031625,12.40311795590285,3.2184637959749334
12.527695565543654,10.10734481995863,11.26197293207052,4.087991846487098,10.404795875668011,11.51992305673392,7.996100402082954,9.632230620152773,12.987041174300195,6.94763527082628,7.914243808531429,7.97852942647536,9.731821046430694,9.418258345979725
12.11638115940285,10.117714241358264,8.525632938411427,17.120011705269953,10.281110170077714,16.785225543435562,11.927848630020241,9.265551352546149,16.040729291943336,12.45315051652612,7.860349524232793,13.048161834267361,5.465921970527288,10.167900316210966
18.363181633767212,10.898348801403765,11.506380289605442,9.652408468475537,17.06531092463006,11.786181893153703,11.838350302677657,9.673788145409217,9.8402214783316,10.982692227759031,11.659382989054007,14.04192305958792,10.866342100642226,13.906085174499363
7.650651529535698,7.406804707258388,11.059544960330074,14.294152553665782,11.831802494547839,9.201130982338077,12.885495264783437,11.160683668602172,9.336154300425164,9.128651032446761,9.948244661014442,11.653394457695338,8.674723845784467,7.95175414514765
7.7711038443183105,8.278414079243941,3.034798544336332,12.441210786878266,14.045771936719373,4.708429769142161,6.877772019542897,6.884862924510054,4.844947195859866,7.3370517065941465,6.65559152926713,6.220252562719239,3.366722229298074,7.413642207872795
8.749464281271361,3.2858851391236596,1.470861807965224,-0.38081797453198085,2.778343908882039,0.5045812556249611,6.401117678284357,6.886283927596839,-2.4742581939401758,1.3156596965317997,-3.1648812142255833,3.644981683651788,-3.574911666986579,0.060309194776760666
-11.23442422045363,-3.342780235656923,1.5350758868951462,-3.075605769146093,-0.1762289439434066,-5.784685285683807,-2.728460319061353,1.3403338130050373,-9.680723566402332,-2.172884886682531,-9.183431902650316,-3.851216751366642,0.4574606097193423,-1.1593119106267906
-11.007805178740913,-11.910907498279006,-14.282808082297127,-11.351546199812422,-11.073207098290654,-11.647458116812086,-10.708135335462325,-4.3860470407468215,-7.745804441398544,-8.874735211721006,-11.244562937099785,-7.813635553588956,-14.484028555183158,-9.816627523937532
-13.024928581546156,-10.224018603848213,-18.039955982011758,-15.555119633060285,-12.869064397013421,-15.700558705922534,-5.501322149959941,-10.675382323043648,-14.729250403217174,-16.57998585983173,-17.655845403873514,-14.000640440396253,-15.64045171615574,-13.775462632721528
-18.121900302458968,-21.86463750975579,-18.531568629159466,-23.064448162843068,-17.50936427500323,-19.630762213146717,-19.83966086709491,-20.926047252273726,-16.838628805039484,-19.579534036806272,-17.730467737879078,-18.17718373111322,-17.94529801011847,-21.948633015959246
-20.711540878116953,-20.49438800767151,-20.66231197480119,-18.691996044794397,-15.929075603619385,-26.082234195055474,-20.3234082319715,-27.18440451015064,-23.55826302020093,-17.923849415380275,-21.857216567136778,-20.8197602860874,-21.101441349543833,-16.535024073203495
-17.200906879881067,-17.665584826834813,-17.89871243395896,-18.171353055927717,-15.095462201366342,-24.977496047303656,-19.74943383593322,-22.16494017510968,-18.840386349246298,-17.341634464748164,-17.137730895948298,-17.242156009631124,-15.781460260943492,-15.365028232241823
-9.059192424308494,-13.644964577704041,-12.5469032478343,-17.186932283498013,-13.713662551043146,-11.862403262897677,-15.59086475707859,-16.265140485905754,-11.941503728033856,-13.261609168147686,-15.159991422436779,-12.46075690933616,-14.157646126708274,-10.973428777532762
-6.30928980632069,-11.64835381941111,-8.20370578033875,-12.577971522541588,-4.174033069872107,-5.955740438786352,-9.101713748926043,-10.947999268937446,-13.908497175809961,-11.607540902852097,-5.68608339679629,-5.027483479974126,-12.33454911834427,-8.895819436318833
-4.067133976529661,-2.6244476078706627,-2.53354219270454,3.3814341765324345,-0.3781251236557712,-1.0498825447413855,-1.5937298471521268,-2.9310799936246212,-6.810252046785253,-0.08492693515743088,-3.2940323312138027,1.3401530490408504,-1.2436659932488252,-3.8469226565872017
10.232856481070204,4.252971548824286,4.742103750495245,9.062420666434052,4.475123754946441,1.1201103371062882,3.1021385610577914,-1.0799328218743254,5.537573054632192,11.706877693427785,4.962272862460351,7.9060705894059105,6.564895628746448,3.927025179543902
7.219111226676081,13.019928092394117,4.596849441571784,16.960888981458815,7.270174764296739,10.386492014935486,11.268676566414527,7.31177443643322,14.431698263676157,7.4716195605379205,8.041784048493133,9.101973632366509,8.17846755877004,9.24931204823732
14.954075554942218,7.425095032913546,8.791489793068735,9.696953532112355,12.738940792068398,8.364295147634532,14.774458367782996,15.608933649531933,16.505919486410626,12.62498796453088,10.040899770494017,11.923768336900173,11.58869377515798,10.67889799846653
11.821592057704997,14.64047085235574,10.939925774377816,11.658491172749091,11.129143315353222,17.81559405522133,11.817069248081363,14.505021960124761,12.338382839067878,11.559374065100869,12.956602960086467,11.349622355275576,18.460588680197596,17.554148597772432
16.270021914424245,8.037894189190926,12.527514764759388,9.834271359144186,15.621643909556006,11.5545965742729,16.405496474901895,8.752906001904785,11.399347470870294,15.135328194518175,11.629593107139076,10.683479517199046,10.243514238841314,14.598990711742653
15.514521512766898,10.246544402492248,6.036941408254079,5.8469570875311865,14.294419596978685,11.062821823622095,5.4221994524189725,9.618191533772569,11.009304180814022,14.998294952036801,8.311518845263626,7.927992741384317,7.045067705415305,9.92365638616441
7.44041971501387,8.02026774960377,8.914496377127037,0.7718193216938243,9.303823146180534,7.6439031094904335,6.671872100844198,8.61747707866808,7.363458702659205,8.171580535233332,8.357402136082904,3.6443721338339383,4.598421558488349,5.28262839222462
0.11909137084421939,5.300463423406278,8.234169224481734,5.036664155391011,5.120428262643793,3.467184301206965,11.168434550334492,8.378420668005136,8.193141389350139,0.37668224361857483,1.8799359416386698,8.955767117691938,1.4410233877101613,1.466977153455212
1.3712205131451198,-2.409535215390365,7.675839737958812,5.00432499981504,9.970109475479571,4.160565273424255,-0.9402803272252576,6.860503735163667,8.206337271223473,0.34375033475510985,1.1289035493697133,3.5788633020002694,6.085579976433657,0.49605669818687925
1.3902127328530196,-0.726753531347625,-1.7917953211209516,0.7788379181096223,0.7191939887715906,2.092842087112233,2.140851025121685,-0.22819152452754699,0.7026059449014659,1.0020317300683657,5.252037501527225,4.318106013726596,8.370893636024594,8.618068386278573
1.755817947843953,9.17527370529119,2.6343065383499877,7.306744181333995,1.9304329290768234,5.3852288566392295,7.516975137630121,-0.8680362639406343,1.122926055588732,4.114683038102065,-1.2890552931721335,6.8822763214994875,4.567290041944766,-0.6365903565221207
4.634815336241869,0.1517219184294345,0.952752979696009,6.644857576035269,3.379098126086258,5.471888659158609,1.8830720333969777,6.204280638093536,0.918490846324898,7.440751515267392,1.526696944258494,7.889645638405582,8.830308000427467,6.328297527154804
7.399114954556513,7.538572697463973,5.139920622292855,5.849927261088389,-0.8429717524292819,4.571741031738027,5.214358647717414,8.191216046685236,9.39754353165253,3.212531629025934,8.661565021343545,0.07957510554262903,1.6148956397444065,8.4751748838504
9.892886114186453,7.496076593263941,3.3283197258401382,3.7777402418588135,4.279419284771167,1.2314011467884987,3.7487340317222935,8.666517986172739,4.601554929708553,2.1075771996876327,5.019375770876362,-1.3448611393073402,6.639129261198914,1.549787168275183
2.3972817220057876,2.314220968312353,0.1987934328194485,1.7908236648119746,4.918383765594074,6.2122576796674425,3.7719356265483857,6.2269359097559,3.39599514624483,5.19666857456467,4.416610950478404,1.641234415072779,-0.6407767325209877,5.393615984325075
1.2417939962122992,0.05051774882748927,-3.3192630822119966,-0.8017353672225837,-1.6376998795131783,-3.323982906573775,-1.8358889966340877,-5.866862919080483,0.7843354123853645,3.224450896513143,-3.9991229353736903,-1.0339439589858341,-3.0823290118719484,1.7262144006957802
-4.992478382895585,-1.4123335961658885,-2.3934933064544315,-6.932374916047634,-6.258435505564984,1.4256981971797558,-0.10572817259483713,-1.481049710871552,0.35144858318811956,-7.426688599037418,-4.037379479538966,-7.6628170658231225,-8.27466058334937,-1.8305588904272092
-7.04124065775773,-8.01627004775776,-6.673087603977316,-13.556591198190503,-18.661184017351253,-8.201109210349115,-2.5646865512045283,-14.980666699660233,-18.65574541577265,-10.855766636110324,-4.818365220290569,-4.927477963558269,-9.236159527491655,-5.798459708421706
-11.605434287761117,-14.54119373870044,-15.927973331343818,-11.472268754436213,-20.196064030922994,-13.074290461401283,-11.050206264812353,-16.535093535403707,-10.338178352229896,-14.965343215188454,-11.214935231185658,-13.754838807865124,-15.025158825017998,-12.768086020891701
-17.675633353394968,-19.435379327284355,-18.03070929311777,-21.03621054011949,-18.688409529632455,-21.337290232437518,-21.015497747003238,-17.695823746544644,-22.430901629861246,-19.716532377239538,-11.706133865612127,-19.0571865725402,-16.95958890165175,-20.9201303150997
-23.80163735977249,-20.382467364859494,-15.171283683752538,-19.029801705708454,-15.460747394588427,-18.113171196225984,-19.912197627694475,-16.094228051766528,-19.074255847416346,-19.450536992236522,-14.706111721264502,-15.809202760962311,-22.077790671493773,-21.15132461261326
-17.047728399940773,-15.781628328992847,-17.14474193559612,-13.262027508026659,-14.744256693762985,-11.077713081116745,-15.252842557619013,-18.55405727828107,-11.48107341495915,-16.305078440370675,-17.459842819956442,-15.814197031995386,-17.290331923543064,-14.006468050257174
-11.719132427692925,-14.795159650384992,-10.317248206444965,-10.381725244956954,-11.935362016247394,-11.558037050269775,-13.810251482239781,-12.765487099107037,-9.276966875625707,-10.80578680827648,-11.13374083536421,-12.982681972886938,-6.173191695837453,-9.140292417066524
-4.27635397168849,-8.899269616474003,-8.326658688028191,-1.6044421986918511,-7.634733262794962,-4.142194220428891,-2.4575012360899278,-9.281898749514198,-3.563442935200908,-8.744215816753165,-2.6233195854607367,-7.6036477279484105,-7.279853884662317,-8.962429341318305
-1.3348409928667726,1.0252694751236704,2.851641992422409,1.6684281547118915,0.44538640419824993,-0.4985931441504772,0.2755484778386552,-2.9564083412385123,-5.1404355486969155,0.18194496638482294,1.7846609018293695,2.8420928660294313,1.7991859831326678,4.816180170169419
7.454254716412605,9.269069515485292,12.210994583952829,10.24016622847514,10.253429176957136,11.106757567658292,7.647398531187548,8.127196907063006,15.468412654159778,6.486662625355725,6.216539116863033,12.449786908872374,5.978095583309094,8.017510737014504
12.268735908018892,12.900134517619263,15.092493889835273,14.927031008121642,15.932279008714119,12.76422020018521,14.089378313956475,13.01607207408613,13.201364272930732,10.531453385325054,18.652203888170536,22.233037074663475,9.958213253477822,12.891364160913849
19.126426920916394,15.835802448471592,20.75700935073079,15.858538977407905,24.119251055689045,16.34481264322483,12.76538700303969,18.524824438066336,16.766824663547066,17.640338659774464,19.22682662445363,11.722063765979211,17.45764401253795,15.642221796051883
18.203588676397537,19.229555461929678,16.28408802220519,17.512619599761805,18.60815891149112,16.35153987426663,19.92155331736434,22.921039974065074,15.440877740889645,19.96629833840069,15.527149040844222,18.407193941042546,16.872301256983054,20.234044412141422
15.461488563785483,17.04196251453405,20.015384943989535,19.192631307813926,15.959801330973285,16.635078064899027,16.510439263847747,14.38901965287209,10.471699753795164,10.013259206987318,11.753310929920678,15.76307859895121,17.0404677053715,15.866286387766795
8.448311134718972,9.980104667165076,13.70326975325989,11.04330165749096,8.725580075270994,12.892812285632534,12.543215319200764,12.25406428749769,12.022729531527393,17.71640738726972,16.130664546329683,12.374195232782421,14.242975408658229,12.344219973995862
10.20481823866676,12.53064686209086,9.215408534793978,3.034135068144389,13.315490261923316,7.746314269836018,7.581883325596861,8.279472113887923,5.925219688602491,5.121356526417729,0.5314534017782062,6.831346964897717,5.846234340072562,12.627219646793261
2.441237643345901,-4.885988964524004,3.5049984900464723,-0.2599167616731606,7.179702438988674,2.184116032708123,2.24701468132982,-2.7097637448120624,2.104980463254731,4.220232612151018,1.8674847641721826,-0.11215865450462248,2.1355703766441683,4.29844587314547
3.167856012359381,-4.462565592142229,-1.9432864339128584,-0.28077400894143323,-2.2749745922389515,-0.6097279322883065,-1.1293918826057567,4.533895649004548,1.41981796782306,1.9715922100798462,1.4487441217463348,-2.6030471972952065,2.945161729743554,2.7520392445154718
-3.043139810087971,-0.7241832709299496,1.706322967867278,-6.063606907053066,-5.785721034564389,-3.2139832791208005,-2.9843388833367417,-0.8320777725305897,0.5971936163426705,-6.037948622520299,-4.589606852885982,-4.9577418304365795,-0.5088757910445603,-1.7052562415079102
-5.158848910112667,-0.8963368876352993,-2.5455381433366915,-0.2204722193108024,-6.207110821229346,-3.7562177305877995,-3.699271614743318,-6.446461347327193,-6.9920702272439,-4.247831157286598,-10.815583408805795,-3.7620853338212363,-7.046463806229917,-5.757139599961555
-7.372583344956785,6.117518348484692,-0.7624302960843403,-1.946676580776507,-7.171216307712124,-4.465658508289192,-6.888784960092916,-4.125427635096726,-5.2514605159382866,2.510952373236128,-1.901983660431772,-6.993176317932547,0.15378724548970268,-1.8922175073755776
-4.587191537431642,-2.804982402037879,-2.3294297390018825,-3.800431926955269,0.41684524981823845,0.8570706367234395,-6.201407442378407,-3.8919672659911693,-5.108291744032849,-4.949396137277691,1.9765781435333896,-1.4201167105038799,0.22139436550766156,-5.838594685530975
-7.373169232314758,-1.1788227235163755,-7.100375501450103,-3.408231816867572,-1.2640280225348395,-0.743879874306395,-0.5520606949273916,-6.083821716036562,-1.73983761617518,-8.901514449747669,-3.692737499549456,-2.5407025183322154,-4.603197824627539,-0.5252165588502207
-1.3441956813040297,-3.97629135257191,0.3151474098547733,-3.221296489349578,-5.670785522058557,-0.9809305067439826,-2.832523568641383,5.462799861537286,-6.747856280208913,-5.729974869277109,-3.8620100260880275,-3.0281655629095137,-2.3781676757518833,-5.365182898774602
-2.845390249957621,-6.195900557313436,1.7875053493467021,-6.227926916106133,0.496930261801765,-2.6433361414864325,-0.12707634119861844,-8.046151077164632,-3.9878964847180747,-2.3379405875607415,-4.348186174558487,-1.209547789355005,-9.29537759772199,1.194529346206024
-6.832265451275277,-7.76012263406969,-3.949440515293502,-3.6339049449929464,-5.0364886763837635,-0.6098079308234672,-7.511688750132848,-3.906657962076022,-5.256452441349797,-9.313331087514038,-3.7687726203257634,-4.644774543024655,-5.583595320286184,-1.9522338641736217
-8.809988236789021,-9.708666998225166,-6.49406814460958,-8.829902228785308,-11.021262641973768,-8.844677852112296,-8.790621090501435,-5.877277775929788,-4.519776915322256,-7.5785596092780665,-6.733156692186816,-6.438758837286859,-11.016020285001883,-8.783044873849226
-9.230083708493327,-14.494426640052351,-10.884875923650709,-12.498509822958193,-10.498517525198997,-9.458343106377251,-10.351246038443621,-9.991518008711015,-10.447614295176296,-9.958809778359642,-17.335590297685524,-15.571798342447268,-6.700981042640652,-10.965131046046151
-12.534009352394568,-13.10904002214329,-16.675713380244765,-15.597055896180521,-13.832021356182539,-13.09066270655701,-8.432105602264636,-15.845485892913548,-17.63227007011196,-16.18049857501236,-10.960791326046008,-10.035967717052548,-14.592727566027706,-12.218805635978887
-15.167383390733356,-10.313985233946498,-10.247859430987447,-17.742096449278613,-5.318910810570806,-13.919836475783887,-10.122286976002407,-6.566761242154044,-11.779186270773428,-11.437621020621975,-8.219606293739506,-12.581837320188484,-13.912365667224057,-12.864619570683562
-8.181711465408402,-14.259061187687891,-6.4920447047999925,-11.246728781177685,-15.243715039657753,-6.646431733159402,-14.42427747626415,-16.62893781877825,-13.15112123976158,-10.999775235684416,-10.899643237400253,-11.96248787288201,-8.43464755992117,-14.042469718440813
-9.9290451159689,-6.126213928706914,-8.725856928785566,-3.7881132013449252,-8.345129008262877,-7.367089850068589,-7.448853862779106,-2.2737491319283523,-0.11392644980560895,-12.259388663435615,-10.236844366649196,-3.4237105889447115,-7.955859453476969,-8.901177733194903
-4.211209267431548,-0.5430219411717991,0.08738640607211323,-5.318054799257132,-0.1680838019072799,0.7218005921081407,-5.379518101237114,3.779361805155051,-0.7281914965601,-2.2117983510472836,-3.1287001806892194,2.2257971600791846,-1.7737403987102325,1.3998659181591608
7.606587286466737,3.97680075092135,3.190053707362239,5.536392838083454,3.958645666739196,6.013394112112939,7.912678358061151,4.512028373724705,3.3578733369879115,0.4615949826436516,1.6793501123188106,6.3417838980767804,3.7364513230188607,4.14655204393972
12.278439891801495,10.352227004231677,6.745129744904749,8.777333277243542,11.227314820372877,9.879289095335633,12.986648452448751,15.113389839509034,10.539315462795559,16.931449119084174,14.517576715709058,10.286078282539789,8.063123779822163,5.123180893299098
22.14642407030054,14.39754550578292,15.615077185515577,18.21926642815073,10.440433032132322,11.278927322843243,10.78727458269533,14.587727071284725,16.74917435962962,16.68116118786907,20.011077698039976,14.688835603926824,16.63076685907282,21.856681922632617
18.622233237249947,18.04056824005248,16.96755341277655,20.17716907742421,19.29758107001342,16.982817894738666,21.320500510920496,18.81055064895288,13.189270156175079,21.248529670282373,20.242176166783977,16.914740778869927,20.567630732168027,24.40337431896159
19.822920058345016,15.399992996383684,20.56112463165996,17.36633703107994,17.62408447092285,16.249043273549976,17.007542327199193,17.18262349587505,21.01627298892528,18.6875307334284,25.117892891443713,18.66497829130638,20.85610468313078,20.261242772144563
15.038314259590022,19.29307279421863,18.150405818182307,19.167777122943395,16.431545527105463,22.948266588973652,15.556220475719748,17.90997019445753,12.422097591387463,16.882953395306902,16.431339039996903,18.854480242950427,16.835050031910804,16.80722955173989
16.72064613214975,14.073811383328408,10.94226651560418,9.002656693378205,12.23565187419377,17.768652160796464,16.99177180292095,8.81488823468606,16.286148218797837,9.187678831471615,13.694298982439504,11.87505970102536,8.914122782697417,7.719023866167279
10.483781323781038,4.9465566886821115,6.649475546961014,4.482376522149304,6.11481291783675,3.8256270933223195,10.061935155314544,9.169053178986703,8.074406187581591,8.37104642492681,9.984429912140222,8.444382053408326,8.064845070723365,8.350716593294404
-0.41999767080467976,0.07305866098514857,-2.8362876755718376,6.59534745689944,-0.2905803787854413,-7.352661480260265,5.926045545157464,5.104638918973578,-3.8362824575075054,-0.9526691061186328,-1.6930237936103985,-1.7606689711873234,-4.127961524960307,4.759648400990921
-9.803025664388677,-4.620671424503529,-2.334284008847756,-4.365671899686993,-4.395464407205713,-7.785823081491048,-2.722744090964228,-5.861669198884329,-3.224506457489272,-6.070106006711844,-5.1517194883591895,-2.1524240650318163,-6.125999371919919,-5.8661193491239505
-6.582029080457981,-8.117912454489266,-10.340296163178344,-9.612376886993165,-11.12826393787742,-11.644180706051216,-3.6254025119414726,-8.665672176522815,-8.452747015643752,-6.332820764832197,-9.091983754431602,-8.886281218556158,-5.341608715419154,-8.206925579031255
-11.662471663300968,-14.951093563015107,-13.555047180372664,-13.748411928719719,-12.650029459171385,-3.5019516006694236,-14.77820813368145,-17.55940894693832,-9.364579365767668,-7.8942346926811675,-10.712738619707004,-8.703762494137262,-11.631361840963995,-12.703648191097148
-15.261091767059714,-11.762840062174481,-9.061897908165129,-11.90056027304918,-13.323667875154692,-6.891590883392327,-9.895480386310107,-14.730647031681293,-7.210282365487053,-9.585858042406024,-12.729311298866346,-16.587937239059283,-10.992128563203874,-10.128517166487503
-14.124756404216136,-4.6046478100314205,-10.462405340805145,-9.748260674816503,-9.351724303589064,-8.048067390826006,-5.940766918970191,0.9563389417157104,-9.316676272415197,-12.790818676477969,-11.455128074428032,-6.449416965909732,-9.503053699094641,-11.153767159057505
-10.572222654735214,-10.683044689712595,-9.116467701818049,-5.583152403873068,-9.620778064607745,-3.5610006258017544,-3.343759126438644,-5.399038062795011,-8.60739101780101,-5.352853522220348,-8.444288847342333,-10.855729170959778,-8.37916312810151,1.3384226618951898
-5.434576809002691,-6.429127125219173,-4.038387836385334,-7.836245336412526,-12.358589334491308,-7.315672627136944,-7.194360488701403,-1.403972238461355,-8.325533811032436,-5.475295848518693,-4.709488212363772,-6.303630153415903,-2.960310287523665,-2.237619976300029
-7.399339268906146,-0.8730377541116621,-5.0508336737454425,-6.667405707846984,-4.601863957800025,-0.7553327943254176,-5.127290736521836,-4.088185198929782,-3.6887764496876745,-2.22297687954163,0.19554407811690755,-3.1852280691211883,-3.898770076825846,-3.123089533222944
-7.908567024184952,-0.9154454701974855,-5.304007599898682,-2.225203277633879,-7.3360955123654605,-4.741803800618687,-6.225756398728122,-6.35372002374967,-2.67527585501846,-0.9069010589350048,-4.655561280985686,-6.039582743341611,0.06716889872636322,-3.219974974980059
-3.0754740479406637,-5.1725891648106135,-7.697909593347009,-6.899650743656524,-4.646918548829535,-2.269590510712323,-3.085746163952356,-3.6355537787994785,-3.1619737102263854,-6.103117515156356,-1.750244085287593,-0.5278102495994279,-5.674811772625683,-2.404850333692173
-5.267486965860935,-1.7385229762529324,-3.4538967255544444,-7.275586160780364,-5.395811815685771,-5.869309702082013,-2.6122145800801757,-6.8794467535919175,-2.1317145261122885,-1.8578490033201498,-3.986452703420951,-1.9316405214784442,1.1595552197807173,-6.0389052180146585
-4.121567945847649,-5.650393164299546,-9.268774698762227,-2.4110280275006115,-4.582614079010194,-1.618884875923408,-6.254040342714798,-4.409270072157495,-7.001460309652882,-3.7653959278342732,-7.695659607282629,-1.005156078722937,-9.52421267786652,-0.6917055572047008
-6.540427417886304,-8.065594988158027,-10.010309486239132,-11.230786255382345,-3.639595804024246,-6.386376782334685,-6.671221964753164,-7.513787868135596,-4.329590070608956,-11.535414051681688,-6.870583799064324,-3.9176958220852627,-8.1433581024771,-6.767362203006224
-1.4389876914829154,-6.018438185944656,1.3455096920294665,-10.200301194154022,-3.0742770688838412,-6.749734839651225,-0.4944955991966449,-7.015876181710942,-6.931902018917484,-7.123748579013302,-1.6615437477680972,-7.983508877978499,1.7202063526712532,-7.49178674862477
0.9735430374971976,-5.141952813096787,-4.38223583424293,1.169553509089905,-3.36981440885358,-4.0638171946398245,-0.8981383003473615,-3.908783375732451,-1.0250935168838744,-0.4972638557780029,-0.4077571686471124,-0.20999620704026745,3.594375440795078,4.07374400829631
3.100384075743367,-1.5126595328475254,0.7448002870011834,4.053818142862097,5.04461202491146,0.5672097769930694,4.425204588041577,-0.7485142287456186,-3.3947197880209687,0.734954679673554,-0.09188768623595567,-2.2971913336812637,1.4794060189782376,2.3630468341737902
11.791296217667822,3.5832307843971547,11.531508300675231,4.041779706320288,2.5478634182112128,4.548737297968304,5.682256823797105,9.094817851803523,2.2861893110197196,12.55325991577554,6.7727722723998145,3.907339404663418,6.8635824209435885,9.258250247200413
11.750775949470032,15.663060299649509,15.331434204134688,15.411927309455898,11.812185862593063,12.470282511818224,17.111726108356628,7.984460436736469,16.290971694840767,8.092807595632147,9.828266067219968,10.76702790171544,13.398640684633456,18.21885914002818
20.928251081284618,20.220957926919546,19.943412322288196,14.70913995577473,13.11045573177081,8.311902706798374,16.292512672910224,17.19543052918516,13.790439380323935,11.489235227627535,14.336196550296057,12.990362222866146,14.852197949614695,17.81163257449651
19.861438385461422,17.6723185873459,21.070253980810477,15.410597223355026,18.9703883575602,19.122988393700517,18.381296135920696,26.846733760305103,20.941890478809363,16.984376415420016,18.518270620177805,17.589362676795787,17.40315384513888,13.701956462498984
19.13055886591169,14.399227204642834,20.247558095957718,17.492793823434745,20.06193105964231,13.013025138732047,16.916590227501572,19.02344203634591,18.151659267128952,18.183445951738676,18.85794943477714,23.403226731265185,19.4903946468921,15.892616951323498
19.45811327506643,21.084372465486453,19.032916908430053,17.3436265405486,17.440151138008584,16.502499802296217,12.692141089495912,14.63388492245711,15.375211590817399,19.37220471469858,18.60598829221744,16.29169306214642,13.774972520539537,11.517106799127959
10.161157222904887,9.288611231252048,16.15508791343663,9.720989686309501,16.343847935889073,11.58274638906301,11.388416476029004,10.338580094229489,9.708793589526735,11.556943974775113,11.256746336684474,7.96032071833166,11.77932967689092,14.683415915477674
5.672794186138011,6.03689531246628,2.992202568453061,2.3091688293766213,6.8020229915518176,1.8445885405279592,2.3343848217731873,6.165303393389577,11.329878518651942,7.719003681571973,-0.6421481803518816,7.10926062562865,5.8936783281959055,4.596649888083009
-2.1817236065768677,0.4223944940303652,-4.591929609919052,-0.5413814605647969,-1.4084871691847172,-1.2718626736813725,-2.8237235815156243,-5.9275004229888815,-3.9425547580079727,1.00758168027305,-7.443209236110668,-4.99364879037884,-3.1932553880322665,-1.5480203596279702
-6.423162278988589,-8.345562432966396,-16.812438500535926,-7.780873634996388,-2.063284043652464,-7.221751218287558,-8.322953015322133,-6.342233970237979,-10.523338961685202,-5.289483064993859,-6.606654456195963,-11.044463332821831,-9.081532462722679,-10.871042411352121
-14.403975432673299,-14.49906035802961,-15.165298628774543,-13.888641643585268,-15.61738894226172,-18.54822053726756,-15.841774315925077,-13.354988615610969,-14.73261928957903,-14.950861761171184,-16.02193418300718,-11.40106584998303,-15.96265276846609,-14.399633503484791
-19.207947084925664,-17.00295266262683,-18.755065079945293,-19.521364191883873,-19.84308832208901,-19.170190136667493,-13.407971328384573,-19.345073270748053,-18.085255592632276,-16.536827804568794,-18.587283983819805,-16.608244184742585,-15.619608463963432,-16.59952581854258
-11.996051642764403,-18.734442922867185,-22.69755629319239,-17.646247168872133,-11.34911756774439,-16.93201863285405,-16.798404184368728,-18.44082422135047,-15.355925648523256,-16.77284798532324,-15.418461531238238,-19.498565036570476,-21.30137374822621,-19.855213175020538
-10.055943935026567,-15.835762375358224,-19.092700412668044,-14.278010150861762,-19.079418582618352,-13.594882240751406,-11.474443707537747,-11.956995570471166,-13.93050324314293,-13.727827418872124,-11.869307112679294,-18.439774974875007,-17.800692627867008,-15.650243232761301
-14.0608133700473,-8.769377824680767,-6.398207711686755,-14.167313410564304,-10.848490818508031,-10.265455685166659,-8.779576847800751,-13.560379940413112,-8.29430711355515,-12.782552141821228,-8.67926292527476,-5.11560195277531,-9.67128340524869,-13.813119879128987
-2.3276168461052,-8.723674525472134,-5.168597936713429,-12.726323477078129,-6.9692447765706405,-6.203728371823043,-12.74034990581709,-6.122744498546245,-6.199661918851859,-5.949118814260788,-10.650367562914306,-11.89625828101505,-8.833480498199657,-9.7731727154785
-7.144955613767491,-4.40194190045227,-5.589512770789099,-4.547678983441551,-4.84641319129701,-1.5575832225130757,-8.081304272640853,-3.0414924858475954,-2.57369273067788,-1.993502421897365,-5.18851471582691,-5.3210400907699364,-2.640622006377358,2.07554973371062
1.477385871501163,4.552878672757618,0.4404764536462413,-2.2795069831513524,5.293239278634054,0.17070846017042082,-6.413481940629084,-3.5296277392050794,3.491409795562831,-3.7608629878510316,-0.6289052522185037,-2.6545924529381386,2.903611080618568,4.037751451260904
2.282693455318202,1.8882585879914249,0.3018478629855381,-5.314005572562767,6.499226627957749,1.030064600674133,6.640990884144307,3.8870391934118165,4.084316320011348,-0.5639045019465385,2.37591884486666,3.160258521449956,4.663928025531722,5.224480550540788
3.314366550788802,3.545755872621648,1.3214473626852554,0.7355102249003327,3.3461052895055987,1.775737351293813,1.0989073851199527,5.360687390451135,1.4890224360023707,3.9833923184325988,-3.367467654904392,-2.7621083673424898,1.4003039114980809,1.439163868202534
3.6134299177981477,-1.1671000895051904,-0.34517486334124436,4.261537715965536,1.945926854810078,-0.727132527653124,0.9689014125464548,2.4665918347237947,1.9226409625381589,3.845895429289376,2.0623154959352155,0.25101728442082316,10.358101534446384,-2.8996909297838127
1.4238716823847133,4.156169128788999,-4.830167937453788,4.429107047348022,7.594966394352281,1.8483296925941572,6.110976963878305,1.4304229823980075,4.433302794636242,4.524634982753179,2.7098674131225873,4.764691784277411,8.011337472088492,6.381872790946271
2.81721327547579,-1.4982231957662693,-0.6886974544706308,5.948073741649116,4.100831609335184,-1.8743432545948195,2.689342388584721,1.7906366375018274,2.9943870952845084,0.7395453312051989,4.987207448208467,-0.035634181469145876,-5.77818515541202,0.014011255941831724
5.29783487714373,-2.30677192262473,6.528891904990599,0.32842659372403915,0.8735351501151887,3.140820486440394,0.781003694128706,0.12311939458507215,5.993226724885693,4.062928216269828,5.515388332174217,-1.1371605727421814,-1.0997314679696544,-1.644466957757854
3.5306724600284625,6.8980771544822135,-1.8795916425460346,-1.4015247740934305,-2.1740746477922164,3.435907994670626,5.904183900580353,4.00209875815308,2.8959083756926356,3.754515856143869,0.6772243821358508,0.31585391413194097,0.9973531034781034,3.4703264979851722
5.748062356321076,5.661883449601178,12.08407299975491,5.097888110331862,12.70614677589592,9.259359832652507,9.203101778174172,0.5327460940318964,8.49200778343656,2.0467543064444467,8.37416221737273,4.779197173009884,5.490161235537877,9.005264459209252
6.722984094861385,10.558131164046904,9.153203850628154,13.743413429126552,7.859716435280855,7.132921285268889,11.969416752973759,6.830412389219416,4.691982787183166,12.513589987120723,7.82036507792462,14.429381724054913,7.948808507273297,9.240877952511712
9.039133272501005,11.552439304327091,17.394793807451045,12.109668370479033,10.666574982942908,16.534697115531223,14.482586506599194,17.49309764061977,7.537428836690165,10.670427141349258,14.546953348759214,13.549515313192407,14.53927198637611,13.725804740271661
16.46642470892391,14.136481512371544,9.381531476171286,14.979151834910207,16.841598534836955,16.446352657274176,11.4758456307112,18.45134045988282,15.831095476234871,17.901753435485013,8.747518904402252,15.949558907441183,10.136246492061503,10.491400298761906
13.938595207972185,13.89219798159163,14.456810460626363,12.59143784875975,7.053856563013445,15.678977847712119,14.741034806781258,10.00429471439922,14.79921987649588,18.239230292064754,20.834097144176095,20.0948222452541,16.647914667138096,10.037609772256836
10.620593070554094,15.603062311425589,14.596440365258182,12.231536113137377,8.639414826449592,16.54628489290519,5.6487693341618,7.390636058471516,12.138337960832503,10.103338730333073,7.279532561290035,15.017268914911968,10.137044811685154,8.511141146339579
4.4764962865291364,6.454600777437315,10.559588697760466,9.083241829295368,8.919929080161833,2.165429858607614,7.688172845103665,8.636581749189478,6.535258072295446,2.003427163471712,13.284059417153337,7.470291764969245,10.312379801423457,10.223190966064141
5.108108221423161,-0.6800291083158863,-0.647105369192015,4.137740821202687,1.33590217598893,-4.645295857073381,3.0045983842091224,-1.7169793272514697,7.057627455481396,1.3365933572804856,1.3145683978618288,5.342093267954092,-2.804723077858058,-6.985387422382603
-8.85588943172832,0.9398324736591492,-5.209482407378239,-3.557261464456968,-9.026322508155602,-6.529907301432969,-4.554822383899164,-5.3385118385978965,-7.741208474690624,-8.234172568843768,-8.197440955187066,-5.547560010619081,-5.64606810585392,-6.242415060671252
-15.698279407822977,-8.515268812129957,-9.760628400407736,-11.78235742906333,-8.603627889069488,-9.726988829553488,-13.650780146895553,-15.216703235808803,-10.311214516067984,-13.0348907348146,-8.072861985335553,-20.169081986850337,-14.243497829829236,-11.440629556222317
-17.737565104887548,-20.144922592230987,-15.18858483670915,-12.638226609053806,-14.395143675641936,-13.357893546727086,-18.455997489514804,-13.559380169418386,-16.959355912613752,-18.174399225822082,-12.82497202675873,-15.253240168659648,-18.195084484346705,-12.121304524762905
-18.23752223843243,-20.420493169598174,-20.44747197921775,-27.04316812788313,-19.396699665560924,-15.550565592771793,-21.279246133826465,-19.557195660806162,-14.89450857861608,-16.500062500746825,-18.48172561897174,-17.960788895013415,-17.15900817876317,-20.814795726488317
-18.113987072605976,-21.117490146003423,-21.266759850254147,-19.938083823306137,-22.132786174127936,-18.565789061583068,-22.51585886350182,-20.173462633575152,-24.895636637633583,-18.805712489334603,-14.697292221995461,-21.75357072922256,-19.883078439148928,-24.314230426970056
-17.435133712368714,-17.416601383760597,-18.35283599567626,-15.423847284624461,-13.717068881501255,-16.48124555523445,-15.001197549135176,-15.818255647950204,-19.830036766995665,-19.121466443273807,-13.942045244941761,-14.675941705804146,-17.965141547065727,-18.666599436038545
-16.039162943491693,-8.398862634480246,-10.81277929582553,-14.6549928713817,-14.390903467193457,-14.227706460555023,-6.261522471105394,-17.685036474647184,-12.039905758119371,-8.113413010513797,-12.334363980342967,-6.131061583602952,-8.346027683253537,-10.551167127511013
-10.145451852397084,-5.400612440914097,-3.5829743547868445,-5.6399316432447515,-11.241914197857845,-2.729630239927764,-6.199782047946671,-7.453139461427363,-2.3857444336734037,-5.379228542311467,-7.938491357482284,-7.3147008526671975,-2.9586741063077744,-5.22011859778746
-1.03115064375607,-0.38154653711203035,1.1092239377865456,-1.3991880537964265,1.6674135405648043,-1.8335805299597054,-2.02167239531951,-2.3118253968311544,-0.15666611443656553,-1.3515606211722848,-0.24078401157591633,-1.3691470977744618,-1.0517326743910087,4.22792018916299
3.0157593139121697,2.6965801674413092,4.56798379120498,6.94037521027145,4.822830014242584,5.787494527091668,7.877505130043245,0.4805760309997398,8.80005268207464,2.410779583376092,6.601321267743542,10.005821475538689,5.896936074784724,1.6925131882736126
9.968789329835078,8.221733625065292,5.217277845749946,7.247848466591306,3.6781648069346558,13.045446549037035,10.365287394658282,4.8194374865424034,4.591726674297442,9.799709149340789,11.585978612839055,6.662151555594262,12.461977371087805,10.693380207647234
8.613391151744267,10.750314881800891,6.941826316852754,13.20896193606697,15.124682397741633,11.91111455172594,10.864364437471432,11.256908509713025,8.788175715537237,11.115455303021854,9.206785191980211,10.846357730390267,10.159449068695855,9.160444829169741
6.921895432833098,8.086497891174623,12.173698220761747,10.291320755803254,13.255327358463,6.718251194700653,20.576884418574274,8.576598311006737,9.875753433169029,12.887731634192857,9.312158218917242,6.62390519333249,12.576209519879969,13.395319719226492
6.7103540976344185,7.451492154956534,3.623078295810159,4.887038788799128,6.45201432293436,6.128031231930974,11.37039133090665,5.176973519219124,8.626557820266587,6.331783055625728,9.293676665508505,6.801879004983958,10.075708020667708,10.16952567245339
5.862000038850592,6.66590963695308,6.8061034972301,8.187845563166436,6.872577686114713,12.399800743760515,4.608448713896865,4.576430478510284,-0.31387759260591697,6.206415996891494,3.109852384759052,3.5094035267406016,6.879327457118412,10.108661843773735
4.1671646943943115,7.017714673656286,4.019447477272155,4.997613040047425,3.6446602267354002,4.937817532206154,13.090793364079804,10.45648182934055,7.216723785739223,5.0940239079239955,6.709745970970745,5.657954136009023,6.484923013438388,4.492856803220303
4.1697608180059085,6.416195226123889,3.751623436646501,5.113507861390788,5.3895482704585795,4.99521197656531,4.1303428666546,4.876837580007968,5.169230042369702,3.7988846998827928,3.9231380951340187,6.538911886482847,7.338161168495435,3.5229469632184713
3.85504678155435,7.999508024989563,4.3427620835089344,-2.5848062607516216,0.7859329104018178,6.815314290906663,7.767418645620323,4.705729054833313,2.951368683350242,7.172418343657181,7.394630664021734,8.044410629458085,0.6067098608227024,4.970734805397578
7.174854629754034,4.981031255411266,0.9959619459408238,6.396258342274248,6.233883431277124,8.745346416864095,2.0332993066378267,7.1092616928697705,8.413670834359053,2.930372069482149,3.6055351450546658,4.34074756572376,5.398893215789064,4.133294270747051
4.795729139070023,8.173719688405368,6.963209198537959,11.538538439971383,7.24649565923683,4.226777001422429,2.2817197045504765,3.9595080924567974,8.552881779309677,8.057041961031219,4.704665112202639,4.598742241537762,6.275937551092793,8.378531073946059
11.983984516544675,4.723731563870759,12.854628079783922,11.661135734730777,4.383687840694944,4.191477510674336,12.53659864803694,9.463766460555263,7.391201088581862,4.585676435864433,6.442140084606397,4.735825998373739,10.104383189085016,13.639892435417856
14.037962031354862,15.245091170583333,2.9623094863449912,12.356038004301853,5.7554325715405685,2.585676929645543,3.499993200176865,11.648661377268606,7.237722659853887,7.703264973983993,9.706996303311914,9.031570802634768,7.127950996069556,9.21225632541194
7.867701445145527,7.312937659090782,6.1380310227316555,4.8410945180209675,5.631353022875662,3.7651102713976794,-1.5617756617133054,5.934847798909655,8.716047191605202,8.127609088588105,4.9938095078446585,4.299361500753696,4.540694258361498,4.875792575837622
6.254397374847034,2.5058189004886597,-1.5474385410795204,1.7153968926218468,6.044625445761507,2.123510684319939,-0.07522866641467907,2.732893922114434,-1.4060703208331633,8.370488985508814,1.4493917770264284,3.9505154010847705,-2.7392151883205837,1.1182482657401616
3.9449010472678268,0.04837451330901521,-1.5633390364786441,-2.111322557707633,-1.4981786964586545,8.362161577660567,-8.884314642953237,3.733535014414861,-6.008186408346759,-4.140201392389254,-4.125952040632907,-1.13488096072859,-3.087023970036165,6.587678237237176
-9.668206305194278,-2.448441586486041,-4.568951615180446,-10.087203994865114,-7.2519839617625035,-9.281353099920485,-6.5182124012436615,-4.918824265281759,-9.605281925123656,-6.525135082975938,-7.9903115884657465,-1.9696231071697525,-11.497581207648043,-4.378692644261499
-12.010676502957946,-13.399590396822795,-14.722243726021293,-10.518486432647052,-13.004091368265195,-13.239094732176044,-12.740674018258577,-13.557585502444018,-15.319313332730315,-25.454817194410357,-12.686660289964122,-12.149985311395142,-11.391325873331395,-17.40854128746363
-17.214768584676005,-17.848482807269637,-17.992540040348985,-12.881030535219487,-15.06572723671817,-16.363634292510334,-14.80918792697137,-15.916986285998105,-20.134665377116193,-19.699096669953594,-9.04113434070069,-19.773185998297816,-22.14425707875654,-14.126271923866256
-16.40697908884888,-21.002195553614108,-17.482315877336195,-20.383518935696834,-21.076833487923714,-16.115499166195946,-24.368462965812963,-17.758494755519436,-19.50709347042788,-11.219074096969292,-15.580522958238545,-19.922305922036998,-19.356464310235292,-24.76600198576698
-20.009923346629225,-22.078153798067138,-19.817266380191256,-11.545118343639288,-15.781529602086684,-17.99489404573645,-14.876439990872743,-14.5577833674248,-18.391934291332888,-14.429710602321848,-19.803334964874477,-18.45429922807325,-16.204236409754206,-14.0944559798474
-18.289293620669984,-11.868922894639951,-15.827012983484845,-12.614438221413291,-16.637880731994088,-16.715321083096892,-17.09974962187481,-13.844131581542596,-11.48778347568155,-21.088607895515715,-13.13958559092206,-13.116637462409647,-9.097537449695281,-15.951230534089692
-2.794578734614796,-13.314266480541434,-12.901315456047653,-4.93809685552394,-12.570945383100055,-15.728223766176566,-4.642199703735869,-9.007089340430353,-8.13478897970034,-8.399152216958282,-5.940480855488735,-14.83989101671163,-10.157146096662526,-2.3580295636512503
-5.859428308980787,-0.6037786008913733,-6.810401674174114,2.5674540913381056,-5.965467726909749,2.5345232516418372,-0.5185811356759986,-1.4377421460458608,-4.578531396080355,-7.665374610575655,0.7983055905886891,1.284204013612671,-3.6674480972449714,-3.1600842385449983
-0.27444467095568115,7.685664083509528,2.3124570773941775,-2.2674669018779836,3.155056080344019,4.0035956804969555,6.026243632066343,1.8163078802787345,4.2392708247796085,0.9853999143464685,1.3861994446390966,1.6906024250736502,1.5797241430483115,4.246074919193193
3.5883809880589874,11.358890676152262,8.287978299489858,5.710384972416979,9.269079408992768,14.065817159180508,10.043086639035339,9.54347857333505,6.60590164570769,6.7316880180383745,9.86926117034174,8.308438713087906,10.88584291188278,15.71163631398857
11.6543540535947,12.138546736490593,15.623481254791365,9.946770827213259,8.609935151305567,9.302612806246184,12.01201956988078,13.991751376923492,14.356899377215312,18.695804375759256,10.379596086977415,16.374314886941125,19.10756463740278,10.812034386279162
11.572137106845176,12.853087378460462,13.785928536134039,15.148651697547296,8.183090105699584,19.053990423535087,17.277818532433237,17.661199744858425,15.001961374191632,14.80140781978454,16.534006926178527,18.70518867819695,16.372469292300952,16.632776719356347
17.229459918241947,15.492818997299496,12.663326206115126,14.482329453197972,14.790468522091341,12.739673242727903,13.946007159721933,16.20502386803205,14.098657944846815,10.801939903323156,15.152826220829377,17.123741007281353,12.741139952868934,22.76302762994995
14.118726003791169,10.104047219831468,10.705308884657427,15.686076830972336,8.1521350730893,9.510033034159434,13.088569724443088,11.352562048561447,11.590803630761414,14.967206653785148,15.861536382897366,9.06830671398015,21.714650977857833,12.021834389140487
9.935682479636338,14.271474685659262,12.5722265694228,7.541073394356437,11.051969651460242,11.099386875755268,9.907093344316838,10.495885399889838,5.953919234500901,9.82432666401819,3.978635057203954,9.754400323944875,9.374296851941509,8.351285991456365
-1.1193805312708927,4.184320698705477,6.381489869910494,3.753941316028945,6.90046762513183,5.1234653983410405,4.9852032034833655,2.4666128270384124,4.551985062004121,3.8510544779012132,5.415886240351973,7.858357737028838,4.853202890356882,3.6601373907975794
5.271684966071153,0.6697851312218075,2.1515833915874434,2.216760208810366,5.635371320044091,2.537418870685177,-0.403956483870787,-4.133298854389779,-0.77080284189045,5.818825489054125,3.5437729750088787,3.4449875384907696,8.55218940020567,3.107117158158699
1.5259236669884066,0.27163532553010944,0.694245976604767,3.716066167444618,-0.5698818628925375,-1.3431749461983675,-1.5219797679650309,-2.1369679013808818,-6.877611000577919,2.077670916320696,-2.0012613890106685,-1.5960519878810637,-0.4681725508133914,0.820336374305126
-1.9495789555073633,-4.767909083081636,0.5725604441963392,2.3351016287429407,-0.08607135056418658,3.009378153811471,-3.391864992027872,3.0594230557604076,-2.541670123541917,0.5218406339892718,-3.4868762885040314,-0.47802000119190163,1.7095104826244465,-0.4765235609323413
-3.1835646981728103,2.8948368776650137,-2.6120030721939393,0.11250788332876627,-0.7091407816049349,-1.6576234685584883,5.350251696994601,-3.376170493778487,-1.4205582268004908,-0.2168729716799796,-3.060388925575799,-2.2166840540554342,-0.6530034787642561,-2.516842989742834
-0.8935547849337084,-1.982343463803076,2.7338752898774477,2.9990925383349287,-0.8152917169043263,1.8762787320620968,-1.9672590003996155,-3.88498405801679,-3.0884311928685744,6.83237517895525,-0.8560099334057467,4.544043696423993,7.032442759896394,-1.9524013520427428
2.2152996341169393,9.975558205981773,-2.906167801869829,-3.1583188629860004,2.398706770826018,0.726692953436155,2.8881995848414546,3.072598493311525,1.0366349317666619,-0.35102361019533224,3.676000888331462,-1.1706618454511508,3.496764140312702,1.6391370435184474
-0.7675100568003619,4.128641063840233,-1.2401028997942152,2.5840309131001287,0.10213860575487518,2.5152273755122687,3.011208877620738,0.8510526086279369,-4.007029487057371,0.08288826584048262,1.4038966335666105,-4.440843536435721,-2.731162409451736,-2.5083007749207624
-3.10567900877888,-4.076784110438753,-4.158485501405831,3.954680820156157,1.6776514341210502,-5.755225509862874,-1.9872783514589711,-1.643957110064296,-1.0912366279395467,-6.766113259662433,-2.2035232764934065,2.1779498309423904,-4.143059187016831,-1.6568790940284457
1.5784004472262136,-2.2342986085342558,-0.6678561798567815,-6.092633285674784,-0.8961521581660992,-0.6594009797851736,1.3347508530049046,-2.6959053079169513,-5.204561205706891,-5.271288133410349,-6.380684463579698,-3.5908468553802115,-1.1583029460183196,-5.533804211420583
-11.641351029253844,-8.211227645503278,-5.128344515357084,-11.911237898159866,-3.716512905988054,-4.074716655343021,-6.52665649218395,-9.248978338565458,-9.546284626805361,-6.306093973341184,-7.133139841672807,-3.926721751221903,-9.289034975134207,-3.1817137325269442
-10.758620399589512,-8.707528887373453,-7.469372311504942,-17.115626288660508,-11.408766384154712,-10.349594292037837,-10.145467131669447,-12.935100599193126,-13.285676135617763,-16.596999725094474,-9.046857862452377,-12.841967660328638,-9.055293404612605,-11.46182041382389
-8.676210327907878,-12.461810967400798,-15.637650456165288,-11.503651812318555,-16.64286502741677,-20.042986480299852,-15.167685368114963,-11.60309098258832,-16.248976565055965,-10.016470376179033,-11.900084569531256,-10.320918524890923,-10.04127939431294,-9.201419416163075
-16.867796405876312,-22.30124662611,-16.42034543416911,-16.125651751262748,-16.21936765681686,-19.99227078531771,-14.277815233863917,-9.809824296272259,-17.252362650934245,-17.837626027696956,-15.577767791236912,-18.842275707127946,-19.7418790856419,-12.613954928590442
-16.525372043519024,-18.489262526901783,-19.844714495499943,-20.356428998785013,-17.875805661085224,-13.843833159411478,-11.571477813176742,-20.13595474321387,-17.074139276465136,-12.99499721561452,-15.343489185433572,-14.782384941442373,-14.501578268373422,-18.166028551403777
-6.487995528777487,-14.850918597697632,-15.119109940984405,-6.279755526768068,-9.083888072252973,-11.480564965498221,-10.81878521703012,-7.507180643965762,-16.170680422761876,-12.636859459346134,-18.731053679142597,-16.098455170079237,-5.319864310222215,-14.385196125627697
-5.621782203869795,-6.742114957220264,-8.285530242623437,-8.889491441140336,-6.614045381712183,-5.486344759264859,-8.493488619485145,-1.641651991338116,-5.260753512266852,-6.564525048094714,-7.573433572892357,-8.306394591852166,-10.560273210343492,-1.0591325181504567
0.44784719570882886,1.4480741941866895,0.5456403410078864,-0.2126883959835223,2.8564882058516488,-1.260616615834468,0.34854392494250097,0.03259665905236542,-4.755280774259434,5.021411622167632,-3.5310035642476123,-1.2360499126140851,3.034709455758623,-5.50543460146546
5.195005547385764,6.398573870771489,7.942588384690769,8.38274242614761,0.06322540817480071,0.9167125583944475,8.634295473149747,12.336491142806388,4.408966734639948,8.071851560710162,6.576612773628555,7.4527329287323,8.40668959553722,4.1806462661173835
13.13958636302137,15.451706052881182,17.242460024513747,12.80940267870127,11.32623740537202,14.343221470349295,12.73958406216408,10.391305444898558,12.864358953191607,15.274027682689272,14.417902948876872,17.336518987946118,8.849033924398933,17.379864155310884
19.223409517482175,14.364221178845282,15.760337307456252,14.264884373551386,14.768944498957026,17.001022879445877,20.99932008196002,20.23594381393228,14.528139975721157,17.720827744038335,14.432284571158537,20.897345871552755,15.944765838702242,17.14844491432679
12.070365345050812,24.519782980062562,24.066614660138086,24.0440763956509,21.100973421495475,22.6385700546324,23.496837058432043,18.170233723246067,25.037564837771086,23.00725183656698,17.38821438628525,18.585105020023448,16.119410174683463,20.431047770949014
21.132190594966527,26.471732673649647,19.190444907279872,14.496686846734168,18.832825733219938,20.602531552738064,22.919868366356873,15.23316611940764,20.909182889724274,19.233700088009144,22.50514195593838,17.380689323954226,18.693643602850877,18.114492724393024
17.232349457712793,15.65777180693219,18.776149940999176,15.534646268085785,12.792365415544102,15.684614817836978,17.316048821198002,16.567730344982017,13.095807086199496,15.905245686035121,17.152423399847393,13.696498104865945,13.145278603881897,12.611812176033624
7.028225544118306,9.995471021302455,8.695306525133416,12.547981954539495,5.158019715040488,9.481244507751992,9.63288239522827,11.07621358291626,6.2297266034347984,14.408066094372906,16.764661722088956,3.8173750820050696,8.411357543691752,7.128477540078911
0.132418316699356,7.686731933736784,5.703951398339485,6.021653494357045,7.863081075902391,2.2458816702311615,6.489583487081999,5.757796590918785,5.110476912189281,1.4582520334763047,5.444666513783145,7.287259095664833,8.057441515518413,6.077169490398206
-3.1765855472978637,0.13389740917808446,-1.130001953357914,-2.2488686941226566,-4.26387604053046,0.5577006951370027,1.8664838232045322,0.009667872268583677,-2.3453863754100763,-6.037369829952129,0.21983022889672732,-1.813102702883218,4.920633651510943,-0.2153322494006943
-6.336770071306566,-7.381216410801304,-4.669786717059216,-7.623957727885211,-1.6088333507370622,-4.102858634717242,-3.4503290389318715,-3.2765002372647136,-5.153708066550874,-5.799344469116164,-2.1676569439445212,-6.112670578886363,-2.7197790620652618,-2.7624449528626203
-6.5227250093262965,-7.666678661959903,0.12619408835015022,-4.839504666454122,-4.336819222952291,-9.76263435725477,-3.487019157883788,-7.804560652245945,-7.11994883067134,-7.937441762872009,-6.20462300091296,-7.724894987873939,-9.057742354966711,-6.828681279364536
-5.802393997338192,-9.425118898299196,-9.170458652510849,-7.613881644833401,-8.090651033910513,-6.786550372456908,-6.391458640938339,-4.772640836497796,-6.198836621716376,-12.897885790816257,-5.666745325049405,-8.476361808569848,-5.7853092656194125,-3.3106834700218126
-9.894354999820731,-5.88857903893622,-11.98308495968877,-13.221631636625435,-7.221600420675723,-2.5644647982001274,-8.157431473421312,-3.6629968239213615,-7.722130083397511,-6.6630448175334385,-11.303101325971081,-7.191516347390857,-4.5900078820349695,-11.784432639800315
-3.10309226525456,-12.020086406957866,-9.2831498926091,-8.267935423295576,-10.87688199579415,-10.43297427180145,-3.7053222222140727,-5.753773222106046,-5.714475530279068,-5.641812760398014,-5.419018427670554,-3.15503818080888,0.8228365862881395,0.2684666980432251
-5.610424981022985,-2.6980791032893396,-4.169277284000944,-8.666112215216113,-1.9455861528821754,-5.890326326840356,-3.0886869964236245,-3.6364927475938327,-5.108024728128392,-6.284833157642199,-5.837524126718257,-2.135853802797999,-1.827942549642167,-8.925561741159202
-5.001781635343827,-8.529137090113807,-5.438716013498333,3.4437017335216016,-4.016657613689119,-5.507373470011579,-4.903788342456466,-11.51517799892274,-6.011245351321207,-3.1244269536676335,-2.8481863101751745,-4.193007385916232,-4.8244750879649905,-1.509902375765737
-8.885510743607037,-6.394429367047248,1.1566907370721715,-1.8468087074612374,-9.298946796677612,-3.2598127624169706,-3.3230882143519285,-10.480369498091905,-2.506374075395655,1.4452496944400401,-4.296498773410391,-4.70564944920661,-3.6222425638819096,-4.329338227130974
-6.133442963851727,-0.32936452654143444,-5.138711792968821,-5.525733064759474,-10.26192283759866,-0.3620211104409652,-5.442694640234121,-7.314081282329608,-4.288652773539237,-9.445315144418242,-6.243971140079317,-4.69879147455254,-4.8953171732188,-12.741355126692469
-8.93183897662337,-5.003131578082131,-3.53013132211432,-9.289570496891518,-8.307178494372359,-12.816243683569136,-10.929019018002103,-7.260294265521284,-7.319818176818384,-7.226735593177436,-9.682429097550331,-10.154654722644421,-10.140233493767052,-5.171956414727001
-12.20489510364327,-8.982163523982274,-7.0836059766256945,-10.27134052773986,-4.050073383958515,-8.616034568949736,-15.530193919720448,-11.321710652081554,-10.472868177003331,-4.524368173019845,-6.646134573567014,-10.342811047488986,-9.733320871433266,-13.180446607016744
-11.535832909405254,-4.985247475668764,-8.001587637052207,-14.16917617522195,-8.126979328670751,-7.334690981037072,-8.315253073427662,-13.19227694333152,-11.192525293482056,-10.39348713329554,-16.040199790490863,-11.14504382474211,-12.526511374237142,-9.822287019331602
-6.665207707055699,-5.264908042995068,-9.22243579811725,-12.241980156104647,-12.198350091317225,-13.978705467828005,-3.1118144898502464,-10.572701795215412,-6.557850334962364,-9.593602041739189,-12.88150549810344,-8.508043796487586,-9.945606839620043,-11.021899244799538
-6.368193989876238,-7.742848632946689,-8.205236668762142,-7.689997387620041,-8.150423517758117,-3.769369096453893,-6.311229485588612,-3.605000469098836,-3.676888250834883,-8.631455399438492,-6.019420551326678,-4.2484664610252745,-7.670282134069836,-3.887476273339217
-7.23184046750927,-2.031778639232268,-0.5084473078149689,-2.7187635958727516,-0.9658725983875849,-0.42442943771538966,-1.517253997700314,0.4951652339063881,-4.561489288731886,0.05054246609461455,-3.461321881176328,-3.514001039221476,-3.714765166374709,-2.0596888158529323
5.069243640641577,2.1281475415133153,1.270293554923052,2.737690079732131,2.9121294052993716,-2.8581685753497448,7.457132513309678,-1.9339268196829718,-0.4703040923418036,3.897370243775736,-0.366231040993525,5.130329232170741,2.618449371973285,-0.5835872414849606
10.869866975503847,13.485388470793934,6.41478047166046,7.537173887314754,14.876141935067622,9.375622035403307,12.067865972110663,3.3373034257359535,12.13491005899327,2.379408410531431,11.527105200631189,16.064993011184555,6.714781470689971,9.632892382350164
12.452138850638676,18.25565191174278,20.083241904311986,13.320341195533842,12.794589496588472,9.192004465217458,15.021073451114466,10.724903853877295,16.43321768646064,16.086153636452114,17.693591636736194,14.394063244436639,17.294995951234483,12.071051241329574
19.504944761146145,13.126781996402702,18.800571958203037,18.473052040305898,18.413265487211742,17.33670322947004,17.099775900495445,17.848398540475184,14.491745406084586,20.33452977757099,18.124637463548424,18.800844374726275,15.068227585434482,16.81291020164783
21.567470674580044,23.068515747540907,21.850302155681163,22.736555932939016,19.642927220239663,14.709860697520686,17.5164803747923,21.35662454950253,20.485561323269845,23.811648994920894,17.018270020488785,23.067730179020383,21.142005333514977,15.799073821922214
18.82500997268826,12.566307294295166,16.429505637320556,17.747026973959937,15.732920640562497,12.773833000787228,22.04159016902277,21.189461253156164,16.038225541817845,18.375401092643,15.668097321457193,13.292737359847676,15.101556181359026,16.814892013143794
7.279410103688306,10.765111703190273,11.277192664865554,14.245290975859675,13.456107900199306,12.890174684279536,18.3478040985163,10.86320923814016,17.45790902757226,10.903990586158997,21.229494747767127,11.483292838200674,14.665012224168668,25.221375231075395
6.614069034337065,8.970408525921812,8.428228288687444,9.564446947888573,4.999454721940104,5.662944186593089,10.140035728334356,10.158797305459972,10.719669231981158,11.250570627105631,5.894984688363726,10.969373690602303,2.968826882910486,9.736955076363916
2.028279051489072,-0.032505835150157925,2.81202582976276,2.3563936207194356,-0.632423446714562,6.710853285276524,-0.3861698306709207,-3.4240375354710815,-2.439004506460472,2.7813195407293185,6.76053886294838,1.7082922959793505,-1.805277566663272,-1.1651157903368605
-5.024667533542702,-6.872081092498847,-6.989257630319614,-2.5622696784541414,0.38149726999329303,-0.36248681201826205,-4.679701969158927,-4.677596048106156,-7.693679064589595,-7.183694917543571,-5.167997468777639,-5.577521157474038,-2.9909276834475995,-12.145525658604447
-6.920910816919157,-11.182406813782894,-8.50899692530593,-15.035697291238595,-9.91969472527795,-11.338789068803326,-7.315124535310602,-6.286903650181972,-5.188460723374614,-9.212706424698602,-13.96456856302811,-8.656682093103052,-7.878865102282504,-9.297435502308042
-14.705115502604668,-10.273756342074577,-11.599630614453886,-17.68890123040117,-15.968571122401785,-16.061988284765178,-13.67052190883351,-15.859575300263462,-13.248796458188368,-13.97413644050125,-18.971040166737104,-10.808594662150133,-11.255416165017131,-12.168007887607342
-16.09468289192465,-7.708889353783428,-21.166581725194824,-11.549581486362515,-14.287214736024465,-13.786162945766433,-21.330237856755232,-12.778127605882103,-10.033205436932336,-15.247871499998702,-11.401857491709986,-9.608658090281757,-10.864794253680367,-16.753901304907636
-16.020299611945667,-16.0977639897191,-18.205667674583694,-14.66011099361162,-12.805645125321986,-10.795893043053098,-10.138684292898986,-17.098943127387948,-14.91334554018715,-11.932652082576459,-15.667408807470103,-6.861126516469623,-17.83648523267918,-14.016566679793405
-11.466477906324043,-9.722599626890302,-13.93721492681041,-10.223123274419178,-12.415525124440213,-12.497775429573359,-9.595671564568228,-9.649399601549526,-9.152541701279597,-11.627418893403357,-11.312330771736397,-5.921978776170062,-13.868514591655279,-9.1813712843612
-9.359003853071219,-5.572541800293618,-3.098110838608739,-7.097269636570394,-11.280007492778035,-9.86417606742663,-4.621328699333294,-10.45625402514308,-9.292311743521784,-6.92268261243798,-8.825999653045654,-1.9574617058522428,-9.201886851832434,-2.212509985740531
0.23229366876734137,-2.971692116471429,-1.139959767766522,-3.014472321049268,0.09783886554915533,-4.0402073271817125,-3.379651772468317,-4.325423505647991,-6.849979918779354,-0.3462149093955347,-7.998248681266952,-5.603313965726265,0.28119573357690353,0.09341711016414056
-4.943463670773204,-3.158518777173991,-1.333051109901398,0.9294305718941742,2.456716220024555,-5.282568966015969,1.488323159986395,-1.7451359633035064,-1.7695730716762221,-1.0062309774775666,-4.496498941106294,7.432701791967588,-1.3127505202652414,-2.2011945270639086
-1.4161235244504908,-3.9369173164820648,-0.05711716755769336,0.21811894014483935,-4.420955795229592,2.7549753765913896,-2.8380104514868405,2.6636596460012205,-2.459603711886108,0.22562394434417965,-3.7935239894010144,-8.166863374243807,-8.561066550752527,-4.858231610448049
0.038995383883950074,-5.619320197511077,0.9139592417647306,2.9323794848893927,-1.1887021572838934,-2.2120454443458453,-3.804251294031709,-2.975340164119627,3.506745547595501,-0.5479127831900383,1.3719751767536992,-0.7967122458325606,-6.622938790392274,-3.740681776352862
4.9142251984215815,-1.7773356412233188,-5.479013980554269,-2.2474727536205794,-2.5057885864423444,-3.0414985848293696,-1.9764717141219859,-2.169708662250423,3.6839407940864546,3.190947360578431,1.4088569021024173,1.681043250652603,-2.2503758346919303,1.2840184690391445
-2.6964148604376175,3.602655714670908,-1.2516124080215971,-4.311701444542795,2.8592355093164277,-3.320391664228839,-2.570101879177371,-4.37839703754263,-3.898094045596845,0.5208623046415055,-6.580088745897658,-3.8490557895640323,-3.2176025277358598,0.5725661674152906
-0.7905084713410502,-6.716590299544608,-3.2719501007918215,1.5534124595988472,-5.286772659976892,-2.3899592606318967,-0.7441894101600597,-3.8404957019507315,0.4367697953893517,-3.824357850909674,-2.3133438763289256,-0.5260804698867889,-5.804354095670675,0.9417266541093783
-3.894486020187589,6.292583536162248,-1.2238584869454385,-1.3584177509688595,-5.022933867033264,-4.116689319511355,-4.619647244590112,1.4446285777619483,-7.859810204794144,1.100684793104382,-1.0008968287004436,3.6461863799526117,-2.864139236484745,-3.697236855490792
2.014734233498163,6.5530435901009225,1.9515608914782083,0.158362042041438,4.817912522774146,5.578664544522973,6.025327772809868,-2.3473081336646744,1.0147586644694753,-4.050541592287506,-1.2591362675791582,5.3064566967780085,1.430868905919199,4.728391177716873
3.5958401466607715,3.739951099592327,4.7176785793124205,6.753823177859679,6.334982059422882,1.3075642548960325,8.837628671517196,4.423114225456558,-1.3712252814541133,8.686233367704554,2.0156138992859924,4.06011933266536,3.0616913878657996,12.670056635628452
10.796743316973677,10.190819177085366,4.7095332596376815,8.339222501635563,13.267621229473974,5.8455373334968,9.435717052765748,9.782381517274535,4.105499911400002,10.746567448610723,9.828966499490805,12.932616772877463,3.7234149577730156,9.753161038366043
12.52354346879941,17.525988375358608,16.702939362779997,13.817276592234704,13.704400422114594,13.799842011208243,8.939635953288098,13.20014515452537,19.862416674057094,8.318672363149776,12.989194324477406,18.135838201909408,15.552280742213602,19.370091189261224
17.460657602292354,16.72461372194848,16.088191912938072,14.854059013303234,21.052657550478006,19.568145581272468,15.694446479808237,16.961348278154322,18.50254500238583,20.03169280852024,15.000382295232185,19.302520421261836,11.285573016800175,14.94735750432518
21.685209641758796,18.969366751258914,17.780612119089355,12.605828762127025,17.74995508731222,16.879820271365013,14.052910642781223,18.071770719447198,15.837024811125767,16.413328591007584,18.705237171054634,19.53203119447601,19.842350859239836,17.335832169500982
14.659868241391326,18.324487430264952,19.401309483226594,17.307423874409942,14.629364905289721,13.49256137192099,10.02854937627654,19.182984212108778,14.236130912260498,17.604046666203654,19.53005063077008,20.661188257626122,10.567122145488602,15.8094101858454
5.04936671328214,15.261993518297356,10.393977894164696,10.013047478215256,11.967746816849646,14.147053282548033,11.299174803038092,12.842363742703288,6.582789461299179,11.67227123625385,16.372292119038313,11.571949825247756,7.325057794358853,9.5131385935998
2.7582234220436073,5.035334092611707,6.9004760318726275,5.258573891007292,5.055887696103378,4.595250074886517,3.8599127876161106,7.809228169058385,5.8209682116184895,11.063348225373195,6.609451484267664,3.3142228753970886,5.486835207913956,6.490800613835899
-2.458815515715548,-1.1263623550305102,2.1726712025187993,-0.37719110413870593,-1.7987971385302364,-2.3364374668721934,0.3257235627594919,-3.887369145806483,-2.434317812144383,0.841326689933132,-4.72105279495092,-3.548269338350676,-1.1788490267111653,-2.340013799755317
-8.700857983022749,-14.386020492562366,-7.171035068195575,-9.690901900891147,-1.2272096962013581,-10.721723393992715,-11.768913617048796,-5.51234952200465,-4.471514970310175,-9.390416493092854,-4.39361196491196,-6.153626808810913,-8.872352921132533,-9.655444630563238
-17.10126354931745,-14.283372067168772,-12.369558293052693,-12.132521340300116,-9.331998692070684,-19.620201495479858,-14.41674586438695,-16.62276168813392,-18.696194485746574,-14.293929372858702,-14.529663285090946,-17.371413986983658,-15.645809210852057,-14.28942667647278
-15.87529529940886,-18.04595749816147,-15.856274792519118,-20.963348262379775,-13.487413250618378,-22.034290701475,-17.978749652695203,-16.571240854139013,-19.4273496294249,-16.83535020943761,-20.275338972925347,-13.358847938089097,-16.95283977716577,-15.39437572449848
-15.143533322615516,-17.423996037074563,-20.385917898935826,-18.52167143571014,-18.9667131431665,-21.10348974283361,-17.347723373805778,-24.9783075250664,-17.72348635905891,-18.73876464640953,-21.996025433290068,-20.09769650826868,-18.83706845369717,-19.061015189234194
-17.1919345477426,-14.658217279705196,-16.627476423345477,-17.44515454631199,-19.113918016272365,-19.587605474258197,-15.654281163586903,-13.197316603364122,-16.65296642783903,-16.983902142034374,-14.549095779585782,-17.884117845094288,-18.796636753784075,-18.779881186429005
-14.44026750317632,-11.236538649821433,-15.85909898743575,-11.044065009788685,-10.603541510688554,-13.309204192016116,-22.16209320001606,-14.330472676550146,-13.2613423900057,-12.852629066090776,-15.595824246145726,-13.175739191104869,-14.38510461264837,-13.601932782077245
-11.811243047384313,-2.033414414948844,-18.93094544463822,-9.526400535904756,-6.985768555686234,-7.037069978039285,-7.316865623892614,-5.356110369084172,-12.777246114197512,-11.54488330869929,-4.575625752141822,-10.945903896565067,-9.608705755348407,-9.198361547516798
-0.607924079606398,-7.430421510818843,-4.967690064139109,0.2338052732817788,-6.723681825987001,-4.9406477827257,1.1436271071359503,-5.222417546776762,-8.149814561889729,-3.5415042297718586,2.890504970701725,-3.6221376931058176,-1.1949111268648953,-4.2614171209515765
1.3711895195730426,0.23059728902731558,0.06420366931792998,-4.223993805910757,3.4130347905016385,-0.2860023135155818,1.5757214142864153,0.10498465323060424,1.1855063887809933,4.309860611196774,2.1490135991029735,-1.1872143080718018,-3.312513305732942,-1.49070901208382
3.8043288443646124,5.015951975434397,7.716184792052172,3.939801742018834,3.1729932479388814,11.20009708510312,-1.1015228989792254,8.156706776122997,0.225260992374281,5.757105076699689,2.6645143341612063,6.428055970401575,6.137571059299735,3.7653157688027177
4.955616796649703,10.654464184865645,9.027113988962999,7.894931561992406,3.475325259915846,8.134114471992353,1.095662931981324,3.450441237357881,4.425911433942854,7.499627170776337,7.08512776785137,5.044436377769412,3.17796380452522,5.1118673545965825
1.0300457630377533,5.324431878533297,1.9912163903890523,5.417556559209371,5.91790069132266,7.635195461525312,3.671235335895168,2.1134607741015934,7.582181677149304,10.99946474893019,8.861086878764155,9.79160844907264,2.0888293001910014,6.617091748235406
6.119642672245975,7.624301805665712,1.1770568556220455,3.5092948916156117,8.45078983731861,6.617136599480699,0.50138878848826,4.393964416858013,5.834078291700491,4.936776335676893,9.345509274474237,6.716879071448856,1.673695747026815,3.471582017802105
1.5876646790011466,4.287533867524556,4.782770279885638,3.5074414755423584,2.5230962371327395,7.713726639037804,5.4109403568041,5.046398809146596,5.779050941378675,2.8048956032594536,4.563346329973164,4.72088936949254,3.6909641349547493,5.163221697208879
4.552811440020932,3.92442680995505,2.011454739003422,4.700672120394241,4.476993395021496,4.7573920285969225,3.7950043144156465,5.769108974834566,-0.9306159078021832,0.02648609052653539,-0.4467231194161032,4.969913166748566,5.333431988921127,1.3233155097242966
3.5433755777330713,-0.762141919285563,5.040103943989788,2.7044515153770075,0.13138748827977142,2.5486455963357573,3.0864636236741556,4.336261932454165,3.58827783493389,5.136425150183252,3.1989442652890747,3.1002130535991257,3.8846503095085145,3.2004240117080176
4.975024867486465,6.724649259298907,4.887110001659779,12.174255945461223,0.817420555792757,1.3724415465579902,10.295494307881821,5.026039790685593,4.0573612532985965,5.4651492391738925,5.013136240439288,5.460386261098499,5.195467351263392,1.5258745782049536
4.140490333157546,8.825262446285054,2.4934562742666113,7.012694054887917,8.409897846246428,5.905707795436264,8.107767191912503,11.268572162116019,4.711702069706758,8.525903867588873,12.460944193933145,4.206896517640503,9.555013287195575,5.874677888510548
10.459372068562953,14.824307150600664,12.012356638567905,17.30375981669386,3.3096925969738837,10.497431674108867,10.304964393913536,7.543812287305125,4.322378859841415,11.251199373411488,15.041350032670259,5.706943305745471,7.270923612356397,9.298858071566116
14.44599596679628,9.542865742477993,7.462555340386978,12.210886658393033,8.935787166009233,11.323739268994993,9.378332731399817,13.905309447737046,14.771056456558757,13.9562158811966,10.833639982909668,7.65363768822966,7.5441421027073705,14.281578182515162
10.218222285253423,10.200575297626985,19.265015573163872,10.63593874235641,16.40853927890427,9.034716527243223,8.265677604739711,8.387321500632957,15.15596899402264,10.783048157972924,13.544799743721354,9.532861237346768,17.414546529191533,13.100596528421121
11.950648732916644,12.414258431990767,10.441014177907547,10.088702403088327,8.087947192104952,17.180031046757875,8.325029719439454,9.114425491537364,11.096577785623198,6.21101913429837,2.2496171461297028,11.276728287762756,10.484235548865687,8.962220953415443
8.433426308712633,3.6811102877429596,5.425213227960641,2.1772919243192934,8.521040696250381,9.966736032263105,6.8360729918331335,6.8637295457836105,11.746939006717184,9.078730094912807,9.564817859857904,12.52906595838974,10.613006183907178,7.600631525541857
1.4947746254749896,5.215309975692179,1.9181446623363214,-1.9776601179646711,-0.0219623625505474,4.574585936239966,6.691647774472771,5.173147046032007,5.121738355179109,-0.43676354329191946,2.175992298879362,1.6906270864232498,-0.3607677615690328,-4.697470648255386
-0.2471287404388347,-2.58349354150407,-9.27253938054398,-3.3540718782405956,-3.658441360786247,-2.6586903540319606,-5.705172581514056,-6.497715820375495,2.6580447470313784,-6.841960021884945,-5.962860048157699,1.2984870448755546,-1.3935200949801443,-3.8899112012113237
-13.057866296932119,-9.087486165430207,-7.237727285412664,-10.31281562730221,-6.13121980100903,-9.673890453437018,-9.204453767746886,-9.013684225371508,-6.620892580790658,-8.165353593512712,-9.834798859820918,-9.728080080906382,-10.208755766345892,-10.1199852260219
-16.091498436375016,-14.09367474949672,-14.470481110784345,-9.568132474010453,-17.233046224377492,-14.415485629179187,-19.389431426510207,-15.813140285828055,-14.95171639060645,-16.112476185258796,-10.817510674224568,-18.26129377044573,-14.668893843761747,-17.950061133696128
-21.038679789684142,-17.934636020052668,-17.268788544282454,-15.236793277279263,-24.077515851246698,-21.67051785739748,-20.69114452194983,-23.36665392881317,-18.95010776110262,-19.169265565568224,-17.801651216118117,-20.14406706158198,-13.94481296684609,-19.052934575017943
-19.614242090015534,-17.269254333356862,-21.069496187067163,-17.73048240145111,-21.025988538904603,-22.149382701469104,-16.071244372264157,-20.83114528313864,-25.68046571579297,-20.15385908467767,-20.259164279091355,-21.685987575929314,-20.872804893469315,-20.21962859192795
-22.774890490359304,-21.916969087524855,-17.946905271710225,-18.079743441668537,-17.970175704236574,-18.73555301001967,-13.92961700173377,-15.171646492864374,-22.48451356984631,-16.760302295215126,-16.582204627339937,-17.445574188356765,-19.166282555935165,-18.786081997129518
-14.400652875290598,-16.880426696446552,-10.194492741134068,-17.07761141985592,-13.209569196731263,-14.000995428333825,-17.700805669493494,-22.630436253211553,-10.471187965343661,-15.106575809829048,-17.271793181702424,-11.790236500648975,-12.420132824851907,-13.563099782481569
-5.928972484433003,-6.250118808933358,-8.536211621721801,-6.3653560375497795,-8.34595911967744,-12.071334869368844,-4.12837630834489,-5.022687895598601,-9.993749709041829,-10.203128611914952,-2.1523713201937476,-7.042931374887445,-13.0481050254808,-4.493722658170892
1.8560908969359629,3.134765924545227,-1.9431194957876667,2.348440565009328,2.7318545510585355,6.7254902972715485,-4.831086136294804,-0.9516833148054131,-2.9825759572646233,-2.7611794797290385,-3.0009135368951827,3.767862618231741,0.03195296574361162,-1.2736042693670697
1.7479053294537463,4.430303717745154,6.846616363929243,0.5637193951227664,5.346538290812957,8.951544009532537,11.582954738432566,4.312401808958551,1.8457085679028573,7.279713515788427,3.1349112870750124,1.0799623575551154,1.6072618691311105,1.627063098556306
10.824848301789633,11.964768234347499,8.522926451074762,8.361255400763339,9.382341266239614,14.256633870735351,13.422013918805341,12.09873768344788,9.532280809073843,5.49994333460033,13.521054642835928,10.972210987115181,10.494067820937994,11.598938461227394
14.094393332055537,17.396154838489092,9.701505214053448,14.151267405376556,9.036635632418175,12.65695966565745,18.569041148741164,13.607243920895627,14.523315182306852,12.446895205580462,14.044471159186626,10.332087650745185,11.64693331271416,11.838374331601354
8.037392684405164,5.871439019864886,11.187500987014598,13.51799843472363,12.001014666484345,9.388534993659231,11.755610236266197,11.409387186934381,13.051013620468717,16.12096501821297,11.194256988366508,11.834925662885546,9.89728949892637,15.325440666365107
14.355087484088529,10.21453294319641,17.070567501859514,13.54760833130026,12.820092984251641,14.558162575383419,12.972699391686143,9.949608214188606,11.888485134604668,13.380409083197735,11.12643012091591,16.05709862536155,14.936383452618202,12.688304842950846
6.2991328057550335,14.101648631448136,10.243404610276556,8.628447225110925,5.906726968357905,16.725690440057157,10.00368348341381,10.037669745786012,10.104541817184675,10.368257224522004,12.166057415143845,6.06934987402097,3.838503114465838,11.326220102565172
12.582882753029885,2.1323713270430558,2.8071442494648053,10.35790361298264,6.035513423641985,7.428270058155491,8.850018789202675,8.410206763662623,5.97455310255785,0.9165921125976979,7.200846995720933,4.748488321311548,3.76659274754181,6.175688996649256
3.9190691506492543,7.515506852478915,4.095591588576507,1.556070297685833,4.986557688306261,1.9961270305743555,1.9481217046671202,-0.5612646644947503,4.7712575023676385,4.221793981859597,8.150914049721203,7.302574104789043,4.578820160920451,4.993074054481593
0.3260435243031843,1.2743170392430658,6.730831590256106,6.2125708045589745,1.2693255099078402,3.026801719731324,4.626738583996388,-1.9730610463555278,-0.5163285675547447,6.0391905449390935,3.599537000714591,6.087544978056346,3.856445315086559,1.3751790017317476
0.6725332573921099,1.5991378332932633,4.736382844780644,6.3969543686758445,9.780953725130123,4.941785199705235,8.614427188149454,-1.3567994392087677,-0.4151956387409248,1.86118972066597,-3.4989980220378785,4.669813025480751,-0.9703408147598793,5.827686866839123
4.798891149573413,0.21868452264336558,2.570281215260918,10.374906222688105,-4.519604569303388,4.439949172104716,5.6382780672435855,-0.39192611329134186,2.1089415282268895,2.947989600330422,4.576018505243514,0.5656194009054669,6.158489467383065,4.365107198371042
2.920368562950366,4.589309415380882,7.56587761567747,3.602668351448002,0.2767182529099843,0.378436399587041,2.343712035531171,12.869639853737583,5.264887956721079,0.7091316769575848,3.4319060448307033,2.7550993199764564,4.065284822456393,8.108950587601015
-1.6253862527985223,7.520316836435505,6.033455788371597,0.6601588833501375,1.5688839325866728,5.229202003257695,3.1592512177718275,1.478542099683569,5.244191210993481,2.5203212891814206,-0.1386086580009156,0.9974819655961036,4.7818072778765455,-0.8949051395968102
6.647306776316084,6.727949089392164,10.830647310775866,3.999283867815791,2.5839860935997665,9.817563044132807,10.246101361956487,2.905773606988368,4.963604787204339,5.941802776343563,1.5291791760482223,4.509220548863313,7.7628184875246955,2.3319120844946197
3.0390298684267054,5.746695928509218,4.466390076552589,2.8625253213668262,10.767822121572951,5.0188802587789905,-0.6401360547174666,0.6525536969411965,0.8928919727363367,-1.7450057016295402,-0.20959038779093486,3.2515724779400124,2.116495730236293,-0.7238670829195106
1.2413690554202397,-2.087000774037784,-3.8690643377126115,-4.332459243701992,-3.4454195444419624,-3.3820557084865324,-1.2826203148649786,-2.6998495414836854,-0.9342693804829032,-6.009736972167032,0.9855689660095837,-0.9723777426846615,-1.202414620904689,-5.688092791584267
-10.677304673431884,-7.793255119513557,-3.5749760691592383,-9.730048870395278,-8.253104020514412,-7.26658160497116,-4.568399489114147,-6.354897481999948,-4.530137950222338,-6.648838499542142,-4.083593629674144,-5.823648203956378,-6.581384526940926,-8.387743795386674
-5.409266227446594,-12.163447469741499,-10.545663826944587,-12.234503616806188,-4.432324888587834,-7.378229690565909,-5.597171930630043,-8.576717414241674,-8.513875859758832,-8.391458443689341,-11.19407797306829,-8.701543862421145,-7.573050702535474,-10.111644314530928
-13.600954368133072,-11.367818584520968,-12.466128236047787,-18.638351663732564,-12.111594383736907,-14.813045550165933,-17.93833682535564,-12.915466241830298,-12.760366921261937,-15.983660044382605,-14.727206123018338,-19.96891578165915,-14.927987026690035,-16.696429979444186
-16.381527031463524,-18.69878213585669,-15.700809606835382,-18.072463342219123,-13.728564504836484,-15.730922138267022,-15.184265238152642,-21.010345064035985,-11.079854889814435,-25.95706054543556,-18.932299375676884,-17.4712483918075,-21.173485000477445,-22.741681161016167
-19.081664136742333,-24.19312938794367,-18.37214890736883,-14.526265547123991,-19.544891699120328,-14.930934188109871,-21.608297636440117,-22.078720499521765,-15.105255989389427,-19.432481876679926,-14.611678263275314,-16.262095429129616,-18.87656941607381,-19.042705314168682
-19.882724935394698,-20.387023490588994,-17.006009686191305,-16.290096595850624,-14.282927904889194,-16.063761688427114,-15.556103737680145,-12.770594941913576,-12.70629938562057,-14.068448778694925,-20.226816604417674,-17.830372606332563,-17.16893884551961,-13.706772015154446
-9.480227949639701,-12.965191362019263,-11.29015247021053,-10.588234526858683,-11.51773631445898,-8.250451967503754,-13.582200765321376,-6.588614561473911,-4.512834825629948,-9.01495345125354,-11.68168058097324,-10.76983972714511,-14.02138648752324,-10.23201191476793
-2.0880954551086317,-6.536923643623721,0.39254741740966015,-5.393680907445262,-7.454727283914443,-9.163497954690495,-5.878605952080187,-7.000391808666848,-2.954770743135443,-6.297839083845027,-7.404127697789907,-4.277914998476858,-6.243792122888103,-3.6079809113066448
5.61235216568451,0.30033857636578976,9.431032863547603,1.6819330465851394,1.5939801296319482,2.930868357617501,-2.732210951274465,2.825432022177336,5.7488311428796255,0.8798494620055828,3.8915863956655046,5.486228231117096,2.7187226569937173,-0.830615652771467
9.344764231342733,11.932687027675106,14.088498561785517,8.905851655843934,12.727504217293358,12.772741264922967,6.068838392564728,11.325125433205354,4.933998437513199,5.641476705929858,5.648568386230529,10.005580758570467,9.55849583617728,7.498879240021298
14.966797329617927,16.545955351751054,9.259485327993561,10.448299745700188,11.353474399083877,10.858198637519436,11.164197309917586,15.291405715300574,17.377020498854623,16.10298998051994,18.14891117357965,14.65473403728941,9.766853242937742,17.369330030934616
17.226101373275142,16.826493605300175,19.218700693999292,17.248456517119102,11.694068850412135,18.351332905869832,14.00665936479651,17.20592364677845,19.949736435050085,19.796987249895658,16.51124479193186,22.139896672133723,18.091864441143237,10.570606973333721
22.118285979954276,13.907458211356136,22.41359511392679,20.340955812898223,20.398123271017607,14.183100019549913,18.03705212955051,12.407779793480568,18.004107847987747,21.77821070055058,17.95170616639193,18.081732249181883,20.609952826517393,17.10689519539237
13.574975598850202,18.685854625581555,17.297724841091394,19.5858073289869,13.174769263707809,10.680445638276545,15.518233922551259,16.965505744877454,16.23953750318202,12.032749691736672,11.713122500945056,21.099591922027212,13.951134863788711,17.857901431720403
7.63701186125856,10.230818825876963,15.82645605549657,11.292944748535373,8.165306549595096,12.791226851500515,13.339391934385546,18.610974630672573,12.571705185139017,10.879864630042727,10.341366759907968,7.697664730691783,13.566416522059482,13.703244172004474
7.156683779513988,10.17941608469994,6.941612903296557,9.689246625412267,9.514684773405378,6.501412382410824,3.554174533859046,7.502760158126591,5.144502394660078,5.3544674815709845,8.059361700793326,10.74176659977711,5.18203888612693,1.7014612999235927
2.268536312545846,4.310717441124568,4.19561226632298,-0.10689077445070838,4.11065009843999,0.07535186292057183,8.630988131154368,2.534381578408052,4.030292055838027,0.2717402091962424,-0.7066491097089345,4.812511526669385,4.793656301467238,5.286128006768113
0.011730195974873014,0.10759376956799249,-1.785196948043511,2.886158143720757,-3.2524705037423702,-2.2397695802604316,4.710051503692838,1.2947643989938724,-5.285571176735663,2.2791380812773276,-3.2395235260343656,1.489771326575124,-4.009300355475434,-0.4339246934256844
-0.11585059171378376,-4.032465588948044,-4.319108631185698,-3.6508813366264317,-1.363967887624419,-0.9294512618952719,-4.016802424268013,-4.263833385592983,-0.5505787670315208,-1.738706312793422,-8.037301236232622,-9.932408555166205,-3.6285321619303077,-1.0982583638698502
-1.2546941566552867,-7.359765049187882,-3.929269681985435,-4.023891396420045,-4.046324302720511,-0.07696810270647347,-1.7628378529681763,-7.73894357814854,-3.0134344843600394,0.2942072404620806,-9.657352499113141,-3.3668846997647983,2.9851332870371863,-5.257497320921249
-7.72656109736211,-5.252502692776714,-10.231546715643837,-0.5147179734393283,-4.754621211949627,-3.62773807593257,-1.2499596089187426,-0.1422921877902672,-2.922039348589293,-3.1385072551214397,-4.3357150049509325,-5.008870765107227,-5.088099615330264,-4.1712174855526625
-3.4530849642449035,-2.9811976204506783,-4.972487785550902,-3.1121307429362526,-3.3130506114181966,-3.0008527667774256,-1.12666994609522,-5.78957795816967,-0.3738290131351256,1.99089960584752,-1.331357975689441,-4.551323369436863,-1.464761221306369,-3.3732881722931323
-4.1097701387534515,-0.7183350384550922,-0.45183428490673716,-5.441742639905279,-9.191604094016489,-0.641800920916483,-2.9429177841142002,-2.5881893179311164,-4.492351918661191,-5.445524735130473,-5.159767767969937,-2.7111185478882383,-2.5822943033110155,-4.223240455556951
-7.971936205475616,-6.737506997040029,-3.1977368319921755,-1.6588858283479477,-5.282147111314086,3.1345840816590034,1.8371091780275854,-5.5936075790472515,-1.3937984410920323,-1.7376095281935295,-0.04008536339114421,-5.719493615150514,-0.38035137136520225,-2.1624326917883567
-1.6797962538014142,-2.370326269252997,-4.41389253202121,0.6282551081988519,-4.968945813439538,-3.3367965288331938,-1.688874482671559,-7.5959647614291095,-3.4118998099531517,-5.117942170030334,-3.7982303271181865,-3.2639274597142025,-3.622465228040498,0.7520683569253865
-3.860021619331192,-5.278751455440438,-8.574905214741552,-1.4673801626423337,-4.266263964494195,-0.5815111144990572,-8.004445326643093,-7.717526044963795,-3.415932902088511,-7.518025941887809,-7.566461718044386,-5.129073247589784,-7.076651636952777,-3.820858196530416
-11.932955898244678,-12.883763253118728,-5.0938213242745665,-10.658593519612001,-9.59604481174069,-11.374475956252425,-10.17185894105698,-3.8005663609421783,-7.027252382879297,-13.392580799754944,-12.21141601394937,-8.39480972827374,-10.090620544041151,-12.494004683792108
-8.819128794238472,-14.530347253740892,-3.0675739046692083,-13.861587632431458,-13.394271799068592,-8.272022033691815,-10.891892390926909,-7.103496075600376,-14.217991995614014,-10.214025506289426,-15.80868018467606,-11.08058734119459,-7.540953317968522,-7.675811464854041
-16.127559107017372,-13.428092230067948,-15.178455964404614,-14.04961309552979,-15.88678157205334,-13.868659424113849,-13.175800679599307,-11.829842519929137,-16.352727595177193,-11.917187138728094,-8.397804729305404,-17.61891563683913,-22.16978847906198,-13.722108011551754
-13.691466902108928,-11.671238247083021,-14.840019431005896,-13.549708243597484,-8.827359438594735,-16.267506854733014,-15.275679031928732,-5.914927215297142,-9.875835215725898,-12.209347986087932,-10.313432994586456,-17.181195197347687,-13.41917923864078,-11.159919612590992
-9.154142254571488,-6.801686639586464,-9.248583499886637,-4.429731948022242,-9.922618081734083,-15.274014085761088,-8.715093428717106,-8.52096471159911,-11.673600995277134,-9.649304760863139,-7.952894116112664,-10.258385854806663,-13.234856197700296,-12.4233084611767
-7.7992640677655105,-1.203353784875099,-12.413503542101187,-7.649647117016999,-7.647058976604698,-6.64787091533138,-9.846714262588947,-4.452601527933119,-5.919375669564902,-3.93007953175578,-4.019093176912422,-8.754050493246872,-11.33619485066028,-6.7840184552551195
-5.061363946483786,2.972846780910778,-3.115729792197161,0.4260155774214345,-5.809149608520471,0.9988443798980695,-7.2031885616624525,0.5296700121272049,6.389851302844674,2.1430270913984097,0.24708184483434437,-0.33878232974378375,2.2962820473345817,-0.09661388868144405
5.167569382298377,0.12794813000595617,9.142605001899511,5.704996756447292,1.6699678923480352,5.446100594029198,4.964639733873518,0.7704256457541154,7.105184950679033,6.381498109781169,5.950626560642088,2.3795592613741148,5.321713719918829,9.231508081770025
8.214147459571489,14.967900522901866,11.977754732840943,8.730256949417903,9.53994629170172,16.697986722225245,11.925471790639945,11.343796914964026,16.492771239967304,7.883167882160071,9.585602643290873,18.0737466105428,14.502158558438627,11.139744635690562
12.049802367196861,17.3765475567037,13.98028677980681,14.428114312225514,15.96386962981048,19.25312743760672,14.205607695981653,16.64703035855691,18.14030686653778,11.65090523523815,18.57635217522614,19.777019938410266,16.80215329362463,11.151752013624805
19.216145898649792,13.33512683161469,18.348106333462386,19.250810819632896,18.19491859135022,18.837949995479892,16.807970251815952,20.333741772420897,19.75831021812192,18.198763074800183,18.693300053697293,19.06018098826688,13.169094743515656,22.2202073618135
20.420670730858095,22.339106356666402,12.853626319632022,20.44504850944237,20.919639074975773,18.302332554225803,16.548390955352502,22.360548342673198,17.989746452575346,20.229724943382998,18.166420001436375,20.301543356527173,17.204071713171842,20.148184568136188
15.288786750792662,13.65023645692243,20.98874403458534,19.517085836513374,13.398608160504708,19.888305215697393,15.586289035467402,20.404489543678647,14.291597604481023,13.873431504028769,19.647113478502256,15.7220297987296,10.380225708568162,16.465832153359656
13.11085039934722,9.889075941134683,10.334764416772162,12.784821524009837,8.586181825584017,9.185194948014399,14.644828844260193,9.740200865057187,9.465116565484486,14.013183765019116,14.12371266727268,12.294960521118998,11.34432080015671,8.58654580402871
6.758218988114036,6.161005774766216,5.561702309799364,4.211610010061699,1.1552746182620472,7.633520191744483,4.788645223741039,6.660425180075126,6.08978439444832,4.652376011735754,8.55482299446694,7.717548525299099,14.749767134009154,6.13681951027317
-2.326013461085902,-2.837288816019734,3.0864105062254987,-6.19185454262838,2.7257959458651886,2.5016789953071745,-1.2381454477701404,-0.051336058980565036,2.6476479903671137,1.2079024576719934,-0.07300767439682493,2.069202261067885,3.6919894926245096,-0.45023513381606284
-6.345094083696861,-3.130549477932834,-9.879057355000526,-6.157683580476656,-5.970300895062953,-5.317986328703613,-0.2172055355320266,-5.983007761734128,-8.979723905507072,-2.911534156160516,-4.938271083952114,-6.382800058907733,-4.177713141133446,-7.957501620948933
-6.153778662721479,-14.222348320720855,-8.770693277286254,-10.416921145806814,-10.866363244787072,-9.12047966171668,-10.53210789434041,-15.847861091573927,-13.27175183247483,-8.850290617767328,-10.208039063576463,-8.162513930432599,-10.469685748182922,-15.29506841761911
-13.615398907223149,-11.181180514789887,-12.381551979870698,-10.835949437888118,-11.397661830259763,-15.448196155123155,-12.23895787405622,-15.34398625351036,-8.769151729859036,-8.909933477894375,-18.33827917877094,-14.271893814670804,-7.438268332196015,-13.94528268407378
-16.000663153144263,-8.88466443064201,-11.892474418897963,-13.071560504626014,-16.423473888604953,-7.494982085928527,-10.859512185850525,-9.457038616394975,-11.063127887984693,-12.065522752967137,-15.384935243481081,-5.662504289520446,-8.311525370647967,-7.941506548703394
-15.701498301162156,-13.364941852334914,-9.360523596286647,-9.9253241258997,-15.362354690791884,-10.370111546135762,-10.974897912943682,-6.240239896296399,-12.438515403396902,-6.178504469683962,-10.741804186386927,-10.749059436986352,-9.041031158048543,-8.024280411865474
-10.408803020366346,-9.725687322735387,-11.536686636290394,-3.9966314531770046,-7.331150040031887,-8.00201223142983,-7.462656266010856,-2.1606236587489347,-4.83019061238021,-15.132993884539175,-6.151872467300583,-5.037454839955988,-5.626966916218675,-10.538084671338613
-3.838333178189808,-8.673738164097607,-2.715615220817787,0.8716174066455844,1.1253034919353357,-5.024550371992992,-3.187871868128295,-5.094521121109311,-11.226510945395688,-0.4434979675107851,-1.0911600789266167,-5.614265875637739,-4.396157119588604,-1.9384862557600462
-3.5386727716639266,-5.8204606521403885,-5.908346288591855,-8.60429134573975,0.15394503580439967,-1.4992336667074877,-7.965029559899302,-4.235923753332642,-1.0032675772396291,-2.320067915041605,-9.691090699981697,-2.1705509131008114,-3.0548580836210317,-4.301249780613443
-4.608084852509769,-1.1228949706720823,-5.465129807341597,-4.8410730169129526,0.3185258873673291,-7.240848160908001,-3.84744430721151,-4.817692906907944,-3.5318238655331324,-1.872930383331858,-2.6336504784221892,-2.0031717703249705,-2.2894361490580337,-3.7014304901355453
-0.15185613440498802,-5.378097065436678,-5.058033997115638,1.838165488284691,-5.691652927578744,1.7178495563002212,-5.704612227228637,-5.3715756917617234,-10.736435956358285,-0.0318407167823338,-7.107849275693419,-4.204810695218648,-5.185457967198117,-2.8869617980727784
-5.896360543252907,-1.3302598655304232,-5.897268752898654,-2.743437299078715,-13.470886830486544,-3.3065237872876474,-4.447197828224732,-3.2547953969719297,-3.747056884966836,-2.1910548210472713,-6.148280232213446,-1.9511939149155868,-7.245167895941464,-0.8273145943561406
-5.3955021975936335,-8.962575108722891,-3.8267584161566175,-5.956426167866026,-1.519554431748178,-10.694125352430348,-6.628549458572019,-3.982417206878803,-3.096760890141539,-5.450764342142356,-10.102518886659837,-10.834329394921278,-12.531250343894381,-5.072190531307269
-2.48460226804564,-8.57554958998293,-6.20407128907371,-3.167386637223119,-5.116342675592727,-9.438252906913053,-13.6616531893238,-5.706270591906689,-3.3055256639923654,-5.647371623652304,-3.452540284826889,-8.006852815597977,-8.986754375043915,-6.26679315904114
-3.527234865204761,-5.201763480872154,-2.2039595516908728,-4.556114353514875,-7.7575064755979,-10.218035434558718,-0.2270344884148079,-4.369585387838631,-5.276313222303862,-7.688898217827534,-0.793068407312786,-3.016004420544438,-1.454897305019601,-4.012216201836054
-2.363754591825786,-0.5982158801323219,-4.134465602198215,-3.191724932291334,-7.519558053559177,0.6773641688086744,-0.2586770659859494,-5.70744402109333,-1.9268885644117382,1.724726895589194,-4.660735915965555,-6.639595668141312,-0.06125107913395578,-2.5518315961702047
0.8180775750159337,6.369986120860667,-4.12273882404905,3.2635702735407333,5.42154364438569,2.886643767255764,0.9096884172364934,2.4312285322468403,4.367795796342583,1.4498321925378241,10.574262872564837,0.8455816965766987,-0.07705795614831734,-0.4076640083140326
5.937518969388331,5.787237487000034,9.295691630988117,7.808038439087442,8.251303828603834,9.607933177432189,6.5441542399815695,7.052261307630509,13.329724834692314,0.1441057607855898,3.3376709668408076,6.286736081665528,8.919316502660472,10.976429662387742
13.027460427942986,11.959755347358099,12.210439485145491,9.588715651751572,12.430122686499491,6.701472950952026,11.295972268998602,10.233132689339376,13.756873545999905,9.935585547225323,16.975352160160682,13.650533417216979,13.753488926264673,8.371219966378924
17.148159995762317,17.294748224929233,22.774687949651845,17.010463384248315,18.601737119366778,21.150217411951218,14.49543425514624,13.970857828619216,23.787675019218817,16.961657451004292,13.682004798263662,15.562677912890862,21.927015403181613,22.739180661303514
24.321521201092345,21.70056774675359,24.523870604057294,19.131466843799476,18.876646226171406,17.249177928486485,14.748359189974718,23.156640405700173,16.928330952262694,15.386936747254918,19.753729819983825,22.27593292307181,25.012361442344307,14.485481163356082
20.44428751609793,16.739792773628643,16.523758356596304,16.17023178160863,19.74473080879706,17.413229442997558,19.92566897396999,22.587779229406717,17.12770381054416,17.88241095056233,17.654509930464393,12.154272389034308,15.2510561499228,20.69214530782062
16.883158842712998,12.028339946756375,20.31477386582447,15.63367597461498,11.883589545609858,17.438186531779508,16.193980739153957,17.194650144688403,14.196505607944186,12.952584085874193,17.57084719369133,13.470026776742934,18.68419682048755,23.371931486038598
8.970305604463665,10.932172494652733,13.853727469557553,13.629837331546097,6.607493092631254,14.359463026180265,4.937567191716181,10.183721725401425,8.044922298170176,16.443050437323944,6.194652683294628,9.969115008907877,8.371961006822612,10.538339376970756
6.973734926673153,3.5017340102841565,5.254455480471601,4.386645118238695,-4.0646527004006545,0.3733621541195653,8.598368157701183,5.021434253031025,-0.7143383558120369,3.8498250214173497,4.279355229011692,4.950862641869983,3.678553693728256,4.766449792923453
-8.69531885337989,-1.660099399414682,-1.7925224411467715,-5.611458559806391,-1.1552615353304758,-1.4604591203746615,-0.3435755781907961,-4.286276692336988,-5.069327454431079,-2.5666231878181183,-2.0865540447996516,-2.30683715028233,-6.89652449796532,-4.916300548534605
-9.829135338706656,-9.76099331166935,-7.346979075450337,-6.603331301606016,-13.552023485178509,-9.38774231529008,-14.075459009990702,-11.093116058189807,-9.944690740123491,-13.438436134657234,-9.479303516678648,-6.076000003780578,-3.5542990897352844,-9.8272602454501
-17.101377917492723,-17.077091344473445,-14.422096114838151,-15.131011284658406,-15.284448663310314,-14.024670458798628,-15.451752337540304,-18.85297329816622,-8.471865650164736,-12.733839917614102,-13.826446915581757,-9.156460946669533,-14.654614178762937,-15.475707490236491
-10.948057351391423,-16.68590357201888,-15.86670559906291,-13.340177348476608,-18.403348025720085,-14.757996970947053,-12.672462777666567,-17.70466289820865,-14.828794888507993,-14.147997666790031,-18.444668507566806,-10.694874128725067,-15.016270463847974,-16.463041331449553
-18.666841783131506,-17.692017913678825,-15.864957386803203,-16.07755389356642,-17.61892378354531,-14.167245857980024,-14.606895625478675,-16.80101128821004,-15.70206591517613,-22.65474090473122,-12.668458427606964,-18.06709965093927,-16.012059285758127,-17.013131960108893
-8.496453879094052,-14.879106017162409,-11.158909477472054,-16.10341594316271,-14.579636422839677,-12.701696198703885,-14.385374680839336,-19.66751787684149,-13.099999133240955,-9.348939242777021,-15.981097353588812,-14.469229372912269,-14.348394429142598,-10.33858084640052
-13.318896025953718,-8.537743996042188,-12.24733109802637,-9.558473454492322,-9.90895820199316,-9.670835290220705,-6.121809455104041,-14.236254496800619,-10.610716325335483,-10.338675237971103,-5.7739397192579975,-9.368172603412724,-13.027158429381304,-8.15263090494405
-11.249803005546632,-3.6096267294862887,-1.3465993457146084,-1.953433354826628,-7.09238313108653,-5.205083935894109,-7.635548666076504,-5.134364311071451,-4.999791060201111,-9.710193715359207,-7.225585242470927,0.6347732456285682,-6.650971300641636,-2.3462674504432286
-3.637589028749757,-4.921244054014745,4.159771851102511,-3.2286541229927637,-3.255192076104076,-1.5278907023522388,3.20908443969883,-0.17848855835834931,-3.348176329663689,-1.641733071974203,-5.666638695336765,-0.11708470630054602,1.1053816263964338,-0.6155103827620583
-0.08294580867374401,4.961897620094435,-5.007652081929459,-3.679224882836132,3.0414467758348516,1.9187726216977352,2.9353640288991785,0.4637046214581601,2.641376072067301,0.5974946158922881,1.8825648767450573,-2.4197713450336873,0.5996882986660579,6.311202352667939
-0.02311543295475227,-0.5947876656934894,2.569481091321831,0.4651958501737057,5.4393066640843895,-4.001330350467805,3.991872006260251,5.4148270100420905,-0.37376611738847654,3.8198898853012926,-0.7186506585739925,-3.394005232559694,0.3420178810810932,2.657905316121364
8.313328768740783,8.522938771434045,-0.2379994152037872,-2.897288223136975,0.900348010702265,1.8515563199695853,5.224916625013481,0.8359074233227268,2.6412705386788606,8.41073068919717,5.317871971892057,-2.761973543065717,0.8718468987442205,3.5587769625758234
0.9045318362313863,1.514253470551743,-1.2787511567403684,0.8038134906668011,0.22018408862579286,0.7502651324773795,1.9424070580883368,-0.045269141347616504,0.12914365314471032,-0.11663744762821548,3.1685539021223548,1.7240688711552528,2.6549321862532085,2.199495790589628
-0.6663768996806816,1.8521642608927176,1.2525193281769649,0.3065057014455663,-1.1237357782894013,-1.9778372544084926,-6.6654224207017005,-1.69744743717118,-1.6788561664278556,-0.9912296015171842,3.07186044373847,-1.1203081664477375,-4.300438301791651,-3.190163482666175
2.766700365060294,1.240048996094117,2.265072287940189,-0.6311235312754897,6.447586032964487,2.2277257363877805,-0.6610608865503651,-2.6223069429025196,0.6247527720211786,-4.940358247810456,2.57692330104134,-3.9262773109947524,-2.4489412601243314,2.1451468128722473
2.414697810732518,9.256018555712604,4.342003109876318,3.2732213833794614,2.9162737283067983,9.548982857399315,-0.7492291114766418,2.650299337778508,0.5999333371706497,-2.2143967670607436,1.6111446301932268,1.9412562376989635,2.220016793036006,-0.37851728541100593
7.384262291047976,1.4342404807426576,2.1361478434310843,2.2883602384772757,5.022965565089346,3.976257457679522,1.5093221584166612,8.14839586452933,8.230559458591888,6.370840083927234,8.51193395420859,0.754793815251058,3.045443836541539,9.538688332702822
1.812629879051439,8.699594197381245,10.88718771529161,7.2912095812211515,8.65836762097155,3.7455806560118043,10.366817366444142,2.8695093148100055,8.324918359906984,5.467011039034905,3.076573810238706,4.7691605356690365,9.58660009516998,8.335244700732723
8.96141158239016,10.150818966523842,8.142112601024412,7.900981299978652,9.254839802511484,8.22271695311447,7.816441354267528,13.836467721088205,6.038222958500223,12.58619032489979,11.193039798264001,7.308916198015042,7.880705937599265,9.302565332530584
12.498495111310387,9.205171809272665,11.379662334442283,15.371064319913259,18.468707830961314,12.092582249307766,9.033899887445791,14.906700911087086,10.014338269836918,15.03897008350185,14.263818694841206,8.04317841153162,10.67519969224465,11.460778891225155
15.10568892304699,15.565935069296437,14.688366261469529,13.90006403436179,12.59599576364525,9.46395143545207,13.898550451191532,13.582204357975808,15.925330832941192,13.744545342749213,20.318966027135083,11.50156957552933,13.919736917794053,18.991336783167473
17.915486568635743,14.970932151380996,15.39340617341726,10.108788882449902,9.89897031156632,15.541474755792454,8.92223806146664,14.285774205046378,11.238523008507194,16.341943306066206,16.053598439469457,9.626272863417398,20.36130427428535,18.28485463865367
12.43173848206951,14.464694220297725,9.70816179611669,13.584711289383643,10.667868683071411,10.665021816246,9.518959948172562,11.784615560766248,9.17661112202623,11.887867615583678,8.622223566746772,15.57000468260538,4.098536077750784,11.044489295443105
12.051246137754372,6.606599314814462,5.533817146929456,4.356270749176748,9.156996562704496,6.124657107713379,8.045581305110986,4.038734570892355,-1.1705399594279857,5.2714145562631245,3.813713462172662,3.702225648127663,6.242418745347212,5.047663120657306
3.7841817220214895,-2.5161759800969965,-0.19246834938600368,-0.7688717885846003,-2.0557286141106226,1.2738283344974972,-8.514861107816953,-2.1515612336376124,2.5958584441245853,-1.7160324005121856,1.268953547934713,-5.624456461598351,-1.1428853678855577,0.9341268343801175
-3.948577742657365,-10.766314380397782,-7.355888964341437,-5.823728274943692,-7.812169985634849,-6.257650715773192,-8.624918299804037,-8.62597239337284,-1.147242692471786,-7.479700035892759,-3.3004105404664275,-10.069241539117257,-10.269743292537125,-5.847604622714082
-13.118402761317611,-15.22320109983957,-13.943634571140551,-14.031754264049951,-16.580549064396653,-9.406473492909036,-13.681706271449196,-18.488559815359395,-11.209026673421326,-13.43494958701115,-13.017276206034925,-16.040079405031875,-12.249199115655708,-18.141325165657612
-18.68825250443906,-13.30136266761843,-19.881247046377947,-18.69592166075331,-17.514839204212567,-17.97634696253953,-18.84758237622197,-15.569387411713294,-15.597911284093385,-22.697311515343202,-11.735605704326492,-18.490480289140194,-16.523220092915846,-12.983574075319744
-16.552946388401374,-18.96501110437241,-20.353687588000327,-17.05280723712366,-21.71809565990351,-16.530937661561744,-20.601795196423954,-22.932059772099116,-20.97678616320636,-19.93319784991088,-17.913037468996464,-15.668998139632086,-18.6468838827271,-20.331521145796827
-18.249947753694983,-20.828873318362806,-20.984074085295095,-14.647183152003139,-17.289017677870667,-17.587457677314394,-19.850332154025256,-15.413566911133762,-17.364674806114678,-15.327603705561867,-14.077229245946896,-20.302280801117362,-18.82378624276288,-18.406081907988366
-12.61214804020676,-13.091978680453924,-13.099059584100802,-17.80364627756142,-14.113659816516167,-15.168773510080547,-15.369803137036591,-20.053627151651455,-11.543621839065974,-14.94978712240659,-18.17135975517347,-18.952735337407102,-15.18655729084321,-17.384921921220506
-10.377099604121145,-8.087190062973182,-10.92641380414222,-9.575970622781963,-10.298827062325907,-9.151368427510194,-11.295216923311356,-14.538954322650724,-8.166483461801539,-10.059498450069038,-12.271122043044308,-12.665616667631975,-6.265732561534947,-12.21848527698738
0.17257685482404295,-5.493261664276972,0.6037241590175739,-7.300655725677032,-5.926435673252346,-6.093697029093218,-3.7847293333929786,-6.911253390899347,-3.1998052776150567,-3.6096292943986743,-6.869763496012477,-6.150263418303256,-8.384883470650376,-6.2010996487225265
-1.932416398676648,-0.7453410912201175,3.27533800953202,6.142176618524724,3.0914279781683676,2.7267734150365435,4.109419306777005,1.7135943016097555,-1.8173559453148158,-0.071084076005971,0.7022378859198253,0.3943604602753539,0.027062980075164056,1.652910563374527
12.968900030163672,9.954030938927243,4.116092343754611,6.114542459209688,4.879967177389172,3.020902846416689,7.516651394965507,5.5697124882009525,5.006601408180554,3.3587624104259355,4.773572685849088,9.250248817203758,3.3615506267086857,5.89505028875056
7.727872136040668,13.285021806306858,4.199857174644299,5.742794487913358,7.008265009949037,10.627753274270676,1.0707021205602185,9.502975237645236,7.362238913977363,7.071452095128738,11.234478551118055,5.969809705122567,14.975983020327389,5.993453341018105
12.779367361635842,3.8015189157180966,9.313855194492099,9.788363531215273,11.520286287639786,7.367699746181891,11.483209884162985,9.869542299958061,10.048058412923751,13.835712442048031,6.2031434194960555,7.678446742929322,16.986980314820165,4.925869661403732
8.63386912290725,10.730844449905806,9.519353387001695,8.653765960314816,16.29015511333072,9.375812609118633,10.425808388953413,9.798885081491058,8.402728633359757,7.32785300916757,12.960684913061437,8.56929215740514,7.665768088679593,9.64996768044895
7.538616601640304,12.949685989113968,3.4113565652146978,9.380407735109141,1.816933730192849,5.172880528813717,5.413562501621239,7.598968010108766,10.57595368837135,8.897602686699988,5.343721924644958,4.272069333094038,12.338277813016099,8.937853722737602
2.597460477163776,1.6017435478313171,5.191295694261927,8.126212797678928,1.1396864091478625,3.317131912577247,9.60673569236976,10.425324616706272,4.643785381285454,3.1689552415365383,6.597528189561307,4.880430960105817,5.586972077062022,7.728081620326997
8.299480529440682,6.2627041726567985,4.493154187455793,3.0296791755194716,3.343589748873819,5.50454471267825,3.278053196518401,3.20721320536316,5.82259001455297,7.031534365961978,5.155154172801855,6.627587207905762,8.269117418403905,4.229215037757616
1.334011394434075,5.63504138007189,3.6128197185636433,6.902706672810048,1.1352237336149873,7.246057971348764,2.4360549616747944,4.126342434027296,8.263367849574571,3.2832983557975393,6.611781372099021,-0.9501974066092318,3.4004351237583803,3.132666024353891
7.857120714555081,3.3944110648662136,8.199438780697259,2.990329497591924,7.208678504153228,6.368028483769608,5.928661019138317,7.6461930823277,7.050011892087353,8.063768574442438,6.7282391624543205,5.827877046358521,3.4444735294857747,4.698259707297267
4.136141926563543,9.816457854411851,9.914903048192194,9.26426923188935,5.873076965031413,6.514042178171345,8.97789753267855,3.8507148662973156,10.12176927053529,5.848527026181665,4.963039870832122,9.01723399023808,10.690455490330143,3.5280441766963975
6.857334478094867,8.11812495572443,5.153517383121573,6.718316813355381,7.981260368273592,5.582187183719157,4.563681178865264,10.53240024854437,10.063664359347362,8.006392448502808,9.729383899557053,5.832282848870049,13.630520772978915,6.994196766272513
9.143322515658712,4.657392343817328,11.815797009061379,7.079120176402419,11.476974192588218,7.523833946186809,3.9099250385577964,8.81620123240039,11.046523211944926,12.342013745897862,8.530441831750865,8.37823249839781,4.469964479089877,8.83855781341001
8.110019914902443,6.490407413665322,9.361665916501769,6.954678688482859,8.104755165218922,9.07941044850767,6.311113271813764,8.22834087874539,7.066357812131515,4.979040109261577,4.046788054960959,8.854699881192666,5.8368730903477655,11.140997115003234
4.464275324791998,3.111814554999844,6.330329295984944,13.015371133004365,6.068171428073098,0.5644994119749187,4.129287940182721,4.371845052175065,5.6357740687633315,8.1822112672222,6.442927100681882,6.411330636880815,3.72501033282759,3.9101629401618396
1.9840749100097523,-2.667971834558707,-4.405690288401935,3.751631441084617,0.9673794704364689,5.154867976830094,5.5232257271398035,8.707415466080626,1.3750523382191324,4.11792479911707,2.094578008608451,3.446986703505047,-1.568157961018021,-1.160519495579651
-1.1480223485831615,-3.7057138709073367,-2.4717296975098098,-0.2874373911067867,-7.005681820212669,-1.3248597958537542,-4.078926772861486,-1.762085153514764,-3.6544579073536703,-3.1988902549073464,-9.248715293312866,-5.353574188949043,-3.732673302117609,-2.1797293613975617
-8.608174165071517,-13.907879190287966,-12.790219998121746,-6.9373820989103265,-8.480576688724021,-10.175923420634144,-7.325170176355913,-10.347000937601909,-6.246471828014305,-6.330778710260537,-8.806068247568586,-7.77532975459006,-10.725656524370612,-10.717723080670957
-12.000828496541711,-19.33676248159906,-11.759503619558137,-14.52743671646221,-16.826091401470492,-14.47826426494719,-10.860062805874337,-14.871170393253237,-11.509510979287816,-18.42471075491408,-11.617561329694206,-12.248344284321963,-12.49808359752547,-13.036644689912588
-18.108022727500675,-16.185776472693906,-16.43556937427291,-16.41803309912742,-21.45677432152901,-14.933855460722947,-18.747474407081658,-20.428380332727766,-13.687655304861671,-19.2201610271432,-17.554365046276136,-19.549023005324774,-11.566047362306088,-14.884483336230637
-24.19418491379232,-16.405259471152913,-20.807562323898694,-16.85339973639567,-19.306954297939434,-23.165423076774232,-22.170678764196527,-22.011363982813617,-18.260702247263083,-21.193549755877093,-20.765195262916325,-13.077491478024504,-20.83018199025382,-19.583008592099826
-15.029514765996813,-16.89918266121711,-20.411356903044936,-20.73288549196951,-23.047252453205772,-20.474808845079277,-16.730940551816445,-14.277691304106447,-17.148654492501926,-12.322655638293995,-17.132165523367398,-16.116961997405717,-18.613572500424105,-21.058672933217224
-11.584499607977671,-12.963179277319416,-14.921503189384465,-12.985524695801182,-11.905285086812684,-12.925988498343099,-16.58238884114361,-9.262049610130063,-10.898464144518043,-19.586870507571152,-11.865504275887208,-17.25633781152873,-15.827682543111539,-15.206018890065975
-11.649560196751448,-7.7347698864470535,-11.47741981392712,-5.002390433987034,-3.823846706360233,-12.790746645889964,-12.730271124739456,-10.95606102844961,-2.8994503654441433,-8.477054919395874,-13.945803186577649,-11.518400655434899,-16.169139504541167,-11.460040334624804
-1.1431254320459452,-1.903557991062808,-3.846717346153758,0.30362193837095597,-4.640197867521387,2.070771083942816,5.731038460778231,-1.593984732610196,-5.224358959143101,-2.502271845645976,0.7098963034876384,-9.471756733272755,-3.171923460916082,0.32090867197702133
5.8880915663731415,10.484252517684055,5.994589680269477,5.085886528837842,6.575066180840104,3.6701915675813677,3.5091197210215435,6.0525696416217,9.173686036943888,5.541241148201471,3.570393448707972,6.94371014236551,1.5245208380409148,10.202288749108327
14.243485081862211,10.531065946831243,6.30229728386634,10.489769733998239,12.233425674057163,17.05911705835053,15.301764035359952,10.14302096958724,12.005981325832288,6.713030578511325,10.736299215482891,11.405606828694076,16.19690809591872,14.168352274957062
14.727624180589249,17.283639253943157,9.534468483080946,14.372119769438424,14.32128542774702,12.58485329957231,18.292212731419575,17.100056534948283,19.754638696079574,13.575602699043962,20.292955364720463,16.285068135789725,10.071813001690199,15.60710538606167
17.71729560736586,13.180873587598654,19.61701618955963,14.47934925286191,17.458429018775384,14.319348121460328,14.970023956347957,14.302418862103869,18.166508164973397,17.491593205667307,13.717099529996604,13.596178309691018,15.015960247880972,18.21057728671986
17.269553647688042,18.96309833695206,10.95018354226737,16.18451156478024,17.782137420915213,16.62315292562676,17.630592113074787,9.37875863146574,12.677116678192139,14.005775318143693,11.23568295900396,10.772150419625657,16.108381484544026,15.056587200540946
13.05522861406165,12.8014499003205,14.313366068814688,8.037502579808233,15.234732906962815,7.443756487749675,18.675910384374525,8.129240037668536,7.601096509331247,17.465411496104107,11.960136221709842,12.173791616857747,9.107761926641833,9.29781960881786
8.340416524669573,3.8342271116613134,7.502769197745416,2.697890904037723,9.123671151721094,8.23530034432163,14.379770710063248,6.530117758828747,13.441578963521028,12.76476793306978,6.2902780923620885,4.7854454394995445,7.747241335846482,11.067495793941958
4.862246747172129,3.1849111070718927,2.000401853318885,8.556021063351189,7.210542890849865,9.044580251562577,3.5241904711904906,9.391765679640683,4.963409834765591,2.124329445732122,8.206217455737965,2.0656591688929486,7.672180946643746,2.243969324572054
1.038592878578549,7.020140890193235,-3.5234910069097056,-1.6213453886753468,2.306261767407145,1.252507066150224,5.956236695347846,6.443702148429989,4.843687804853001,5.30697241501379,-0.26894995006243416,1.2127224824627643,1.5674594977208458,0.5549639317698691
1.747896172099274,-1.1147288814991478,0.31724595892904073,6.107536046633077,-2.5072176928505283,-2.570712164519882,6.944020603921219,0.3171775320875744,-3.892017961910567,1.3133753879828154,0.9443962646915585,2.758311637166522,0.5095508236696981,-3.3877998278974593
-2.107102126816666,3.4035131188027776,-1.727796109252703,-4.175331059720396,-1.518077395198121,-0.5453986389055177,0.4580070968176675,0.2756714002907492,-3.822935430679105,-5.291686630171221,-3.6159268541843637,2.6487695451600413,-4.802008161058866,-2.832617096079013
0.1939310056843011,2.574569769150508,2.824180301714626,0.07476163702592464,-0.4267609652797121,-2.3780126226807567,0.22266407906209162,2.3430678513739283,0.35245185491332687,-3.2317860823594096,-0.7411271345847146,1.9116431694268474,4.389360852198451,0.04576145012244104
1.089442062182448,-1.6897187223539292,4.147416205917404,-0.826231918617133,1.0880556017467593,-4.016868631910153,1.7840326069909391,1.9770537363418412,3.4838026688485058,-0.28934798209898827,0.9359972013664216,-0.7243619661300531,4.954558468545287,-3.027281323555782
-0.37313764090817814,-2.9537535723721504,2.296261646890139,0.22480503778633976,2.2359748336954084,-2.814372952341248,-1.5376459819462243,-4.054556832044929,0.9798626401000585,-0.8079847219714598,-0.10717683470173212,-1.6406085644256412,0.6608882672241632,3.2924567054586276
-1.504751612847294,0.12487081988423271,0.48954902894248553,6.46136853981202,0.029177050270907442,-1.1976994471824502,7.421848232667821,-2.037499965861521,5.751641864535249,-1.3842804721421333,0.10009710363561805,0.3737791676836865,1.5295434079241048,-2.5525206785256396
0.26072267358075685,-0.6971354346356022,-4.129326861486586,-0.41436221432571996,-1.549774605124229,2.319340005603764,3.392555012079958,-0.6893177023134949,-7.647371182061461,-0.9051624660165569,-5.08349251773942,-1.2278299613202799,-4.898313386619197,-3.177937600710338
-8.234016223907457,-8.104802810100784,-7.623326091010314,-5.315486645181461,-4.116383402041161,-8.215002666217917,-6.142572675374483,-6.111006653993448,-4.2422788764827475,-4.617326183201018,-10.33749092265887,-7.530642381442938,-7.481618908735751,-6.496894011834085
-6.81740075962996,-10.636843638303247,-7.183074352881809,-14.078295389133956,-11.13855664516481,-7.644875392762943,-9.235202246950399,-6.070776047875251,-6.462000643280897,-10.402697776283876,-10.134259580922587,-7.35170939150831,-10.337517267690327,-12.406430840104193
-10.631340314019424,-18.33590755700019,-12.136997205695035,-12.486608291796367,-8.648808820668913,-12.870335533306354,-10.647631413581891,-16.848728421697626,-7.3195536666338965,-11.622978365479675,-7.854093347772166,-14.858369877519957,-12.52052983608682,-16.143989491419955
-15.098217713905356,-16.789435583720127,-14.246817944772811,-18.90375292267644,-15.632934529495738,-18.292174030238655,-13.176163165299053,-9.479700658354561,-12.769954712734787,-13.763232740059076,-12.021173719165665,-16.099607574124406,-9.713073430715534,-19.122861102023457
-20.604263681341052,-18.98261710504798,-14.23731089955464,-10.019436401137582,-22.169867725776207,-19.49625776031795,-17.804961211896703,-14.758413120405123,-18.057912725569132,-12.813626661702155,-19.19074731876237,-18.518543503972147,-16.795128520960137,-13.256497190734262
-16.115952556222155,-10.71327047890954,-10.42446684239582,-17.194399972643357,-9.60017713557893,-14.849904743337232,-15.131704806792616,-18.4138031480094,-14.623444511300644,-12.649795122089785,-12.30198175733264,-17.304149019756977,-15.578157173362694,-8.602518766167156
-8.5908850695191,-11.67390281476807,-11.972840197216573,-4.56160574538364,-8.88307759805931,-18.482753891519287,-5.5662321798337135,-3.9734249077218946,-1.6406365875481264,-10.778056431702334,-15.072885769436027,-11.318696681720303,-5.559585156961293,-7.70051381941631
-1.8656177113571077,-2.976121963788999,-6.652013314969675,-5.238247886348414,-7.826137528725933,-5.4774384010492945,-11.490526668766226,-8.420994347551986,-6.595779293296273,-3.4689258750975505,-5.495895038894626,-4.78335118535557,-4.078833176099073,-0.5389118651107028
3.8432006934886953,5.059704858453953,5.540456147028606,1.6575637279988547,1.1682634625761308,3.00382595614581,2.1300698932569557,2.3717928789273586,1.9485670811733369,2.4264279176559005,3.2701804231342293,0.5498784792379192,-2.3574149553310813,1.1819388874011292
9.189270520466689,7.749867000287186,1.2597585987908912,10.644146044033967,6.927577005212201,6.594366097672682,9.445022641357717,11.868348592929566,4.766221027602399,1.0157689259364044,4.927225824826614,6.3913320817417,7.7436981057003305,4.476421126534845
21.336893760178196,9.923767776203661,13.544820956555043,13.84261643699489,14.23520053603451,10.94776953485546,15.740930282418706,10.375402891819444,11.24555637870487,20.095737812190052,20.268428054762026,14.242074385280867,14.866157664524174,17.645431164538653
13.923667597194342,23.071478428565335,12.193575352566258,20.43825160444956,18.71964247331084,18.618921268637006,13.498840697822558,15.455176343308164,21.072060766143082,22.171587773040056,16.629500681773035,15.533783888395249,17.76136506581687,15.372494679159722
22.958784208957262,18.08051853340761,15.729833400213302,18.907045944308297,22.620916934638718,17.704852970727345,14.678578606833456,17.087457238948964,18.909547476632262,20.21330553379614,19.016672302526583,17.858210146446755,19.649043506942043,22.39570955394701
18.72354043738759,19.130640813986794,22.32694161001897,17.416290183932908,16.107811720907684,17.047041874167338,12.81388121339555,18.623649259852964,18.22553396035692,18.454900317345654,14.707170860795564,15.682017757069842,22.216987546725626,19.630706991733472
7.064134662107271,20.51305154392756,14.896134396856448,10.72537286892484,16.4881179118251,16.894118553006884,15.402064738520766,19.564393415371157,15.287459049844648,11.036504718754028,15.878561139139864,15.124893151970493,10.944751280289012,17.145149023991753
7.16541744455562,6.414855942322632,5.420327310047977,3.46577844769382,12.640955105266707,6.300809521464,7.362648749108441,8.732830621951594,12.082385305534698,11.669046930515623,5.859977624340614,9.032036992370122,6.525961492262766,8.595886649078864
-1.006185929639054,0.27404751062741584,3.7153601341009894,2.885592145487944,-1.3305367287945833,4.766484529755406,-2.903808115363045,-2.5832989377942077,5.566254366599534,-1.4130349615660833,5.88063851613809,2.851374316539969,5.526193678671779,3.89081158509146
-2.886929705275885,-2.062635463362946,-3.0542335864340986,-1.7451200164374476,-4.199110989646568,0.6363254781326528,1.0430053987604664,-3.429789552266451,-2.9746187275922473,-2.6020847557816844,-2.148823497322735,-4.331230832203806,-2.0493167842349775,-7.182541076824895
-9.292958252422665,-5.063828141619845,-3.334675510302673,-4.390155031747288,-2.9259682459721152,-4.5956266697251875,-5.433906606750488,-10.06774960661157,-2.3316763495304045,-4.6284199836747995,-7.378248643003854,-3.9559782892957616,-10.104851118916146,-7.480508770511719
-9.563535196234723,-9.947019040184184,-3.064407060774883,-1.3992466517337645,-9.010374422003977,-11.779440370575061,-10.78981278527229,-7.4452866854963204,-7.087386592589818,-7.684890036864144,-5.611381710205906,-9.296549847503158,-11.053178330364789,-7.852496601575324
-10.372021523533359,-10.316393561379622,-12.2132476673167,-5.796838007508628,-6.267918883454271,-10.331308575632562,-7.089959007070782,-11.478272593519739,-6.915444245146631,-11.641116723087483,-2.4751306764752163,-5.157437332901482,-11.262152512798048,-10.312923776584052
-11.602516197270091,-5.884102262518778,-9.782161068127635,-10.132472760440248,-4.832080538543469,-6.455801428277912,-6.035001267331671,-6.7221004903711075,-7.462433732776732,-6.579635722348553,-4.91431416481386,-2.828721353071307,-9.987658855883257,-7.91006536053397
-2.0641340864533637,-0.9522336659621331,-5.151325206426372,-4.791987474496036,-4.082470398719212,-2.987208450906608,-6.376363683066127,-4.6558054907761015,-5.477843690005386,-7.739260973380745,-12.211604439608838,-10.133450833154917,-7.276849275636362,-4.3493062767038655
-5.871591190721054,-8.779106504331903,-7.316067202274278,-4.127344060769675,-1.1946569524897015,-5.990181651711589,-10.97233620646647,-3.0939810256200255,-5.532294701996554,-7.826219597964849,-4.716980668027642,-3.090684787834041,-3.5759257741434527,-2.4053894714487867
-4.418483382496153,-1.073581767092378,-7.658336248238543,-5.35073261465479,-6.360308671632114,-5.901586276510907,-8.235929102277453,-1.7709247536698913,-0.6219083628237119,-4.1767457004340915,-7.271536542131567,-1.7703499355570917,-11.971092487263402,-4.276417945468607
-3.3856949190292758,-9.61636221325012,-3.0970385399176776,-0.33342731955511784,-5.9670915076877975,0.10678264753909694,-11.055639706963003,-5.762748401685245,-5.079216631444301,-7.772659958930511,-2.0009157485546303,-5.711699061656084,-9.351960413663036,1.5564194046585076
-9.608234914383829,-4.711580824857486,-11.07913954488194,-2.8099582609682887,-5.621706370804812,-5.520150592756779,-5.879253797775212,-3.2136934055170094,-13.214711222189976,-4.762415343045429,-12.304682619588116,-7.687779770574677,-2.1581474804477825,-5.740926662964246
-8.574729572625339,-5.456223776790637,-9.920637684088225,-10.815511812877617,-7.975183434850354,-8.632450411287111,-1.3181317911375894,-3.466260593913468,-6.744783635723815,-4.972674489335157,0.5823111366752096,-5.843008113917328,-7.843870363467561,-1.9037966029087512
-8.800667428216846,-11.97732744774714,-5.625117936934541,-8.996090932404563,-6.338921886129844,-5.948358130440611,-9.299808474505637,-10.845799656998773,-11.023925880591491,-7.260699020801864,-6.743631974683236,-4.603448215178044,-12.506547698592424,-6.115621121213296
-8.505770923060911,-15.929332715500422,-7.886189475055648,-10.581483141202783,-10.125913776664259,-10.388451647089237,-8.944731580970384,-9.608467530047172,-5.26762722291582,-12.261046150029612,-8.243205609136965,-9.628097712124397,-14.095827719395583,-5.762226904995053
-4.893477318756256,-11.997028216202658,-7.554247394741427,-11.857424266431307,-1.9205744464918428,-11.829244872496968,-6.051228068377787,-9.019011700518071,-5.862928717601175,-4.785658479447314,-10.79025622936692,-10.505652949790099,-9.429576273632138,-3.1551347883353253
-4.214385136670717,-10.764463067895905,-7.978018105998234,-5.12276123419857,-6.623625732751988,-7.051113473194379,-3.653042898523081,-7.2719738667061655,-2.3273684841715587,-8.665453676644,-5.296729859175771,-8.795885222302399,-5.822653853392002,-9.673267456350004
-3.7921865050009322,-3.8808674379424213,0.9965870953196845,4.388860205313459,0.524655151376646,-2.92113026084574,-1.974368191863183,-8.00027308805804,-3.6989182801321463,-4.411186729574284,-1.0329507193080352,-3.9752281056206042,-4.873134651366935,0.5091170736371202
4.1516930671290115,6.813687530170538,6.3170588419885725,0.6528796497491305,1.5473865895398173,3.466959673093156,3.8734532962647856,5.230068557157371,7.012176800394972,6.915455293120248,3.898473656802691,7.746662070996195,-1.9092271988315934,4.897169896674171
11.745156917288007,4.813971790573875,5.678687920483983,14.372796872275913,11.662056383889432,6.7559042715502935,11.751454575869749,7.188642816988169,4.796157574932587,10.697546056897252,13.715053741979919,9.1394607123458,6.487508735125996,9.198478928466725
17.508718775326436,9.676837594646067,14.834604753511861,10.86756583126908,11.424263192635273,15.561286300414721,17.800986969001546,15.373687549068668,17.135477849928908,13.354474071342828,8.232750468925389,11.22639051934883,16.676155675990884,14.739089475640547
17.776804197068124,17.245401700233234,19.497029077221036,15.786897132905217,16.408547595925114,20.00693265114334,20.033473966092274,15.772658868799624,19.25524868595348,23.42699506332185,20.32301713606585,16.22702813933594,18.243422969619647,17.211388473644337
19.024053581971796,18.22913818719823,23.386735167903375,19.19216226988321,18.509804441180222,14.220645027698371,19.790551700717586,20.05082292482117,21.079989937873084,12.629558976324695,15.755519721015057,22.785583748465612,20.94566938109609,24.706382440371684
18.028741116360372,17.580687750383493,14.80868991444024,16.449403285270577,17.111767798985213,11.32478518533763,18.60556149269905,16.475265330627987,17.53694688590438,18.442046588761574,14.605796769140994,16.825036419132143,14.035337728354257,17.376014324971205
17.245208202829073,12.970642543286354,11.169680949932564,13.688363420101016,16.24527854191846,14.693186963863205,17.096981901281957,12.083722041198198,11.258204346229412,10.780466726653312,12.485733765389163,17.039169565197835,13.021935428804587,12.204137104911274
3.5758470996410203,8.201351087808245,8.714180634187604,4.606440817685709,6.860505839454332,6.7715572928218615,6.471413514769906,9.30293539192125,12.29042910615484,6.173898772208275,8.517128824278775,4.690307326800216,5.362821696458592,6.304506284988765
-0.7994213290216865,6.088261963833324,-0.5788668721995678,1.2179710132274377,1.430167462613536,6.3936032498459925,-1.407648398090433,-2.711702093156809,-1.5458012009895632,-2.1920406317835996,0.9979251309865014,-1.67282069395194,-1.3114328815794773,-2.2476023095897304
-8.141311025301594,-1.7271540964987517,-7.708331806511517,-7.580440892824976,-8.259394756456093,-2.666049853375963,-3.1638369367907098,-11.85172398533597,-7.603078897043128,-3.993779576140317,-6.920045969401339,-8.303404619113087,-5.334398146796502,-7.612254062366573
-12.511058516583937,-17.19276147553868,-14.86694304686127,-15.092295630112668,-7.247479409412804,-14.912673659257692,-10.656462544311859,-14.056827297735525,-19.668161601860398,-15.339922868049634,-9.152104384213889,-11.791757515512407,-11.440926334585493,-11.253734631777556
-13.40926074777575,-13.149371803318259,-14.032914799417188,-10.247650561780354,-11.611789311443804,-21.398807517414383,-13.465247918138498,-12.691993302615076,-20.2433946908848,-15.495099401749016,-12.364797182159448,-15.676412087708286,-14.451714336406587,-14.66243401342673
-17.48908185488229,-13.808557770714438,-9.386224387151524,-11.300889162875468,-16.12305304959304,-12.267391821383281,-11.835184199986557,-13.768926226845231,-12.84180728257022,-14.954052832811493,-15.59554755909072,-15.253349492705036,-13.341379764601664,-17.288890621568893
-13.49182277431841,-12.30258538858675,-12.132638496329808,-13.490682788768035,-17.22247449922622,-15.290340745254039,-8.887320161021725,-12.733018962614592,-11.948546696766588,-16.81219327272799,-8.062201215537213,-9.596163668226861,-10.108918414937458,-9.829172603085738
-16.398603505111765,-12.359889084763573,-9.292105153774552,-13.120985880211315,-13.882995591360984,-5.779769142174272,-5.467196062009082,-12.930918254196799,-7.764657398034836,-5.747241530415483,-14.469171365413583,-9.83294796577384,-13.752465412048672,-7.819426498182747
-10.702932493734387,-5.944144729079529,-9.30668299191596,-8.49908710359145,-2.4539709500539644,-9.075880379021767,-7.119292709249459,-8.480991720803207,-7.122120185210324,-10.661016576733502,-6.763868535980828,-5.001194411086196,-8.609130447825823,-5.440763877942096
-7.033849739602962,-7.815572104118804,-8.606816960532385,0.11774724138414339,-3.893110451929342,-4.122367050288487,-5.832527967818139,-5.702381463103415,-1.4630184815772775,-8.218581617504952,-7.20282875596445,-5.1973739100217164,-1.9735975283588272,-3.981885833568248
-3.2846228431440294,-0.3291962208863699,-1.5268367067642443,-5.847762714470793,3.044592678792303,-1.7914496440482444,3.6536914276308927,-4.35478548896508,-1.94223596750535,-0.3899147439058539,-1.8859997662501131,-1.2367815546323202,2.1956104850025584,0.13972953489753337
-1.4564955831541242,-3.8647160154701163,-2.037233667441875,-1.0651374228721266,0.42467989838492226,-3.261885562010151,-2.7787705384283212,-2.3080594121079185,-1.4079164899237613,-0.006420523460450189,0.3357301135588715,0.16976694640843815,2.5420199907187677,-2.1724504757011274
-5.360180764197915,0.4795232751626237,-5.971820065762124,-1.4162593454843395,-0.6213994332380393,-1.7828612359221176,-1.2892253081513425,-0.36138958528938625,-0.24840449307857337,0.3059394761570291,-4.826472235175638,-0.918368173286287,0.7021887842379118,2.201766505228394
-4.367653577543892,-0.40888207416671696,-3.16711706808847,-3.455996596123982,0.8757799420236516,-3.1443671295845883,-2.1570185362951024,1.7357345236302604,-5.545046620418735,-3.8904346007795216,-6.1874019157425195,-6.080315563665576,-3.5022998526139335,-6.460081751628823
-2.4248280336379793,0.5626297085253444,-0.8865271879154233,-5.771671681498346,-1.0000735829770142,-2.9492494267551357,-1.8560521111961221,-4.982989122626202,-4.949410301031054,1.074037431121221,-5.285424939206544,-2.4359058381255867,-3.312488115276615,-4.032144665640526
-3.3206663346783096,0.4806369318385828,-5.446312882126987,-0.004368469585023682,1.9955642262385886,-3.9490011539668552,-2.9789953989304347,3.105815556356956,-8.10561314437632,1.4251456706150352,-1.3342453825813552,-1.484924516677069,-2.407377636903645,-4.658006289351327
1.169424655515947,2.4781208541122557,1.5306878464787266,0.1716226741367166,-2.171120049745227,-3.0241572082351817,-2.5501444274579868,-4.8279201233398235,-1.1588058120982943,0.03332426924895926,5.617490286870705,1.372866166887607,-1.722717915977154,-2.962828231736822
1.4701782673553925,0.08224737212547573,-2.1751357420391155,7.140525214757989,3.020100643388879,-1.2391613616772656,7.2440145902736,1.9970246760906272,0.5650301169641316,-0.45854988104091765,6.450784944475444,4.816013842167919,2.085698150735341,4.131341684865086
9.827229278625735,7.112238875938085,2.375455288458596,4.43377926075703,3.700897899577895,6.350780303093442,2.857666898748559,4.682027586655471,7.019525320198861,6.277825352908102,5.063254115618376,5.217674199627984,1.0905778272855597,1.0701526551780045
10.445095017655891,7.043372483595321,10.772264305821766,12.120700688775047,10.322910374561474,13.19463336710559,9.90525590910103,12.886173411079945,8.031936495983839,9.35106741560688,15.162232908790106,13.983807591983414,8.317162645136904,9.236497482540905
11.90597049188305,13.464368191963263,15.277279252020282,9.916824612934132,15.438186960211487,12.610506251013385,14.111596646739097,13.514112055247997,17.903931136510025,11.615864105087384,14.487196194418159,17.349130656526697,13.22393828016811,10.895691252059112
19.01275399221263,16.296510665099884,13.17145585889564,22.77763681521021,8.593883723188995,16.150191328316012,14.241652075067512,19.139823305241322,20.352085580235073,16.605797287184743,17.30926224697486,17.819022539862065,17.151761747975513,21.109554648289595
22.03436820997581,15.712037522697514,18.829399562143703,20.670236202764915,17.81063050084747,17.296383370628313,16.691024436647584,17.36809396751802,17.860528692822562,10.772642203540842,12.865415485729088,14.768859931168103,16.829471323363332,15.798560480507222
13.356695359941936,14.642054957047828,11.266535090332887,15.73226992876245,17.39121728048021,18.825826915288634,14.227683511562084,12.730847324129831,13.615621257816947,16.119159585533517,17.67252047629855,13.831393845283415,14.545964878022353,15.3219190089994
10.569896092368381,4.1818902485255105,11.182395297616859,8.152236672474467,9.725573836560743,4.8439158668995566,7.449908240977232,15.282579493201439,12.606937866797011,14.662101673598446,14.950065951221056,12.312160916904089,7.489062093035308,14.203513915653112
7.448524392878415,6.083010060066914,3.398977412786505,6.42468789835096,6.486565999096436,5.547432081971732,7.01673026095021,-2.9323734836489095,1.4722431763007546,2.4455976254444023,6.196936294431858,1.3374744171510242,8.679958666136766,2.2343281679216918
-1.6679932754074314,-10.965289444799684,-3.792834802361294,-5.777889684623173,-3.362537242192783,-3.3564210892476374,-2.7896024700149926,-1.0432197006420396,-2.2386423384700516,-3.190276889520221,-0.4674844235622704,0.5849309847295228,-10.789546767537953,-4.332856524482933
-11.075001200624387,-10.43307008744349,-12.081421283133714,-10.948518340219142,-14.537655007150123,-10.530652626081118,-10.248816929530262,-2.733137119314959,-5.627203593057946,-12.810163069876872,-12.269770037941202,-7.004070268569337,-9.973510565578838,-11.676445738841457
-13.161404222833356,-15.613217477593611,-14.675638787974556,-17.946872186542222,-12.895750840014873,-13.574210731206646,-16.718807385332138,-14.504807472033471,-14.890280705406159,-13.494954121258498,-15.326349704375062,-17.897549130666942,-15.205279977391383,-12.450514789655546
-25.765897771016718,-18.826498419936947,-14.739294617260693,-15.818088073183368,-21.527017129928574,-18.716288795072273,-18.838996565247616,-19.409305988904094,-13.136937675695787,-20.77339670188331,-19.365409552844326,-15.077153323849881,-15.392068441740761,-16.616445128803942
-17.56232795838323,-17.94611925139423,-18.95830376000586,-14.72645286530672,-18.764590821873842,-18.596337825428098,-22.696408553859218,-18.144350728620815,-13.646091614115734,-22.227106046321666,-26.290960857179915,-17.72521612810536,-19.183548813479938,-23.59481206821603
-17.891812603506516,-19.677474743409533,-15.91751411822905,-16.412125607986233,-24.369192740314745,-20.428056479876126,-10.570554655148081,-16.605891505410135,-13.89073841475593,-19.004301260792644,-15.203654391917407,-15.063982459862602,-12.804802401026539,-19.477560603508376
-15.18015585069952,-8.217466112012755,-13.188747064901953,-10.064149427406006,-17.765752360013884,-14.05768770985016,-16.220994441520272,-16.94589973421013,-13.63709027054876,-16.248080635099114,-12.5807656861953,-12.825260202655164,-10.763978888347001,-12.420957597226998
-11.343513369138037,-5.790667076726278,-10.85861264532928,-9.876505457882754,-7.695557840409002,-7.006126538401849,-13.996940679616966,-8.397025264764975,-6.898757361001943,-3.1186743573730356,-8.372068884306545,-4.594688299025761,-9.165742820491303,-9.864105792060915
5.298444310198884,-1.310323241177017,-1.497155707394007,1.6473903424080403,-3.5607843718791012,0.4134478758689699,-6.543024629017492,-3.7576753666652545,-6.2271397768782535,1.6513021280766482,4.37345385053014,-0.07700174507112933,0.4598379680106035,-1.517749566712575
1.6549660204082492,2.141654466759113,-0.5430761263520467,6.701350868977637,1.9979286912644052,-0.3258147035209946,-0.0720101499799739,3.1872708839902577,-3.1690719840688404,3.7845875920968552,-3.781132934926114,3.8965315783784775,6.749691525062873,0.19344065585377113
7.14060597171537,10.918388895123288,6.049783366777603,7.49142028353392,5.906177048458273,8.26624805507577,9.710389598823461,7.269276168446925,5.539257676593861,5.421234613190412,1.7240803339234905,-0.6335878642504778,5.554014166986175,9.241132707898442
10.503378555717001,4.118686823534448,3.260850973310095,9.767418798390022,7.600632336121862,3.590430703496991,3.893672539731644,2.670959139209138,8.284007486498968,12.075322009336382,4.08701020792699,4.160860058053943,6.023890349913106,3.826135857188215
4.044563347578446,9.647280263842376,4.886042288433988,0.9369030848764721,8.127286107092264,8.108206272775949,2.80256392808483,3.7446518331685335,4.095774942566937,6.323857473668234,10.741651672954186,9.459202800891806,7.598754990601596,7.392731919479834
6.731549220010887,5.660183415610359,8.143040485158082,7.3588013625110245,2.2467433751739487,2.0844594215222454,3.1445821036992725,4.799181940105351,10.210874652096628,11.825630661070115,0.17696675145195861,2.001633710567221,9.055468024449826,6.477225301876774
3.587067231337024,3.6618676561179604,6.236853281093751,0.7552034439393172,4.479860662452016,2.3874022940479587,5.691294742468127,1.5142577140712552,5.335575652100788,-0.8030915099806082,7.030270549346024,4.310042782904531,1.6909815226467888,3.6622919204643054
1.487159020192641,6.8407401708271145,0.7331158901020092,4.007576433241976,-1.4208531519989966,4.349073922559641,3.37029393495998,1.0439149743392147,4.15618284214857,3.6091139838058193,7.35474624351788,2.0893149019391735,2.9841880701166845,3.5992676447853476
0.3397036870783321,6.067602991087814,4.727081029561808,5.347077420267795,4.588873523875438,0.022177727835997363,5.988720233643578,4.384121826622463,4.31588589781712,3.667848783392511,3.476308623664261,0.13203684393446835,5.995892492661629,0.3333634948842552
8.457028788351654,3.5637095500583325,7.609027408277253,9.661272052366115,3.5684187854717693,4.584842123013632,4.4261009390211035,2.5884555144666304,1.776898449257569,4.856876231106622,6.8214319378361585,13.883085202518453,4.774663695192416,3.047215693795098
10.27671441446719,6.445092593785624,4.813538572997178,8.201271562659649,9.018013629495377,5.6187943027115566,7.178552074600191,6.50936101358839,6.270882053988457,11.23998695930057,6.703447538164204,10.338762600065174,7.857741981562224,5.615916854532593
12.09484982613123,11.111169853566429,6.932646943096909,12.302309039412213,7.810031367790326,5.61153318124949,10.76991306956461,7.373591407336086,14.4601116915069,9.269506889253888,9.926011612400188,4.059910461165764,7.894494751372749,8.15586303569049
11.707518982252468,12.564044280853004,16.230880882216937,13.084795721512133,8.540667171142474,15.97344106654343,12.579364912051098,7.704798195545276,8.631989600095086,12.191469550098448,10.425103915083099,10.352185551127869,9.538122460276975,5.461325444979902
11.248002480765097,10.25759693973504,12.682651538876062,10.320029820166262,16.01198338051629,13.120568604629755,9.192498895009596,8.967891326987157,11.895138332445532,10.563877965141188,10.023297554748007,10.548455461114946,5.611530933207715,9.678404816979253
6.345254969961802,16.016593498533613,7.491162913697984,10.951388109350297,10.005256898436715,7.121801623535984,8.375830941574998,9.97266600061007,16.858913946116736,10.886552577487247,9.140358348337744,11.105752193008406,8.638089514930245,8.821457917699231
3.7315165360916884,7.340435248843485,6.613079236513798,11.247842328544898,6.440684731329373,6.615909519066533,7.763851710987668,7.849813453395555,5.527333842539045,-0.8473083711489222,3.619505162439753,5.634385779342427,0.899133732460311,9.957650255358285
3.094161046181002,3.501940918049386,4.7630812183716955,2.57995792140748,0.37054847832320803,-2.2893504175860326,2.5945560001558774,4.37846727636865,-0.6588024501181535,-3.133572359156141,-0.7847071020002279,2.943147753655627,3.2925860926368817,1.1811285864258636
-2.6957651539926117,-10.800515675095925,-6.773211701945369,-2.038399758255369,-14.555310139095749,-7.280427601135922,-9.890134285150534,-3.8617336698014064,-6.225827692892251,-8.563422307522584,-12.225324252246045,-5.4553793714325405,-6.735533414240347,-1.4813003069246964
-12.713864417963423,-14.34543171985968,-9.617833609777604,-14.770604115295466,-9.666619068966664,-7.217881061922583,-11.028344497973047,-13.569916181285944,-12.757798002611963,-8.388571742296742,-9.777000173071364,-15.767284078037196,-15.74530324246178,-8.80833137878572
-18.633152430413084,-14.640421841432623,-17.197023622285453,-17.73066444631348,-13.324858583689478,-20.88823118642889,-13.340570305062515,-17.042051790961768,-20.200684450073833,-18.4987526997787,-14.252903552853258,-17.730788405343308,-9.300183668742397,-12.960944255329096
-21.499784101526522,-22.95314460091681,-20.677720071748578,-19.802892159621596,-17.419338025703556,-18.272071654912004,-16.079508852104,-15.615921398033418,-17.95996188123098,-20.420108480861618,-18.46654815417756,-17.280474499361567,-22.887151104597123,-14.849100600483196
-18.704169485450002,-22.699856224767927,-22.248199511150816,-20.326152128362654,-19.321785798259338,-17.842443698972716,-16.76482320349368,-16.779145049862144,-28.34400922529192,-16.836420483951702,-13.073195862325429,-18.473103952768597,-20.157794753959394,-19.132914778170544
-17.608284670310272,-11.702167887129114,-19.986266295405304,-16.941530041402885,-17.542377026882715,-16.0939653171052,-20.988224254647264,-19.47160879392639,-17.159586162288555,-20.736285280127927,-15.359449154457002,-16.141401193281894,-16.108149436197778,-14.494324759586728
-12.698394264853228,-12.200863707463254,-12.487313278378798,-18.66290715024231,-10.830024504415896,-11.525795305348403,-11.485240872826889,-11.207191965798394,-6.511599012551846,-9.481370136851162,-8.040111296314954,-13.898991311690004,-15.264267284623894,-13.91339964963846
-7.475727462768953,-2.9402101724884764,-5.819252677797087,-6.534582938357053,-7.528456520860455,-2.3217627578789086,1.3426780385960138,-5.239061168144644,-9.684461324966147,-4.862003152922817,-10.884707540441372,-13.83043424834651,-3.576790745373409,-3.6798054511039364
0.4764968408266868,0.3738929751939522,3.6832102478807998,2.471566182521433,-0.04574582746205991,4.985952720730818,-3.0548169274198553,4.662739610163754,-0.7845561718747471,-0.7100841339663451,-1.1690480064107507,1.383706826327678,-0.2890284435811701,1.3366211780312705
4.686715736187459,6.1049330612036945,6.411640331516368,9.564624687379487,3.864544333147453,2.6005531399217316,9.832125987262476,6.441172857907328,5.635571402855555,4.761377037714494,7.564048143531548,3.1687224945486454,8.801447184131625,7.947591048069194
11.40503294095103,12.161616945276315,6.6965079211315945,13.215344055801875,17.227285231696698,6.7853991619280976,10.93890907374039,8.24587228399936,14.489253322885682,8.818855031903412,12.987033680444142,7.36014934488958,9.51265650170722,7.874421958106366
13.427722409046874,14.891295572879647,13.350484240378714,11.48405850343637,8.566949454244249,17.291389226916152,12.02407949408658,14.862117151268448,12.278226152213518,9.546472510866813,18.313698231197357,13.374408052297698,13.400440096427957,8.69843948500871
12.759356695181944,7.933206168805629,8.571859501696219,19.343441132473128,13.219415528510034,6.302233090753731,16.069394663451206,14.1244104741788,14.924138197741652,13.676186571564708,12.830635340524752,16.660516811363767,12.697625413369854,16.73509792870437
16.597235351321746,11.312290421073074,6.86120857650712,12.283631088597959,12.27128872819684,9.96727668144369,7.317931288985254,19.676865814578882,12.109847197016288,8.668928525203901,12.7327658210251,5.449817751719522,12.198186443554524,11.415772409165232
6.260885776482264,12.564599265213044,9.727282084943907,8.153345450414436,7.125105492253295,6.712899647393737,8.846465874706585,1.5677921224312925,0.21322807917083964,9.153552301497843,9.4217565853224,16.991363594796375,7.748799707098686,6.072927968790039
8.405847043633752,11.903285096668863,7.249809743381814,9.744180244171975,6.475852893223475,3.653585659745922,8.769967816149384,7.469039964172666,7.569183442524832,8.267745399364014,2.826567409459102,6.640732474705398,4.072279372413464,7.193329344072408
0.2615377349056005,2.374438365734242,5.070696147966888,1.7029550567377516,2.4853507710791343,3.528398114010419,4.865452703049593,6.648715457484983,-1.7541659889572543,3.526434947063855,5.412857827383227,-2.4040905509030512,1.7068999590429499,3.708010543696569
5.407486615224183,-0.4275582538692806,2.0094953364405894,7.644060954357554,4.145949949986564,3.999383842399179,3.6620938227742394,1.4558305180649311,0.5219002994581148,4.052137727913862,3.4568573632069874,1.3876632346667286,3.8451778420322986,2.82907599496904
5.072664551749026,-0.9560812545532742,-0.49275064294877513,-1.5357731964655725,1.277674878711918,5.655850720469233,0.2197589564764404,-0.2668480187507809,-1.5145618582747153,5.5574360705055925,2.6220191386012424,5.916892264944878,5.558587308616041,8.452439579891085
8.21004396273733,1.438385417311957,-0.7109023696988448,-2.939143327440619,3.6796793272275403,4.840063616453175,1.860253736040376,8.506268186911242,4.54976507218355,-0.47998422517531747,3.162814915944098,1.6286441493902015,0.25136029452731856,2.502262029452987
3.8917498790319143,1.5592863308544151,4.267426942886995,0.5349274609987811,1.2342488752369012,2.4341014358609674,3.671965012092771,3.54419934257488,3.952089130057731,4.335742568082764,0.30424582839588954,0.4484334715362719,3.0952891593409824,6.6214991022821845
7.335611969672038,2.8105116460937123,11.366906750797085,3.556589627385435,6.886015611196763,4.0889171110851255,3.6706835594684115,7.004524565543077,2.336400706961906,2.800454954678674,4.601868422836287,3.9429650030067425,7.243595651992045,3.623361735231251
-1.7581392392612143,4.416136093909402,5.1225802619681495,-0.3828217848453481,3.8779844048725827,2.7879712339531864,2.4344411091500175,3.9811403402648113,-2.888632840433506,1.4596368411877627,-0.08189521926242094,4.213020526775209,3.2890118689303405,0.5791962371075075
-4.127615563349726,3.166100400601135,-2.8641157528803864,2.5770287129259906,2.2962301114729984,4.994675003557295,1.6335502068699672,0.49811240883466357,2.8643808058030036,5.772590810693255,3.1005501574170706,-0.2600562598019036,-1.8329188100974498,2.236708135730604
-2.51819308872675,-9.612604429869116,0.3120525092397477,-6.6515209862567,-3.726366416435685,-3.5680847606874364,-0.9841596261913663,-2.2877462322206736,-0.23558105626292658,-6.838510117984067,-2.5854589156814827,-2.9530166060993777,-2.5186046869242165,-3.0833145314471304
-1.7919315450487883,-7.126969729774848,-6.77364357260252,-10.880185953159605,-5.710068137138182,-8.245384307243015,-9.758319854422538,-8.468337911398907,-3.8159044150410075,-9.936934285175802,-9.328026921631306,-7.374029828427319,-2.216463848893368,-7.6197686120130195
-11.640527230967276,-8.905026047302329,-5.7632159983882705,-14.839021516592865,-19.530072852771703,-11.118240073600543,-15.14117112251191,-10.085159974897854,-12.208351172661116,-9.745101876689015,-8.298617543027369,-18.784759923089315,-11.652683064927416,-6.839016139826737
-17.631656777147207,-16.028718478553902,-13.328838254362577,-15.618398231571815,-9.105622275662538,-16.576031254923823,-15.836288411577337,-10.34749236452943,-19.61838586173453,-14.717326638961941,-11.511775296978172,-20.001025000390918,-14.64562031236197,-21.301319271913904
-23.45231462166568,-22.13862695803074,-17.644464459646944,-16.90980886062161,-17.910095512958293,-18.93072752542189,-19.004310689268895,-16.75170814898475,-23.6464870791252,-14.24985248650384,-17.32662382868886,-18.712580342080088,-15.292274706536759,-17.146001378892798
-15.950521377879685,-11.540009914959175,-16.81324740775335,-17.15050161740598,-14.360726375541784,-14.964537804305692,-19.366200098143963,-14.464144722745512,-16.723920224236636,-12.119896610960584,-21.652072228445714,-13.786410542574416,-19.84949096516,-16.114232331921855
-14.424034691611224,-13.440207791632217,-17.52027214734783,-15.410163739960822,-14.493400711663078,-17.64627838757483,-13.65893990611521,-11.124225755448547,-12.055063167170914,-17.585699741626755,-12.581187345509939,-21.128843235628807,-19.808918340639174,-17.634818532106205
-9.782444905206345,-7.46361908923126,-13.176415331779102,-12.169281767697726,-3.3553206126186907,-6.117335749402007,-12.457547856388693,-8.718323411141805,-5.8745667598353375,-11.911854901926226,-8.752202447078524,-5.977920634592526,-9.627862637015639,-12.300187017880393
-4.620294981568542,-3.908315751077657,-5.435608907704329,-2.250664337170307,-2.1481827673638785,1.4529457008597007,-7.559143051765326,-2.9534329345793124,-2.84620032213925,-6.370520277956233,-2.6322757486367294,-2.707845915133139,-4.736741235652193,-0.4949216015670972
4.965192951144925,11.8257129485869,-2.1350538719330014,1.0762736010546332,5.01779472100972,1.7474606246693183,6.859786308182417,-1.0175454353109084,0.99776802577595,3.828148165253202,2.1945671522909302,4.60837417656175,2.02377314120889,2.9200577221972472
10.325430189042194,16.542761397248128,6.874783838160379,13.147735802586606,8.988871863651518,9.638276338198676,10.753085028915986,9.806292084551032,4.52703640891413,8.524980666588629,16.04414883672656,10.87353378532522,12.619863515708042,15.544054186876846
16.570343207897857,11.939560169996126,10.966420032395309,17.74148677133915,9.995325070222101,13.055045583674982,16.741401851478,12.561946695285165,17.700626628629404,13.889223878497289,15.19697533418771,10.537030342668288,17.123557746086924,20.392832480178175
16.893379654203265,18.378212490896836,15.227264430800567,14.63062155352484,20.586204829456126,19.313714246186038,18.08753621935678,20.72894654372506,16.638402370045853,17.257845480787662,21.602703916135226,21.70390435959629,15.410167658422925,18.633854810129158
15.033110049815315,19.9644621873025,14.756724240457912,15.834603581139637,20.5702341473829,16.894798737379617,13.909029506694798,16.926413586384477,12.90932665351308,22.202052077442215,22.86757803357063,20.168263249233707,18.40951378177892,14.540259491270506
11.997028814491667,19.725249103446668,13.334942753073467,12.209187927332692,12.636047967665954,18.398862595594892,14.784509483049064,13.559817065398942,11.853273375542901,13.395622692943235,18.447382264593898,15.366917258482847,13.579188866785538,11.6311743146807
6.743502469202868,14.284331270329165,14.918886833221304,12.749555200497268,6.436421696744437,11.597516152263687,9.222410797447033,12.233858807014519,7.907342407098055,17.00633382525735,5.570546982565646,19.515412297737722,13.997195503711895,6.809144346600134
1.3294755190538377,2.1714180048496363,4.2505754812097045,6.314982528168459,5.9995648671789334,1.7954482190185965,4.307082531964095,5.844397251824977,4.784204813837787,5.092897000150206,8.514811881457545,8.697391715386996,4.967624900364322,9.211401419856683
-0.03083075724205475,0.3178426996864774,-2.2437850732502103,2.0437456617030976,1.0804079686573,-0.2685571017870383,-0.7847480308253556,1.2019403825583779,4.41115394035651,6.289247104574183,5.970576505834295,-4.807547802871285,-1.8347502397893476,4.923917518040904
0.9600698674927326,1.5356008608772589,-2.856098948300074,-2.654366968929653,-5.203088696275753,4.2874816438077366,-5.176264130073048,-1.7226227792667248,-3.0044673101602886,-4.329553531945205,-1.8987519173420577,-4.53348470965452,-5.6733658232689805,-5.67005014090092
-6.9815451112861275,-4.197943935584067,0.5805854146181617,-5.217978041568516,-5.322674722101963,-9.832866235994722,5.048904308018688,-3.556937495466636,-4.873143105399951,-5.333503380087285,-5.456560841973852,-4.804336781978121,3.247283640476333,-3.9755250943156124
-1.7848257138626944,-3.132312287175736,-6.832169988844262,-4.633888175401491,-3.120618510240574,-7.981029445131142,-2.8174382650651837,-3.7707353725553174,0.22560407957821393,-5.034193164599957,2.71210389312561,-2.8882363512307814,-7.9710623775269625,-3.854499028567992
-5.696541272964385,-1.939215144259985,-3.760436464778701,2.3272415999589677,-2.6108203695771253,-6.279673279673492,-5.25743697898689,-12.36320528720054,-4.388460069181042,0.8403376366738495,-4.219786689976349,-5.634477164232115,-4.598105320095267,-2.523915576327356
-7.177064176351899,-1.501291632075867,-1.5829485895365534,-7.639984608179722,-4.567691133240077,-6.721590547051922,1.6724058162337432,-4.353657358819293,-2.0838120294113702,-2.520492192607357,-0.253077048486019,-1.6800852960134545,-1.5279904032116187,-3.040874405556194
-3.996732347633565,-6.421919809418659,-0.47183845799668855,1.8514944026371607,1.1626156012389437,-5.3774715018227175,-6.708632245793717,-6.010383124670898,1.4237503641443139,4.523600715048842,0.29747844218989794,1.7518429771760156,-2.035630514390314,-6.278370638694241
-4.410630444920217,-6.624823343225858,-4.842193607286577,-4.73797544508126,-4.051578630238048,-7.685143749825752,1.684912118503516,-1.5288155055479185,-9.812041386463427,-1.5909820651326578,-5.408225493728777,-5.683300277791689,-1.6334160825910586,0.15329955917961335
-4.693557854430562,-1.4041683130109952,-1.9017127660413817,-0.7871542044215545,-4.457273717005179,-6.810188626929939,-2.7417233580223996,-7.593069399911994,-3.070130020756814,-2.1219714110468857,0.051873282219419004,-5.9511196792796355,-5.494148673445078,0.6177221309230712
-1.8144808126572824,-3.2920609853889973,-5.137424537511173,-6.431284769641271,-10.711534813461979,-6.781226505737752,-8.848090381078366,-4.551348552032863,-8.189084912952293,-3.148638741163563,-4.241890442318285,-5.860556172567742,-2.9497477260446314,-7.782246545159182
-3.4755726821183757,-6.149523122769158,-5.577783210215156,-8.454432586568934,-11.417794739626746,-6.777549559012784,-8.937244321481948,-10.37873780080511,-11.849762571083124,-7.94871688222123,-10.942910270228545,-15.200348390293104,-1.9312963313980793,-2.128853623227908
-6.009582624010812,-4.460472375314813,-14.737475983444039,-10.257371153937381,-10.970239651884224,-12.652205235081327,-9.289627186459581,-13.299437016773386,-9.30938951424523,-10.911236436816532,-8.89462003557489,-12.512875088377537,-9.503734153920405,-9.184346317412935
-10.894180014051962,-14.17326869714848,-11.41064028389495,-14.932859850708784,-8.228802622379472,-16.16249576511201,-14.022155843302919,-9.63088769622141,-13.567012559612103,-15.719410141456851,-13.612683727588239,-14.08094963933558,-15.29550589942405,-10.61746096164929
-11.883240591412111,-10.50754387725516,-15.943168161223754,-12.365338359651625,-10.162959403038247,-8.971047585407002,-14.618237095707151,-8.685680846261585,-11.874840927510013,-14.001783252041495,-9.251536092756265,-13.306282230282813,-15.473123773907304,-12.466978493193126
-16.565969283830405,-11.332319262012057,-15.89982700917492,-9.746620710728903,-8.129811356414661,-5.3319974388986475,-8.359903133299168,-8.703023128430369,-11.71912266529808,-12.325636419735917,-9.593206554824176,-10.661197922391558,-10.655861532154775,-13.126619524214071
-4.7031631280827195,-3.5349146613817943,-7.329948450667243,-1.1560430926357572,-3.4962170619474846,-6.037167536036648,-7.18519274063717,-0.7921844806921978,-3.010130945755243,-6.425364378059104,-11.31754210592484,-3.7485817242811854,-8.705080469803598,-0.373172759754266
-2.306590830446998,-2.8152538731360037,-1.9072467850878696,3.6502721232060082,1.6358889310377758,-6.058383058969899,-0.4521653517335589,4.4332649780641775,-0.785600728144429,1.8310165141391863,0.007279402211620045,2.961137576522335,1.095188751264586,-7.03377913869828
8.400424018949781,5.202500362526192,5.531264775477606,6.356095751147625,8.715968991924571,8.61947962075573,7.875071589692499,4.201168712873437,8.44156887630632,6.315386203565759,6.702586924945171,5.251950701306258,1.418638794124365,9.18394413161264
11.641280633189393,14.167138873034329,12.285683870529391,13.252859645274937,11.904584773229649,13.517510821529479,14.865126910770726,18.40627972183438,14.269732055448102,16.721325856885986,14.223052555210941,9.141356938628114,7.502575894828364,9.856795996123939
17.227600610744744,15.789357057869633,18.713537336091825,13.247623308603686,20.279805924898653,20.47448506738634,17.20908282600181,17.052206117657107,20.34577177537576,21.791534278881134,20.027183173683273,17.78023697342102,13.550657926045865,14.953497468195238
17.421995587813157,21.397239356773664,19.605680986825117,14.843185144118795,21.588732242473018,14.28153590122569,21.74814673530606,14.966816580073015,24.639633760925157,20.786737294024086,15.005815908361555,19.520295725243272,20.465609911316847,26.40927488114172
21.677117405920196,17.417542203618964,15.931402211790463,19.674395732450872,17.802109902372113,23.42245096819454,17.077354244918006,21.548837777090878,21.734144826237475,20.026481066539198,19.233140580613917,26.1524405517858,17.849837337343935,19.63527381436533
12.748441522916066,18.465365220505777,17.872620868974362,13.58766716904881,19.38915481196453,11.57018478430287,15.522976222634654,18.15351550038118,16.01809537554421,16.1258053091524,16.48891999314751,13.771851315002618,18.816710643784823,15.070621744117227
11.952819468667185,11.442281856468565,16.25307840183082,9.638954554812765,15.08052112377743,2.252640814946183,13.797935888656287,15.811867207538796,14.450687915292354,5.480827624533488,10.99605878608513,12.474232007892635,11.549907343259417,10.879001359451637
1.5772682173385242,1.772545409445927,0.15281278197715675,3.510199466836429,6.990938417360776,2.2432653015912516,6.855747083137398,3.6912157581365674,6.661972704180803,0.9765130175300571,-1.6178672822973281,4.39541741626972,8.250150135679199,7.252345927928109
-5.426217044735605,-3.7694265120576205,-3.026869053822879,-2.9308608575881436,-3.4063241050032964,-3.8925244577310103,0.2585061488543583,-1.679853065109354,-2.431682196486176,0.5998899033090024,-0.006156992255420324,-4.908146369284226,-1.1476557141090993,2.7679917772446867
-8.143648643897386,-10.322649483843673,-3.7630117449661036,-12.262092907076772,-3.927972746955404,-3.421852640961743,-2.721600676698399,-8.978608840249816,-8.598456401583377,-6.207832330208696,-9.81503792886591,-2.5106562281081937,-6.776522415083259,-4.38065269518424
-12.493545944097004,-10.949636368599961,-11.135229120149713,-11.33599578614972,-12.769931964457896,-14.426551481176858,-15.017232123092922,-16.88720588898174,-4.459671828841202,-8.720426762423314,-9.64525634511657,-10.690544559354866,-11.059464648806465,-7.052995006987665
-11.708869678179362,-14.262266789078593,-13.538364701887485,-16.13975284433936,-8.730077049836897,-18.063546035207715,-22.54124574084716,-12.947400332066238,-7.571628055863998,-12.289887378898756,-10.379375555374029,-13.007714369528653,-12.097515330428461,-12.40889622506933
-11.039888081595944,-8.661671655599847,-12.6075356680612,-8.080031446363785,-7.2109490300410615,-12.378475592238004,-12.378275429907118,-11.50225147848504,-15.442478271054181,-11.353962865753763,-15.336256954735747,-15.746504370002166,-14.107420608435007,-12.02723939037527
-7.595049103914907,-8.221068148404115,-12.06017056886323,-5.429388418798541,-15.163840318222991,-9.303070964948557,-8.253885985233536,-9.335815675348707,-12.149105232837126,-6.230422400383226,-12.737030153169844,-14.931487618663413,-9.346682106250224,-5.043061574042403
-8.957196311597578,-11.657081566518686,-6.413452787848928,-4.025675784359251,-7.386875420794741,-4.386991870819528,-8.079004361015405,-10.173117252003895,-7.456343444061601,-9.930565899262483,-8.11199572086353,-7.075065318582966,-5.544326763172764,-4.163359001788342
-4.533737504464058,-0.7298663329812136,-1.5578502145593793,-3.8200756367574424,-3.71449484065211,-6.3747015005210494,-4.275962173172546,-1.7110788125355612,-3.8806104474751235,-6.078026254482463,-5.529871969026295,-9.428143234715451,-1.1392559919393395,-9.14049951035974
-1.7303759280428515,-1.3501090523763075,-1.3560890774320686,-7.505485470356762,-0.24656986810710002,-5.309432259907019,-1.2179363243329329,-1.966501613837524,-3.7453237135590114,-0.9203854651134327,-1.4080471024018144,-3.500716478630451,-2.0719894108925856,1.7738676974341905
-8.758484589019751,-4.354080913771766,-2.703474954588924,3.8367454587867016,-4.3309547102268775,-0.25748257701359334,-7.542756450409287,-5.115307618000179,-1.3462038140049568,-1.3468924950577037,-1.5911734018581616,-6.854977981295656,1.6696791408571503,-6.000455051690455
-5.634161342692558,-2.435355899801818,1.9619438510443779,-2.8118323103010265,-5.143336691247115,-7.455491872374572,-5.111094562469746,-0.8427608765430699,-10.560790596490675,-0.44116337037619324,-7.031829620030507,-5.68996184822851,-3.841962319119309,0.4770820775985607
-6.421538408768836,-5.804495934712889,-3.3883071029338154,-8.470230012344272,-6.006333302082593,0.24671461877097567,-7.892490957258181,-7.1810920672248715,-2.7419616471710193,-6.635558582841506,-0.32859674394589966,-3.9638973254436514,-6.077792798151675,-2.2160162695500256
-7.6183756143448145,-5.043882072523712,-8.667748033011195,-6.860017967886813,-9.047200885357704,2.4967234920691705,-4.885722280477823,-8.933865943286339,-5.936252821332981,-6.294321622087035,-8.849196930055836,-1.0211173991293991,-9.608755128017778,-8.997310992302134
-1.704835770286298,-11.02673265857733,-5.719595048364861,-5.299597291692563,-1.0225809335022173,-9.57380572361971,-3.3783504888313565,-7.916619490528369,-6.963983358850831,-6.377122888958763,-2.27278097097435,-8.404753802463798,-6.042106738514081,-3.079450848504032
-2.473814538562777,-3.726998597338076,-10.82776143509149,-7.320915507134046,-6.699292953732105,-0.894233260719357,-8.394743139130593,-6.335830122025158,-1.8158238495694556,-4.262578018310344,-5.7605183471335195,-2.8327668817202434,-3.9806503014274317,-3.78332790283563
-1.419415784794391,0.7375863844759349,-2.945279801301384,-6.264512215822802,-5.219037419596268,0.6853843055076203,-5.376207410502927,1.5354500100624189,1.814885050440326,-4.825866801818492,-3.0416036343483754,1.8310217191018943,-5.379249246773978,-2.752948195969357
-0.6190789004180166,4.945682955615986,0.6516006331272055,3.91495984309928,4.786686210692265,8.065762126759905,3.932572068474563,3.670896038204892,-1.6129972257342446,7.348882599066436,11.404380939761468,0.7774304678265258,9.493040395010821,3.4886417733600044
6.6855732942353,2.7959266768239104,7.953565598088429,9.915195450598059,7.416024344403425,8.947990874082201,7.156335943308317,9.708213569735817,7.681802016089799,7.710615334412361,4.810346209054487,6.5389633082900716,7.483257766246364,9.066426915823959
16.565676331432037,11.59678667990115,13.92740514399057,10.899799630659174,11.835139267268925,17.778887748812792,13.386866209182621,12.401633885602203,16.809269449765658,9.91356128411326,16.05095535786935,16.71759109525649,9.60555521483839,11.878666500639792
14.640816416886288,17.696826623585533,17.307729412928264,18.259160481038975,20.26551035360119,20.448578784506864,14.718913972925886,18.301402104129163,21.004786768894544,14.651017513073757,24.309031641994217,14.079897761686041,18.62438738040568,18.751179494545802
11.756162402962644,21.836271466854292,15.842348350272594,17.130429394655685,19.627288355924694,19.157932650101962,21.751997215360362,22.091356579121243,19.755604740694473,21.896916723552604,16.777636141756552,22.262684450586285,19.445260709916173,20.11432093341615
15.411591660795878,18.97696911759169,11.652438913281697,14.039373364689535,18.00651890949608,19.76754810899085,23.794412481505468,15.828442531456819,17.52579998341556,16.404129828897236,20.653586908220678,25.315731455546548,18.67693204067083,18.492053506197216
15.733304333177838,12.911285662269826,14.431949869318817,10.55956084639525,14.92239519983664,17.288257394875238,16.716678225957878,7.983146422560212,16.959105076033236,16.285699516441532,13.446347617921676,14.336782156178076,16.447311314588255,10.34420398826206
6.60237192964712,8.82263268245332,5.988957875624124,7.055415672763317,10.215657032235365,9.747692618311458,5.9252447038223295,7.947010460117865,8.805515918258104,10.872075788160702,11.986218102964965,7.901225048419564,7.201696450513049,8.905362109948038
-0.5783107301422377,0.5185963617253344,4.698745160933103,-0.9086168168679019,1.4676923245067974,1.4092815980005864,-5.997944036213553,1.1386772506245795,4.209872087817482,-3.5677160300354123,6.856798815058017,-0.41962465617825395,2.418611478890664,1.2637922711415457
-6.400446696031348,1.3365529088191623,1.1930473908647654,-6.031445439955851,-3.0571391805539774,-6.427884565099911,-4.033112344790533,-6.489509599494346,-2.0709934695006584,-1.5731615440204871,-8.396408946423065,-7.216735256999467,-4.72682976713283,-9.759095189574726
-12.961769031634516,-15.048076173793447,-8.190982709270958,-6.400383308757545,-6.455042266409085,-12.702807807573112,-14.112707315540158,-11.812157685777994,-5.886337335443402,-7.8643981563088925,-7.546164509522241,-6.571121144113888,-15.576874241600322,-10.928639593350718
-18.53736942892349,-13.4247520403664,-12.778818719901999,-19.75529353238988,-14.50382096286386,-13.812950177246965,-15.000927729935597,-17.86469791177968,-13.954662573852941,-11.297942805027933,-16.016152198442345,-10.64703308009921,-12.584172212221688,-13.195350843456659
-18.464564647117907,-17.039001504136092,-15.462863612319365,-22.40306275790422,-16.603391132309447,-16.630332545009676,-18.591502687614295,-17.435510111107728,-19.11985367070813,-19.237473779485576,-13.633452558622462,-18.17739873491935,-19.451444301466537,-10.690565571368467
-7.569341232802952,-21.780344738811912,-15.890345378268584,-15.98468298807467,-16.696861079046993,-13.976724683910557,-10.99865941617771,-14.590634698435743,-20.758550579734486,-17.831993883883897,-17.064973105099075,-13.527570860023278,-16.412170026505283,-8.930758508269228
-12.540148167687247,-13.98547124850599,-14.750700101739959,-15.729952468072508,-10.144431004774301,-7.792803027849727,-17.13391483881501,-11.395978989083781,-13.102503670361436,-12.250481674240948,-8.49400524280772,-8.863736623088407,-14.057119394377807,-13.679991263369859
-10.2409746917182,-10.74756367710309,-5.539181719291028,-5.3061149661057785,-3.6694931027238287,-10.589002492330179,-12.638737424565624,-15.189818722174884,-5.681580709740475,-4.657588553875155,-13.749500481516424,-15.091929272642307,-8.87463947157515,-12.105671832115384
-9.22708640662752,-8.389515356583724,-4.327523270295566,-2.322076509277146,-1.9307258319640401,-6.622433116072057,-5.808314552894753,-3.241173966568936,-5.698631600631421,-12.028043258938947,-1.2730953880858955,-5.607573578507863,-12.728365122393743,-0.27981354264696456
3.7294659288611225,-4.569961239166662,-2.159838717959672,0.45334429830420975,-3.1293956808686625,-1.9648584425011406,-2.7546213684872924,-0.7425072111503429,-7.750817392221321,-0.07901408423443912,2.1897856912005893,-0.40273264066615777,-5.626099888618041,-0.8790700871139018
-0.868226781488354,-0.49682650117831306,1.9613058503335954,2.645113797485914,0.6716113092180673,-1.0669726593885391,1.3180691263658273,2.6704253813542445,0.2710938140856167,0.7445270291945131,2.8747424891522724,0.48202592357654794,0.5933587634412284,2.4002283257572574
5.062148255479904,3.502562326538347,0.1371616976041543,2.2555725303800402,2.795090158248786,0.599325525376208,8.729364663199602,3.7283494309350003,8.93662178370668,3.2867180270919185,1.6964268287482653,5.802784556281823,1.8955606818377722,-1.0788927773583037
4.243116389309312,6.011865213301359,0.008849383036926284,-1.6437532140199687,11.153883837289884,-1.8697890284267769,2.780356696120199,4.971349578865524,4.336015728369516,4.808030543411148,6.136685653944854,3.8202610312133523,-2.177964292170548,2.2673025963079683
3.3294691340434452,1.1364263785458417,3.9786200506220037,4.328423355220403,4.531082090398939,1.5058163047498636,6.095784376582779,-0.8663171987355625,8.44890690819388,-0.3163059196875959,5.568637148163013,4.615484085478318,3.0649398425025374,6.1035417481923915
8.18516332254597,-2.530598623129616,4.378909648640944,-3.1212441542863116,-0.5371048124586115,2.330030766819304,1.229621342758053,-0.08638709041181292,3.8360459042572743,2.203233724040081,1.4013286410399892,1.228607056252385,2.673879185079908,-2.679395785491983
-1.2715805175832906,6.7461075657079315,0.7304269034452842,-0.33954808351207433,6.505254773662402,-0.35350993770461336,-1.1581731317655257,2.2127553925989343,0.12480630946350235,0.44603776770417036,4.258304859935607,-2.6204034217394345,3.941529372087743,-0.556826208428457
2.793161343714185,-0.22732282732404085,7.399259300954251,2.7552261524746053,-0.24001975845609014,3.3737362361541754,0.6621811740884027,2.7256409971808164,5.829202381677024,3.529572754076013,-3.4163146399501656,6.5837913128643715,3.1900397572576837,1.761828951214954
5.353787967388191,5.901199032489522,3.59705027957604,4.374265553865166,3.821837960790311,0.5057827251795599,5.389359610305879,5.77880257283071,0.9006276618890725,-1.363824440642647,5.1019130305216756,5.987561230018503,3.38804474259814,5.152997680412827
4.060598642166468,4.5930945213809835,8.951520912660005,4.472579126515981,11.386433748773477,6.335264970125527,3.5563726502015083,7.2344281577087655,2.1398638712733495,4.428498285194131,7.781144802501356,9.40373818716131,3.8183334358510668,5.641152677740209
6.267916038796096,6.301359076624475,8.451696162201692,6.622250035754009,9.725238910914307,6.08635002831755,9.497601977328774,11.285394789860803,10.716578803654851,12.881074214631852,9.203992960408382,9.483610264760898,9.750007706342803,8.709999642270661
13.328356759649818,19.29299674756084,18.77533833740361,12.802885993398254,11.505882200526166,7.199201955671752,12.6402159565771,9.126183779747045,15.107882080696186,15.771596055307798,15.92315265687249,14.0578774241405,10.781094067023067,13.218664398679538
19.83220824544896,12.614834789883345,13.76233531115381,15.463167310363842,15.896078542043806,19.259447016296388,14.983520504833397,16.17255497377387,10.266379073893974,17.93604139147636,11.622155157030868,14.263944533296822,16.506606462519265,17.241501926466377
15.129162265725146,12.792889803042442,12.482356381819937,12.74893600385072,14.671151601668141,11.955674364626564,15.925265213703128,9.099089810721873,17.504976629156467,8.461909964513133,12.287499613772571,9.201148912976091,14.796785417670572,21.334699446790033
11.72583027130494,10.529295219093878,9.718614295793733,12.147488720433213,9.20778275932793,4.365024740975864,13.190942622231884,8.475087597546606,12.75914084972247,8.951597319735003,5.503158605755217,12.817132250172893,11.030993837201068,7.806558025313862
6.499428770472883,3.535655994937641,4.492907445369698,5.848466412867238,11.517860156423819,6.107789880456995,-0.015085497521875268,6.905488543092282,2.8530854707097255,5.486796535736355,3.5242656583814966,6.400801081851091,6.607095092512944,2.069586454000639
-5.739419901044432,1.7535175002929693,-2.9250690971050526,-4.489989483489644,2.8297977946188118,0.03214231042408855,-0.8636709734682408,-3.0511953056217003,-1.076701088978251,-0.8510948011416706,-1.6429863208143962,-1.8163457540487584,-4.261303929195147,-6.0228044705740755
-8.74245471110891,-6.995277762297389,-13.955869694354803,-7.899951803912181,-1.0504737819845982,-9.073882784721484,-10.351757136186459,-10.626960507320902,-5.864932547638078,-15.187842933106872,-10.18524378417075,-6.760216556534898,-5.627834873794471,-6.708565962271975
-13.891757984473518,-11.86783465219276,-20.724844518094784,-15.084031286731873,-13.625143405461756,-7.741433694448985,-15.399766338865671,-15.79657020923577,-18.527041184951976,-8.184447501214592,-15.694606173280302,-17.75835379968429,-12.41168123839082,-10.467100446748121
-13.39589003646711,-18.71741727538298,-22.410043247924882,-16.13311620277404,-19.325274326078436,-16.36280195557241,-18.098707646980653,-20.432524853758338,-21.515119885428412,-18.908446660502257,-13.648369370157837,-16.881430714191023,-15.691052065899527,-18.671519608785815
-19.151268485070613,-22.375639607828468,-22.67557116883715,-19.847104798359673,-19.20030120566462,-21.678221991791442,-20.272137369083584,-23.887052224013665,-18.528085725696435,-16.777977125327464,-22.38758593690064,-19.311812507454388,-17.33759087063597,-17.60431913290064
-17.2262255790666,-20.725796601609016,-17.950995633594648,-22.139716070795302,-21.796604063793904,-18.3411227666154,-12.0705986988615,-14.694901116597805,-22.67505752447103,-20.381262236025936,-19.21441028269938,-22.567519012752168,-18.767353806619525,-16.10877323253766
-11.901747474984258,-15.41559791501897,-16.725171732870365,-10.50802395800422,-16.685813959151663,-10.679473400686085,-13.225624718801425,-13.99461730136933,-18.363235986023998,-13.291002975284801,-10.92815588584485,-19.212259360282687,-11.742873877811961,-18.343638456086794
-13.683694167092694,-10.086775226486555,-7.377281515775772,-7.96392505595634,-7.730159904173965,-7.683108937451451,-11.529911213270136,-8.803084977695299,-12.74828185849323,-9.55208611826657,-11.994141984718883,-13.690691561060582,-10.04657729646148,-8.699009587355288
-2.5298317442221414,-0.49494598254116484,1.9778928698658422,-2.968965411492534,-8.70184059512426,4.164111991120732,-3.1402956232404713,-2.3088043595094465,-6.248407235258384,-2.9484964586674907,-0.4475398899871257,-2.7108177817710555,-2.678745986797151,-3.2042393737826007
0.9992744465131689,3.860148216630037,-2.0315600432268273,1.6433994327293473,5.8465507983921965,0.14693874370454196,4.028822282117861,-1.613698068877759,1.8796952304430026,2.34824013468804,5.400817420024463,3.1348147745932873,3.757334554181133,0.045754202244664643
2.027592435452923,11.11492636525048,5.56266249164679,6.295356235118828,7.248742944379303,10.16383507373311,9.0089327953906,4.7234252008562905,5.4923123101718,10.40859568623596,8.35015614499627,8.213519114425896,6.205442894679683,12.838797349311978
6.643044086438158,8.041576569900032,11.266742548223124,14.580961125690305,11.910297178699052,8.01196457796102,5.6967849349030395,14.211625918142179,8.83324572334094,6.521587177856098,8.182424290454161,5.275270410765591,13.53559334390406,14.263948200836674
13.222186301047824,6.675599059356145,7.177397154340054,11.271453491074967,9.146854543942148,11.50499926797824,15.147807089595963,16.77848237450746,10.92658708149593,11.97027946467116,6.880404738152194,12.579329456436453,6.230272189889867,16.114431900114703
13.277080580636373,3.335599131436352,11.15830988459382,8.389526278767457,8.692913716467718,6.2785447031545125,12.843547335766772,7.463108912817011,9.580333343411771,10.36529032037118,7.356926365925608,8.578534933840718,11.447793315366486,6.290328953358072
6.8435560821112125,5.878963338582445,5.518655480655731,7.689718264574427,3.1471155266484843,7.339441251984507,9.512316818887358,5.361602634884762,9.944380872538636,2.0568321782378582,6.750520939317947,8.097424654044543,6.010077454945565,8.578019361528574
6.5575261624671635,7.896476402453944,8.405169571524137,1.299781275290881,6.271351589017395,5.817483011396492,-1.0699602274933433,10.14043558961508,5.502997906269498,6.794151595516107,9.997407043702104,2.5570207582226447,2.6000093454100126,9.320499644527374
2.885700175546927,2.8462870066875143,6.565006032940624,-3.4472068862424123,4.055389854892702,-0.3386155506610802,3.551341874239636,5.29184322501615,-1.1257239814898234,2.872438426035062,0.2313136944834664,1.4659221346496318,4.858458360455254,3.127817389687195
4.330220155772217,3.4108141576373843,4.883261756881047,2.1542381050843655,5.386175254289007,2.9700530298537835,0.9880055591314969,1.86916552216615,2.5873635433829794,-0.5435962680449968,2.04680808789364,-1.1245882510274763,10.41795360064789,9.037972350067761
2.5010672902603472,2.1864979659684214,-0.6070154646819459,0.3594111678687888,3.0389490683195026,-0.6889148725683993,5.877889939867837,4.8466657544962475,6.4442676587130245,7.865361949382921,7.14456564726275,5.6588313902202225,15.01162690617732,8.318473569579682
7.808233542209926,10.098522833366957,7.577455924812132,7.20841107001092,8.699808915838265,8.475607381036165,6.69585906846844,6.682306078135358,6.431026818871796,10.735670338621896,6.081528700445144,6.555086756783776,-0.41196060375239973,8.642798955074458
7.343659011565766,8.66750440724555,5.857141470312461,2.6918702995881354,10.004591373226086,7.508456440369132,9.637761717415025,5.938221045239777,7.389236494247416,7.076907915207819,4.951273153647825,5.831456941830615,9.811443132432213,7.1709740865312
5.781263703779216,9.625478573435782,8.788958171676928,6.359565544553198,9.618255680637196,6.737657056613386,3.958613202791849,16.57344326308508,7.1311332960145535,6.769910212321451,5.49495584240539,2.39157813105515,9.169346576445097,7.047321711760203
5.850598370278235,12.001764678736407,3.1379256915943863,9.001600048514476,9.647144701549525,6.268848988164405,8.557800126919295,4.895140310595053,11.488354446488076,11.396968273129325,8.734460281925418,7.113781563497044,6.510576609858443,9.976496653768306
3.4885963416460166,3.395502737818272,5.241271788432259,3.641639370832062,7.869015639247732,5.075600099798445,13.108179473302197,3.030884621286012,4.072883569611569,7.169163745941205,4.726002092856891,8.789640803917653,3.1904615507759377,5.133566748628157
0.8592438608653914,7.595327801068333,-3.0138779200492736,2.322587136917534,0.21260896128386364,5.247127485812906,5.667070395384781,0.6339985636849803,-7.203978771453577,1.9608009456882594,0.8317240442487899,-1.3388725491386193,3.967616847168074,-0.1277576334985271
-5.626859312336872,-7.544539157174874,-3.5877364590126737,-2.5189678819600316,-0.6538354699717202,-4.504957515899769,-8.103319292067578,-9.614048703819961,-4.973140079877252,-10.756168283111858,-5.759429556125892,-8.276078914622422,-5.865401248780971,-1.4938405759735378
-10.780136277843269,-12.210976947723912,-10.51345422473006,-12.917003911337622,-8.184889993977324,-7.054949162897428,-12.129319997443652,-10.657597151965486,-7.853996845712818,-15.571713154045849,-13.268813009952943,-12.86239080527445,-6.447851147121404,-11.706360172550468
-12.167907089483435,-15.576098570020688,-9.410123838949588,-21.24617328243917,-14.055577516044295,-22.782965429715425,-11.954765966890207,-14.021612116587953,-19.611706703967627,-13.037205458041132,-14.01546507892651,-9.0231454748808,-14.894906601476794,-13.866778213417685
-8.307654933535144,-14.464006524958753,-16.917283598184163,-16.530068058853956,-19.14372046521915,-22.372120406281926,-21.790632325789463,-22.900086382708217,-17.490755685899796,-20.707572916242132,-20.02511240563358,-20.25601292414443,-18.357257418910912,-16.46876388683355
-18.662307858884883,-15.661182870754883,-18.875882435452628,-21.794575462916605,-18.285206030307865,-16.561372856325434,-16.188218568047475,-20.008882198674158,-22.216967586754844,-20.188171840460008,-21.430880049731925,-19.957847116888534,-15.952299803836603,-17.10288464665707
-16.544791564977928,-25.067574796187625,-24.30551864833162,-28.5156155651072,-20.538571697091463,-22.377504903868175,-21.057087962185832,-20.51856692180537,-16.09445101867498,-15.485759922566345,-15.145251543136801,-16.775855114102974,-21.185776358106526,-15.784544311714605
-14.34086175274381,-11.166194290350974,-12.074155796250915,-14.2226409531166,-9.085317966982366,-15.178294762219142,-11.271820249533146,-13.497538111066348,-17.67579464192861,-10.596775160171205,-9.87001399218196,-9.045421411179886,-12.753664068585621,-13.45973507203418
-6.349601518545914,-11.047403785950042,-2.757772557815229,-7.951045225732308,-12.173918210699332,-4.8965253794906545,-6.656855118815077,-1.960714676592067,-5.833650217861221,-10.023534437304129,-7.917637794847068,2.38424388060122,-11.007012976500185,-1.5002372678522615
-0.08187019361148606,-2.494026920684896,4.920468896108849,-0.7282939479615413,-3.4992491468936695,4.544605324095615,2.887427263934602,3.330338734831677,0.9923352715612725,-1.6838043465052244,1.3736271776720943,1.9346093459885378,0.12261283601028827,-1.0383743875423073
3.152001277085236,10.625586762464149,1.878967881472133,9.462126721790892,3.568215777622254,7.9035988673255035,5.117050306114704,6.695435211255148,4.887310408827245,4.9438996459356455,6.406168142162013,5.872281456369064,2.061816240569164,12.458524531757309
10.032625439399196,11.717047867757701,12.19031247003883,9.517540914454795,8.874640677887117,8.272150121597324,14.143208858329315,14.026741400032185,8.189229451948353,12.054693102616909,10.933756289696463,11.417320073366819,11.499491403461262,9.384508751950783
16.409462146496082,15.646888617524109,12.020879269104176,11.897212474520868,15.603640638492635,11.445393818104733,12.676733057977936,14.08911505558235,13.452926099704221,17.90400130942909,16.54114183893364,13.410052983126587,20.657843779464926,14.700691792251078
13.048367276923171,18.948290913269524,15.661946180896178,11.617721980074236,15.078909555987888,13.652321317201396,10.904935592225058,21.689215774312657,13.026887828594683,12.092469537178818,10.4411367616804,16.18617022324092,18.454990472034176,8.38946670918953
16.57866762238031,13.995726987153553,11.933967824898499,12.620421388623333,17.23102285693225,12.480403954634141,10.546094460872128,11.130722413270771,11.43929434969439,6.687243090963092,14.627719873995447,16.420685558293094,13.453712472181431,10.641521654701233
8.824338233685886,11.465347294701214,10.696276091327341,13.050057917585683,7.5834160761538545,11.527539807601775,11.417868822791133,13.2509269950854,12.16848312015617,8.55385736614386,10.579747231094686,8.103037426185256,16.030490005668796,13.336811333093271
5.836064131692721,8.91692796247005,9.935049785024882,2.3371619598848286,5.09201457377268,8.592444814583203,7.703629618385663,5.028197807063457,3.8030469248609213,8.549272766317092,8.065979693507025,8.776020928363529,3.8278620975200557,6.848570850469173
1.8742132493887818,-4.8131351004157015,3.606705017837578,1.2914198409316113,1.1021865291574255,2.597063938542897,3.1904569079051175,4.569943711449547,8.709171894883283,3.311645769478302,-0.30727999667296135,0.8185475292345155,4.135310765760714,4.62811366224272
6.517215053280992,2.6110830447397078,-1.1765148224700925,6.864367485852597,6.955456967251406,-0.020391971167111222,4.269031676978491,-1.0657991154979305,1.2733190560799723,1.3067676046706196,1.3750724432429131,1.888122013914271,-3.531837497436289,1.7125807197729794
1.061037528189481,0.8437198453403627,2.43808110901804,1.6155080417002945,-0.18781767675407557,3.1505914409262514,-0.6077488888099181,1.0391086685003315,-4.657499125904447,3.763013895557176,0.721315271224787,-2.790851570311444,5.065978769153782,4.363177878319327
0.4352264964503032,-0.760609928667618,2.9884466271090346,-7.8007135982451175,0.8686086176134777,0.3848058792088802,-1.9139786258240117,5.3745303083768485,-2.9460925995008265,-1.479201818822378,-1.8471347400753524,-2.820467240539698,-5.893026561032928,1.755847880826177
3.9111532298074643,-4.280408830016884,-2.7079057910615463,-4.304666256971286,0.24875468856183142,0.8148408087087586,-1.963366108338779,-2.1367183320232632,-4.41022507814666,-1.9254633487016855,-2.3183400243610897,1.7511236509485422,-4.567569714025237,3.2114557708987514
-0.3668957956357305,-0.8492281540797837,0.7751358623645281,2.4516370791666926,-2.3440050202983453,-3.08775933167597,3.0640491468612394,2.993658477212335,4.283793402545912,1.5339574802209879,2.225470183959471,3.311266998984098,-0.6113495510705231,-0.7533734229591642
3.4454904238160315,-0.3904951853550034,-0.30305421959139633,2.108777397550552,1.403359013304353,-0.8793377223664984,1.4745784517936609,-2.2557696331354227,4.4428064756547965,3.7186889104619167,1.8405970819545687,-3.342596274015049,-1.9148265594804164,-6.159948075238481
-1.447182251318016,-1.429924695130093,3.2624621294019613,1.4048105916260547,1.475394585408553,2.8347604490495453,-1.489159005192883,-0.7917673885583518,3.710002301873578,0.7843218784342865,0.7893677548645979,-0.5930702063415302,-0.19848169521283068,-2.2299184320179593
-6.5400553737785,-1.570405543081047,-3.193362845957812,-3.737829098653793,-8.862985626776009,-4.89095695260079,-6.140171647835718,-4.35685245955727,-4.618747239071823,-1.739805105239984,-0.6802348868466916,0.46052929023489053,-0.33578330541603796,-3.3641022275403287
-4.525553185640929,-1.9706035770045371,-2.8146456325438383,-4.2988017942635395,-1.6649645617955082,-8.570675791785298,-6.352588091780942,-8.409190414840534,-2.699945048611231,-8.867822288771205,-8.242384673696735,-9.60887786788002,-4.224161353310151,-7.3296270612703385
-9.227548314155433,-6.461791320156475,-11.363493592091078,-10.644736403048661,-12.96991575263397,-8.465184148263642,-8.091904697614684,-10.260384646996268,-10.884663104488965,-9.22576099181674,-15.137276808204227,-10.997857807192128,-8.258136904657437,-5.644842852483325
-16.48340314563977,-14.162093190967678,-15.753389029914084,-7.363678754673286,-17.275150903441556,-11.544113620496544,-14.522927365108304,-17.75784954779143,-11.993661264827782,-11.414668594944729,-13.035128391133968,-19.268346294025324,-10.123909758545187,-10.636803353934784
-12.868081198252781,-13.7170707365202,-15.957293023080304,-18.598353905660307,-17.895445299452177,-16.732874653129507,-14.962375767468714,-13.953955445532706,-16.73639174357206,-17.441726417107667,-16.485003709629662,-16.60652589439156,-14.230706557948556,-14.77231004928562
-14.976192292809884,-16.240498125729225,-13.34928791012194,-15.631074151074401,-20.16077598813881,-16.718419814378127,-22.006576801906213,-14.500941004473567,-13.529421847136481,-11.205322995134043,-17.73628895948993,-17.749080807604628,-19.323452962570236,-9.368727098866394
-13.606604993951109,-17.826133730751934,-14.472609289572233,-12.481507273411882,-8.169501243023525,-11.929006884521591,-13.677428080868557,-17.364047786368577,-14.960789476740155,-14.200951382778198,-11.734669675374944,-11.535689320532896,-10.005523976358148,-13.850666328559338
-10.318185671477783,-8.887135602257379,-9.26092871560493,-7.6960073589956295,-11.42972189472873,-11.036860465164473,-10.29407263392836,-6.459656894788164,-7.288714359385219,-4.0961124735381125,-7.865924537915046,-12.648085733801569,-12.260517473516222,-11.388004536912272
0.12871243485340056,1.654893093963958,-8.249694320097191,0.029564210220339504,-2.480086833376877,-2.3942895333743044,-3.901158669294239,-0.5513127010508931,-3.086596413417037,3.572426189818695,-6.549935803801198,-5.48532564375088,0.6299701094807375,-0.6802249939356857
4.476012868146033,4.282952272447415,6.211599816688554,2.879718769145633,2.0261945243925914,2.2027853570307494,3.8409513090566962,2.942780951521122,3.8308912946317477,3.558418360016001,1.8826592341918678,-1.5489150730051495,6.490145939062401,1.0699827470008176
5.497390319753659,8.992058838253108,10.258627546140602,8.592286752395413,10.35193164013624,12.496450023631281,9.868490444901965,11.869372086655872,10.987557758084469,9.652978867962299,8.406309196519583,8.468822879823499,3.303902413020454,10.186679570246435
15.87499157146577,20.147631732964868,7.857716619093216,17.711175787118073,20.837972221157653,17.318837292737545,15.972312746081784,16.709324321694975,13.05282875137756,16.834302782531303,12.38748119149727,19.686229641269847,14.614511488914722,17.69238497139046
18.85776987961028,15.113041373732045,18.291906671278298,18.915366956882494,19.703863023935913,25.41445607895341,20.363271847297653,19.309019480499572,20.13869411743982,20.65428334227951,18.199137574448272,12.17682690810536,15.770882666250133,24.006220049714532
17.716964242035537,25.254041371106336,21.853240178140503,23.601299496628812,18.276261973338475,16.843818545584526,15.733390438665847,23.671260437063086,19.158674905616717,23.062525119953214,18.005681097416602,17.54841921738519,16.115985862156826,19.19171527759515
15.36850003109571,16.936858866594637,18.271150364626095,21.049373664104824,17.191887643930556,21.83545459546294,17.774942637094362,17.38979061424838,15.531100827288185,15.694872719314207,18.235492286318298,16.57780380484365,16.50698107580868,23.90623118753717
9.563587491205606,9.553890437428109,16.118550546299925,14.978356829747339,12.944489942219647,11.129520781883041,16.506067814698078,14.647167209445415,13.101773952315138,15.048630590806352,9.58704467852243,13.583013784088028,13.161825527873354,17.388584293102685
9.534558877414817,8.74982531804164,5.044408863020066,6.978173983659499,8.307529547832402,9.220703306247447,5.015269960337247,7.156628800634888,9.176770718327502,3.4500917446424655,6.594796286293047,6.953718765251544,7.1730267338531135,10.514595864247966
2.1509183150840427,-0.08995288776913624,4.270019495615724,1.827342789580992,2.4113579236194207,1.0685176650865869,-0.4658909534492257,3.2047087360943913,0.9226723515275399,6.979989319442918,0.34837929364227405,-3.182583370864103,4.108198448675167,-0.5760917713439664
-3.8810950261184725,-1.571207753595893,-0.35702145978017397,-4.219648363548918,-4.372291103115036,1.4881783924184013,-3.2958724630818397,-2.8672649284477303,-1.9630092894539644,-2.21165834272271,-1.077075708269846,-4.321765998418719,-2.0831874028727513,0.10919551467410837
-6.959873473495882,-3.598223697234471,-2.4486717718722897,-7.827300697487086,-8.87714384943552,1.1495534579718933,-7.962434849955,-6.71978941256099,-4.738910422663374,-0.019948408289492292,-7.829932253765049,-4.8314299291166485,-4.387794352231142,-4.818355321600018
-8.14134370020417,-4.865794087792775,-14.42833087179078,-12.105599761768435,-6.846481737023437,-10.390385801569437,-7.52907057644258,-5.740780728352067,-1.4516413667841643,-3.1759056846056346,-13.024773835507052,-11.060399807470654,-7.270640241805643,-6.129293448606379
-9.200380552656116,-10.62390024125061,-12.441767885866097,-5.009453579778877,-8.280867405624662,-13.596063541004598,-7.181311808185066,-1.4975104630112428,-4.1671665181682895,-5.245371957575944,-6.768597624106588,-8.733982342447923,-7.293752311454714,-14.094457601570927
-7.028655199966811,-9.439314803608752,-5.165149428601602,-2.168284392109098,-7.898438968055556,-6.469997420512436,-8.120488652582498,-8.643782765991833,-11.519306333959364,-8.839755124986423,-7.589668305793299,-9.176264430945086,-9.613182960434223,-11.000592184443041
-7.846875381045281,-8.145587457474742,-8.749000800504946,-2.9227843163172675,-4.836717259087433,0.33059008641568965,-9.91395613722242,-7.520290608185702,-3.5924882684981836,-4.509141354886772,-11.921311319740616,-11.619840486994413,-3.6545659580123013,-5.807058698484485
-2.102128731268864,-9.593234708798885,-0.943776742323255,-7.90260528707628,-5.453498041513932,-1.006756260738062,-4.92451422661,-5.871290067539111,-9.546270572299928,-4.664929725385214,-5.1617152447411065,-4.849635879310154,-2.2108477675292044,0.23186153810075627
-4.75034965546476,-6.711288125670048,-9.842963603384112,-8.716030575289677,-4.5322576573796916,-7.35444493734771,-5.588711054171082,-3.9680382962564886,-6.459954027164507,0.4885774066709683,-5.0384878669292075,-2.318189637502452,-3.3406893283036014,-10.494030804211905
-5.954718643126726,-10.13301786095222,-5.670906003102063,-5.1224905314027795,-4.385977726846237,-8.82800492185001,-5.652153761107906,-6.572703597010987,-2.9005492891481928,-2.86327430677009,2.527736779893428,-6.934052894433558,-6.39803472417116,-3.840438984978406
-5.654962491218518,-3.5406923008233613,-5.319230747422944,-7.005133987819666,-8.380494333592784,-5.917849357899265,-6.89955702997386,-0.9971632178285148,-4.234494437244128,-11.753779306173154,-9.067422619812351,-4.596546478609013,-3.318905074432249,-8.48665695616022
-5.280387263304718,-10.755203367068738,-8.28075094086817,-7.901123359799,-17.636770609973013,-7.984370420359416,-8.737626546843426,-8.303159045347696,-5.788691033786943,-5.251165434394349,-8.342383462714478,-9.813933723341538,-6.216868615541077,-6.802579269955885
-10.662474281532566,-10.631061208388168,-11.097419710751925,-7.013020690135189,-8.733591971294945,-10.123103866367266,-5.607840922173585,-15.540289488033116,-14.780455728035047,-7.48093274338466,-8.589979118859512,-12.538818930929422,-9.412387258556624,-13.213484275379786
-10.55731515719197,-9.579219810439216,-11.962579520324955,-7.211315550767628,-6.0115078066700836,-8.061911937699584,-7.594891813007113,-8.460240781531683,-12.844004332050226,-14.361323550815504,-8.137613114767085,-8.813377184347496,-15.451062685836401,-7.0725625038334625
-8.212383493094528,-11.186725172515157,-10.66797567469545,-6.485395473785261,-4.163735679658432,-10.82374096502825,-6.235918231704525,-7.1207697944113075,-10.408235160344649,-7.216208088965983,-6.396169112742728,-9.84834265671106,-8.13387265146839,-4.383839736222199
-13.029388324730268,-7.969219346441109,-5.613993671388562,0.28163777658471023,-0.11072697682021104,-9.500815708152833,-7.245702647939563,-9.709929248018685,-5.203483869723391,-8.768301254362012,-5.084584994246997,-4.17880018454377,-1.8607241668149541,-0.6633550737731966
4.242352232294069,-7.064305657600577,1.1766107992087673,1.1980311965971764,-0.7721195060867817,-2.455549316230285,-8.04163621343719,4.224366638054872,0.331292452214201,1.6364119894880762,-3.5977741516936206,-2.6932783210604097,-5.28295679157812,4.892577017978813
2.4348951919080744,10.125593402795257,5.5819474446982555,0.812960995456625,4.342015576188956,4.068595248125092,11.807931023237298,9.595813822102324,3.7834738511617036,6.154938970044548,8.373222725740868,3.0642761038030324,2.5119549325133645,7.912072057207698
15.797012862155782,11.586485427253162,13.394199389161562,8.009346062081402,12.686549534741523,14.021356426969788,9.522092894640013,12.925862397560056,5.673502454370071,10.344246917397069,14.505757352110715,10.42524985122493,13.037202843830556,10.897321656585149
16.094373604562726,16.003107461293787,18.236195771744885,18.311771815165276,12.625876502392178,16.180833287798595,12.701941806068781,22.447627234420263,18.62939236504446,15.512921374078418,15.050501189007054,12.937241866492048,12.879521894271317,18.022281861968278
12.504398076107462,17.371302106794914,13.36466328176585,23.222596218570857,19.722153399871083,15.665615324713961,16.775321379457395,15.476715228028185,15.780120982623458,20.253390517865263,19.78316612846205,15.774671539037914,20.05336570983625,19.6319559527729
19.812694989174016,17.642196148669928,20.542349056239278,13.308938380308904,17.423303561930236,19.541309692528426,21.908110182461993,15.713026132943739,21.23304398471297,14.055165685661215,17.55593428786284,22.892065243232317,23.0275699280405,20.36216463127966
18.809138762569514,13.40400521163399,20.701602477440396,18.299709255547192,21.56749061598254,18.21869765152453,12.96225800876039,12.20781406022067,20.366232467511285,12.270523482189851,19.909662996830097,21.651905174390087,18.59673608199247,13.85557105712616
13.73125354413867,10.995640163740077,11.70979395147948,10.38682476021764,11.31151697623795,8.45082587888476,7.7045945572613785,13.136537940970701,9.104517985462465,11.729598205424555,13.440554157780412,9.082975866056763,10.523754497687719,12.36888339451766
5.638440772054263,11.543767742864741,4.906000630294909,9.593049912329429,1.2287934743376656,6.736625412408362,8.06023176736088,4.155098732054169,9.207567334676096,0.28118322136339824,8.270793476620248,3.80388520863148,6.233891049475611,3.236963883830505
-0.9233483527493096,-2.287978833133783,-2.1763620704635436,-3.918985334552645,-2.3226129167573175,-4.484723602337569,1.7236816861519633,-2.0060764688904893,0.4550073145859379,-2.2465883947062606,0.693293637713468,4.4552856217559516,-1.6693043481254684,-3.5794228147202043
-4.765104194716224,-8.47688377920409,-6.124796908135256,-12.524921601755967,-9.496245925429886,-1.8527554332264744,-8.398734256567302,-5.781044333179535,-4.687729483040091,-9.78540081517049,-7.624989910761747,-4.261809435521553,-8.974846544292879,-2.558513914464325
-13.332626155599838,-10.634612607686478,-9.846063163310594,-13.345221172765777,-13.767430069343334,-10.81630193722868,-10.604613637747876,-8.369234564696221,-10.163674879834598,-13.826139797779893,-12.724301082326841,-14.509994829646459,-7.024911552159541,-9.23130817440237
-15.579637940113564,-15.860398614161939,-11.947012626065566,-15.39321728423501,-12.585292871622164,-11.724034003807992,-15.452777557704977,-15.715086947265915,-14.824629756205255,-14.20494798959234,-17.4204611453389,-18.19373214955368,-12.984682322983634,-16.780103537480887
-9.872183006717483,-11.901854565480281,-14.245441110975609,-17.14392865735864,-10.597520978908616,-13.034526769614331,-14.879145148390348,-17.506205282541266,-21.237584383900312,-12.615397292829009,-13.949423219196737,-13.522686659412424,-12.176305560394912,-16.281418021002658
-14.298268519012193,-13.057731496851183,-10.691394769905656,-16.229300181042543,-17.480357309013655,-14.82025019607719,-10.99729624505344,-11.657766325392128,-12.251788899154596,-10.689597952607123,-13.564032332903555,-14.113390353114013,-10.360433137437836,-11.510236536594602
-12.848381083958547,-5.5917198312594,-9.61435471154854,-13.701799319693631,-7.04622535944211,-12.728067738407942,-6.5486151231576635,-6.864440488367014,-4.083643563594869,-12.333188759275316,-6.878489651869941,-9.764474436397641,-11.938002615139144,-11.565880639105789
-3.043281131313332,-9.658768625205006,-7.03178533851918,-9.709487197405,-7.362983902540999,-3.787327731002319,-2.1119265105495204,-12.973545438077963,-12.331864069725286,-6.046542659036827,-10.040227157987541,-5.423309281854026,-6.7657857196034366,-11.803797092245759
-4.186211165547043,-6.152355545765925,-6.706098757523994,-4.95643399422813,-1.5344112217998052,-3.7106471439928996,2.657434033645976,-5.312895472386888,1.6666488095960856,0.099444162873358,2.785140237663481,-3.264103185955449,-3.692517172929036,-4.24265056043555
-3.1704924084682453,1.8596803352112925,1.8892491998885874,-5.532186776176625,2.3355871964816144,0.7227952854148993,-3.7463708778371037,-2.9244492026094915,-4.177303412558784,-2.4187518123129985,2.1006954264169373,-6.423615889392414,-4.364569970620362,-0.5808850013473494
2.350829437035004,-0.06515128251914848,0.7406904759372406,1.5249056185816041,-0.7016997082099314,-2.2200274208568027,-3.6554175137051894,-3.665731144511737,1.9793675141399842,-0.1437895113877884,-3.0977569075854263,-6.341683033972275,2.287187925351527,1.3866484046369068
-1.4234259147381951,-2.3908613255014854,-2.66569494725295,0.6825996865072081,-2.2025958721866896,0.7374856988846172,-1.9287319718725047,1.7213170991297178,-2.716500837756116,0.7248920645535706,-4.306405095589723,-3.414231612651824,0.6102069205117857,1.1124799332231459
-4.150117534657003,-0.6961599993124155,-0.9825148503473908,2.7896321906416883,-2.436520208045683,1.2619728232115006,-2.197611798413282,0.21294174413397582,-4.06099027825241,1.4208960027468975,-2.6779310840131547,-3.7537518000836054,-4.378568783717532,-5.929032379931343
-2.966821207984655,-3.7158274085682566,-1.6447962414523065,-4.7835555912304475,-8.432480902874358,-4.880622857092841,-1.2862082671402375,-7.205738836001428,-4.999899690814463,-5.303447974812373,-3.691225390722588,-5.318717573646365,-2.5725615115203837,-3.85609315066116
2.7075981534538966,1.2373694730781324,-2.9718847492314846,-2.8966049313233286,-4.0647105812156,-0.06463945344385635,-0.030041388532841218,-8.750682791845032,-2.4960604824571013,-0.8579640719927777,-5.93183012864332,0.9552260215199384,3.238717637606972,-1.6891006685641412
-1.710331164168182,-0.3193477353862273,2.0863131789207383,-2.3877835740754922,3.585712072037664,3.3940300165187853,2.6669403184272027,0.8743266798024485,-5.374602175098244,9.96656091483116,-1.4060060492763735,3.8109681584189845,-0.763418943829671,-1.2414392104846734
-0.02159673189776612,4.08523019698551,3.535289981771757,2.6774350264018043,-0.5861371686195564,1.1710222876248635,3.1022135340080785,4.360128604731206,5.742682701623158,5.173409337948187,5.244532273127799,3.127410506548802,0.9283399294117849,-1.511688751697407
5.9443781215888025,6.454079724351903,10.657943987994106,7.273205805182096,8.517975238325203,7.041467675040195,6.587992285823269,4.26982420964622,5.176648972158708,12.717346954235754,5.1230750536146274,11.891907987198792,8.730489291683526,4.779333106474462
13.939684729932585,12.323743441079081,8.991564318556952,13.149583090040055,6.841163690403299,13.28581979456526,11.078775840149714,11.869702940961488,10.894507316924777,10.013415195336327,12.315967646463669,12.487039922137734,15.277621023640963,14.775187393636426
12.947759438278124,11.336301847565593,17.391040356315095,12.303814385114837,14.485879459686926,20.27558052553463,16.30205862537025,13.477774222794709,13.809803298075945,13.53869709555205,19.382713274929277,17.27037059453896,13.888124230898011,10.586303765315748
20.117365517967084,16.601259458560943,20.246217571207257,16.605274074716796,20.628405716775188,17.14404163728489,20.337461283594223,16.640622923142544,23.1076992394459,21.574843460189925,16.018126832344432,22.78121541777997,11.620008876472497,19.301007063490946
14.26325145939349,14.954970627296266,20.080326629236364,15.283533926000988,20.195871978093656,17.782972815507648,14.042386371980863,17.967536218620324,18.014130861141105,17.782455688201335,16.951706112340418,10.398699041598395,14.366537896631026,16.291688319488546
14.880963976765997,17.44660767491498,18.632694173232682,13.725909965414036,16.85012742843542,12.969541347962627,14.952683453176121,17.831537596865857,18.8105944203598,19.516661423808586,13.500513384655758,15.16340705731712,14.299930513370121,16.259726460640245
12.38044550887757,11.84601488618286,14.125508154110149,7.334013190854738,13.54498733614953,7.79574861375955,8.545857651876037,12.41136772322271,9.185071169536101,12.307599043948434,9.69131311665218,8.142103040129607,10.581813093476555,8.183164238734841
2.976208546849393,5.1648053543859715,1.4331340894961098,3.2083149207602224,7.648660228234673,2.115056698850678,1.4994006639594513,1.2698677242737078,-6.323855996763699,3.5984495901220233,4.966276678670348,2.6363799279663613,3.768876738580616,3.802959506265643
-2.1428583643366514,-8.416763363910892,-5.739685529342803,-1.7555751405066777,-7.425226758957332,-8.166297850483687,-5.845636970732296,-10.224962866083809,-11.058549616523695,-12.242108359576388,-4.724393798370471,-4.22752659433993,-3.2709940848689203,0.21343180437870224
-7.273766500299234,-10.619246459896344,-13.700646541844435,-8.549264203187228,-10.190501495346105,-8.476224278968479,-9.284050281466534,-11.718016399474745,-14.957637705198207,-12.590066631954457,-10.334897818252719,-9.452884742242043,-11.339229648863776,-10.240185509944608
-18.500302907357447,-15.592086066628985,-17.653633195088222,-16.494722431073043,-13.261134818474323,-19.217949184730845,-15.654507804441023,-15.760810592301976,-15.63910139364017,-16.222162978157705,-13.377825020673221,-17.19890541302692,-16.85109088372809,-20.710870224410517
-16.68914496740977,-21.6364970549415,-21.740357708566457,-24.38960533245161,-19.774026006559218,-20.9771467643175,-21.09948678153098,-22.24759650382698,-16.549864287767935,-25.05263679095811,-21.815185397800434,-17.934341949228024,-14.158640385652909,-13.424752861506985
-12.29179967559439,-24.45964946422142,-21.97700342882137,-14.255628769452057,-16.75396630299805,-20.854748848884817,-17.596915452569373,-17.6396304678317,-16.59325782727704,-17.75135689050629,-15.935668662922922,-18.927810334573056,-22.80989615355628,-19.28527862752495
-15.822020482633219,-16.190607439955983,-16.207634403551484,-15.951801007959281,-15.396536302575319,-14.467647215435349,-15.906145498002298,-24.157009699567475,-18.183830056374795,-15.13776012544217,-13.728463622892196,-13.447668417034347,-16.221634337472505,-13.56549132248773
-19.662817528597245,-10.032562418197703,-12.528781574513374,-11.16035008061351,-8.124081007324637,-14.969660134265798,-16.42505204511307,-12.765698343884495,-18.275925740100806,-10.442594663107545,-11.676073739411429,-16.882857994327367,-11.311958555289255,-19.11725409952285
-12.061167153851677,-8.174471644452861,-5.301909023486061,-8.73158287172757,-3.5840266095605395,-11.775656824712225,-4.099765475878426,-5.899312049187242,-1.5525858641665549,-4.222586856518135,-6.935808546802776,-4.982937036353194,-6.888642086004488,0.6418192938334162
2.5050079822498166,4.920800169683255,-0.9174168942213041,-2.5089565439905526,-0.7148291342572728,-4.887886112888477,-1.4106388879007532,-7.278038385382481,-2.5084364462101276,3.6512323814573753,-4.7151165790473515,-2.146807708110111,3.325809163206042,-2.7225416002502456
-0.7592301269102375,3.0006174149712983,4.186846572705707,4.256569472420879,2.2224359975544807,6.131259623326582,-1.6180801829666143,7.925653655843146,3.0727955447152193,9.701528869571026,7.490170206048228,1.6076139217508216,3.888838775150634,1.9698108284934421
11.146599724150263,6.051217949263039,4.5631384004386355,6.270521623505566,0.09303088276562921,6.5554824956365545,4.465757405365378,5.023476203555753,5.8681521452666425,6.740360507144345,10.738617683874917,-0.7903710770876833,5.765483367212083,7.327378396805452
5.131089159893392,2.6592810483528386,8.094830377235285,6.064236719257645,7.625121961870443,1.4093485694743668,10.270550639711306,8.125235456654973,8.856102758127033,3.5838762680806235,3.226913777286873,7.160420930627545,4.911967957977357,5.380764481801648
-0.3576238933850835,6.097751732110392,12.457367710536511,7.811205315208578,3.6811551755688274,5.043489834005127,9.344198586579122,10.059487507364206,6.55165917809198,3.598174319395123,5.529890703772995,1.7085003137039134,2.8019517298326093,8.630826502814681
3.325223004221082,3.799776442623094,0.9148230759114861,6.789321450257049,5.231993050645986,3.3786999976561236,3.2133199650022886,7.552303444501526,2.4650149041598297,8.414011471500858,0.6484921144600522,7.805855574813966,8.70098995283311,6.812614468185144
1.9734984737828114,5.7411742719746535,7.714838934032613,6.366389441390947,6.597006428613694,4.244728442907017,2.4860322614974617,2.8650928173133705,5.1045345460230225,-0.574004438827278,6.403067778167772,5.907539770007334,9.41580888397689,10.89883786128537
-0.05950633727024712,2.554375388559814,-2.589466350400695,0.230944644846117,1.8996285601435625,1.3621310584464972,6.070287729412238,7.281208417904047,4.146501991854636,-2.8214234407281964,3.4337148476408985,4.529754986436786,2.5574578715909384,2.7461460573817345
-0.3166091812077063,1.8511665187933088,8.182974717128927,4.565067278215115,5.372622540879334,4.025818971122594,5.188186132738526,-0.5777862028772836,3.098889863495601,4.720369690321951,-1.0410476291408717,5.338010625456982,5.827762954398487,1.649957519856319
3.7008522756680207,6.452852840983804,2.775744741780519,5.545211387801979,8.935258211952771,7.146491155119964,0.05860105328130505,6.155229300671908,4.808462042756953,9.749117689750666,2.7009227851597823,6.674991968551572,12.550480619676659,4.164280568499931
4.950583713630811,8.305038972258906,6.0199136110867695,10.124176860670776,2.318065894223377,8.341540664369681,4.54350967708882,3.749392527276135,13.293511464387514,8.605988860141002,9.778728573983619,13.339446681729317,8.186093363034173,11.308224648186433
10.624101835080833,9.886422401174464,8.008596789172596,8.423368939468114,6.664921803897873,9.5985960307326,10.241518758176106,10.856595589425797,8.036969174506309,12.03843180418479,10.2047932217588,7.625006124210664,10.524654906985212,11.115581645875487
8.368670352705037,6.729502840352138,12.04022453349801,11.408040401005772,9.533392732506503,12.305201309623564,10.367219485311194,13.853792409207228,9.780766838401508,13.949034729367849,13.376379043347137,12.258647534391127,5.331560201034883,9.326367385023254
13.2801296219626,6.105115198370849,9.242942358916151,12.905621325456021,16.55129147850227,13.087919983946353,13.2544273483952,7.909139677966062,10.595582362443363,9.297029434970803,8.139538072434247,13.775408000873,12.629738333880569,10.70921449705054
6.189103975940263,6.932058972369019,2.7081517724473017,10.801369889538908,6.734369300379134,11.512489532242604,5.452724003594838,9.236807390412011,7.610787927739342,9.663445843351596,10.205503363988777,5.993914466095266,7.961220164158979,4.4379317996297205
8.873035000249342,2.8275096190340174,4.205548916949157,1.4115430576933896,2.7401947036871372,6.280892189996292,0.5143936661175896,4.290659536893954,0.9329605116489756,1.8443257842543854,10.149411490425063,-0.6367950244386344,6.147587295633091,11.250044012839904
-1.6258924950885243,-0.6421396572559406,-4.243302621181613,-1.023733951524215,-3.6931371233532415,-0.16388822715274487,1.0344364689189205,-5.0027703129783925,5.59431005139014,-3.1065883424099536,0.3000132896990553,-4.295625868606705,-0.5478703860936566,0.7549703056475501
-9.509703141373159,-8.849327901388092,-5.023886511599555,-7.9517373036849435,-5.322201799609369,-4.376337836991433,-3.4472455127432045,0.46325293725438854,-6.902400824726841,-5.485434265705299,-0.30734460808387976,-2.607843066993291,-7.2640155498257215,-7.748418143555012
-13.04919137635261,-10.993995503799885,-14.24069546658906,-16.00446821782902,-14.39966402292712,-13.24757681444041,-7.888965504699146,-8.660515614850855,-15.685573300524357,-11.950161416604764,-9.400698459789128,-17.89383444877342,-13.998203765502243,-8.428544192876588
-15.790776934758455,-19.361429310593145,-16.208097352225128,-14.357375198301426,-19.7905453891993,-20.18331350633872,-15.8154728859731,-16.95037300127237,-16.533842647586827,-23.143118243228464,-19.457607279610066,-17.76471817185746,-16.86282880214949,-17.07242686521278
-22.6038766397373,-22.70416119189522,-22.35034549256828,-15.9867354924745,-16.001364071203383,-19.26359980250881,-21.110782989707477,-18.4783139777063,-19.133228368256457,-25.801305718576273,-17.25293547748122,-18.212394875231322,-18.679792452422273,-25.532012107539337
-13.325478358892363,-18.50053717072712,-21.585833495540527,-19.16772268058448,-17.02200002060475,-20.39727615632766,-13.381926923335293,-20.051243017799205,-16.60574327564971,-18.24330596452733,-19.3529142846117,-24.3179821395134,-19.04059282101954,-18.922568651515675
-17.816543124380832,-23.041790775912045,-16.60255046535677,-21.461360083948257,-14.612116089025646,-13.446610140667929,-13.11375215064763,-15.591290057265839,-16.060130256907634,-19.601651893467587,-18.99836619615269,-11.188425214031465,-14.06516961434113,-16.42968586644765
-9.578729503726896,-14.510620867880858,-8.31610332205476,-9.907424093838745,-3.97008903421242,-16.672083936502155,-14.843156230332882,-7.9514492703835415,-7.5527874492438105,-13.816836367294885,-16.94487180769378,-14.490649696578734,-13.106517507639014,-8.944248935375201
-4.2217315207382935,-7.39839857074084,-5.239926556294226,-3.6962565952134616,-7.2485013706100165,-2.073952737901923,-5.181956891538898,-9.209100802965537,-4.601801714282872,-1.5150899751882267,-3.1629760763220647,-1.4705977125018332,-4.249877203806194,-4.416959010659258
-3.520117436176767,3.26094011182441,3.4272175743474973,1.2391765584409382,1.3308981008867469,4.986259218919464,-0.44702892391440896,3.409245654940339,1.4147967608770333,4.315192946656487,3.948466688496374,-0.4514495871523385,-1.0575848351526536,2.148588262327155
5.38117242373886,9.091315618067012,4.9733033869192536,9.756265435284973,6.189930666818368,9.809623539977997,6.686727249668451,1.0937844167325874,10.168711478645559,8.202692139993756,6.668203740594128,12.69033133632724,9.322864542313228,7.980311055742024
9.307065819395167,14.32164388237102,7.611954890991541,10.818398189464014,9.970076868832294,15.290475778790265,11.812726427268835,13.617505984900383,12.809761234242487,9.69399373057236,17.952615415562374,12.723863513609441,13.662885550592684,17.653826439117616
9.95201547174561,11.816954768180576,5.12186965475302,15.616518254627199,13.503926104485998,8.695947091006854,12.029327329433613,10.081206321327619,9.686767091943363,14.856504533844785,8.84083072918687,10.437338938822622,8.463919145430346,14.299758099582776
11.483475754691794,16.757630892395696,8.222568450809733,9.691477233603045,17.323938532352113,11.537742690600515,11.59853835907522,11.451183316322656,4.114701033198157,12.602379770730419,15.246651917819971,7.182143468858027,9.606164034228954,11.585236277555268
14.765163340186152,14.097144407736943,12.252548906508801,14.642272791571541,9.855483626623805,10.228589327464615,5.829699506368403,15.275063898213215,16.470404770523345,8.32201291542985,7.733224880808508,12.508923526582258,8.823387576547958,10.566540785005772
12.351984784302093,7.913736041260748,8.843005505848899,9.432191866802242,4.8334368812413135,8.125231179398682,4.389480700296044,0.7607492608978186,5.547626622052103,12.183711214551508,10.423805269012153,3.2031871370669114,9.834193869606462,7.8283275454449415
5.858122030779523,7.665215212761938,6.2262360964263195,-0.7593878017792282,7.038046421788114,4.3080924691572235,6.468488008026667,4.930685950347787,3.4553290328588386,6.09077389318002,7.285290523141569,1.955849110438173,6.692099575724818,10.11862337902857
3.426832282432511,-2.0908084615960902,4.582137556282885,-0.18747674914280932,4.921139557887372,0.8458854511732232,2.4701697802871445,-0.4585335635096426,1.4011320408505723,4.7287043049611,-0.4707436576654618,0.04449986601216471,5.843950010872301,6.139780889839465
4.442442677103224,2.0834715285825682,0.3420516534366178,-1.4066407692357648,0.24347892875647847,-5.206397320352563,3.0535451416738466,-0.26263748211938376,5.042986330667024,-1.5454881196751682,1.424840621546301,3.5447279263928704,2.535796874322995,4.3732647705713354
2.221557992466837,-2.11377059690029,1.042003366657775,3.2768134336250383,-4.044823505723475,4.662733656658288,6.633620877269008,-1.6073429109721413,4.3655560681305765,6.125688321669516,-1.307806015838569,2.520116930672748,-1.9645082127289974,0.6409515151206548
-0.7559424051260111,6.627759243683881,3.832633605504657,4.444126249920682,0.18325281591224574,0.27119844749886823,1.00934498775813,3.6855697447388502,6.7220252898111,3.9704077270837934,5.1315157176141915,5.324920374113594,-0.030660556891398905,-2.3953399635200254
1.7817273749774607,1.8622044680480725,7.75559330716908,0.9204802162874883,4.697483644636464,4.1147306686994956,4.469103203812857,1.3848386734099383,6.179522206493578,4.328885098204775,3.559715006146798,2.0392033725805607,0.41269064271003675,5.827652693325211
3.7783069417003947,4.1624800429800635,3.980084603140536,4.748684190274356,7.489184071670107,0.13093431575677084,-1.9771654972837593,6.194809721696209,7.396850377597403,2.3088114395183807,3.0373351220821156,4.467911769354478,5.620701296043203,1.22070594023837
1.2110822000006807,7.1206527085994,6.182725494451894,4.8762598054101955,4.385207387564675,4.008096026204713,5.264503017918201,5.430969714609349,7.41889263110649,5.3662521951355355,-0.33489981399086544,1.4936074871734193,6.727864498757984,5.311890118870831
4.119543116494459,-6.321714574491419,-1.2064642315697909,0.9425491734403049,0.5131438288303676,2.9131665763024124,-1.3366432102147527,-1.2945338910433226,-4.298444688221892,-2.069506879810893,-4.798219623094992,-1.9785232922501819,4.081878144474467,0.2623696416822494
-2.736788728675533,6.501942759740957,-4.635718948856141,-4.287925719683789,-5.004632743301604,-4.172722833732746,-1.9288611955852062,-4.024316644804858,-1.829153654707465,-2.1319084344966996,2.1841349362131393,-5.643719507472038,-1.4878495443831485,-3.889169295069542
-15.216727577532385,-7.461739778475944,-6.398238195260627,-11.142048869651834,-8.800550130042836,-8.25308461395371,-13.74101024242754,-11.38559987202444,-8.753874553757564,-4.132978371421295,-7.428729008066788,-6.529035957544883,-9.34466947805423,-6.605429992499789
-10.11270520350722,-15.787638603062614,-14.88195856664487,-11.254427195725047,-15.377427711146147,-12.23372760500494,-11.84309299775388,-12.86422633915084,-8.889239692465875,-14.31962797598779,-10.184626608731557,-8.547427859268835,-12.773762264095364,-13.657920515664888
-19.836031768287413,-20.644723961036597,-17.807216904699054,-21.205308522290352,-14.942065075976975,-18.794740242232695,-18.480575849969636,-14.853628256646811,-16.890348366531363,-14.087129902561959,-14.857261656127843,-16.58306552659598,-15.393903287502647,-18.214331225249087
-18.870001745826663,-20.523992019648443,-16.562255327161928,-14.414522026296448,-15.284038628866753,-17.126243901202894,-16.30483923549391,-18.94707910173114,-15.228729121349708,-16.965680243355486,-17.139294249120898,-18.803292572254207,-18.67874986090679,-17.818409439683986
-16.131905472569404,-20.190599262640823,-11.501095691349754,-19.361852485757147,-15.871135146531305,-17.291646517905928,-21.136115964028157,-19.960138899880473,-15.838014919274324,-14.882403213370232,-15.810156941894192,-14.059277031166713,-17.670307776154775,-16.470106035396597
-13.229954997496897,-8.960730762171721,-17.132401993561906,-15.145139919541782,-13.652549778652036,-14.934144359246378,-10.776963742934214,-12.176195648200187,-14.9761219758255,-14.244378203820908,-10.015643759915717,-10.520340608924924,-15.53930994493606,-13.72962698714916
-7.401114123139605,-13.293161626731091,-10.895776106983293,-10.893938526300058,-7.491568780406876,-9.360390010617026,-5.181673370069536,-11.098166096727798,-3.5007037838317228,-3.5250558889166186,-4.501185319377451,-6.038347119251441,-10.495823405507412,-8.246089674123812
-2.964836603522495,-8.116541920941504,1.574523559313472,-3.989181042876588,-0.06818505908505657,-1.967717522784621,-0.09003763105097407,-3.5218840745573763,1.032058626024491,-6.0184589774009085,3.4556590747120577,2.6389586344079357,0.5690933953307731,0.9471151453822451
5.403846916496736,4.89609528029934,7.2560889694164175,0.2892858552727908,7.079322981718351,11.817059591212002,8.230865142966937,8.636770733458711,5.12163233483926,7.075252537902676,6.367321450109142,2.4906779843269042,0.3996591861475265,13.153611372111069
12.416594697806797,11.79067824036548,10.263702255961901,14.6010592041013,11.760209650366756,6.324899065283284,15.260503327619379,17.47249545131541,9.692263022400429,8.916329996190687,10.966467783310707,14.435188833901071,12.707984882663876,15.656097937455177
14.486455513233508,18.281067480840193,17.843882519194718,12.433825554729292,18.014983409731247,13.383208357212132,15.343905098177586,17.166087211452478,13.550683441635096,20.252453445529664,18.32793459322192,20.225372979627934,12.80947433143503,12.470335892845533
19.342355419877215,18.8004502895974,22.10944644346386,23.916172512518934,20.247669869730984,16.913090973805282,17.159902344155203,19.5324647300905,21.676913092741703,18.36749421585544,13.608580351383122,19.642097281777115,22.141224981382837,18.256287840805413
20.572405375123058,21.80967064211882,16.4597932554929,17.925440726739986,16.20487503817859,20.78901350501595,14.682340769938405,13.558503380985801,20.10660825747153,20.900550174457845,16.313265916677004,13.445099463215962,21.294495661307806,16.636084180781427
12.710862715180134,9.742197320074858,13.025990818776627,15.113488033499301,15.60157194104864,10.4957549479556,12.198133874666746,8.988351844495867,12.846402220728933,10.332474272486628,15.272499462365257,14.301523100310515,10.825746742061188,9.457349826467507
13.627925604598206,5.483821849073325,10.353933153963089,7.742029783130674,6.527817380559667,14.365106056289704,7.780942741276986,9.597180588582457,10.830463905920624,9.880695707377798,12.678013334640216,9.024188183524698,13.899965530054937,12.032673900829963
8.24285781230332,8.403198729137133,7.325385248839094,1.1165955789716344,8.310905335040308,5.087278526680066,-0.8615098522954101,5.564316667157889,8.748988472352938,4.54222953170909,6.551651307450797,6.759887394631482,7.074370154184651,9.127622873969292
-6.751475224014111,1.571501741945195,0.3339207613672821,-2.6459374104739064,-0.6834687611576822,-2.955944976946452,2.456952036116442,2.62192834903348,1.5733247940772792,-2.1067937575250433,0.9972921583777388,1.8890840443433645,0.37854459760707415,3.332850940358463
-0.22800812721384123,-3.8575869727393517,-2.954483181106718,-8.57314967310872,-0.17183840231875447,-1.1145979319147525,0.11987395560644343,-2.9462945751888614,-1.864556271893475,0.20658821697834062,-4.025314509282886,-2.8612991515824446,0.7748156735795648,-0.6841308103527957
-3.205466795322181,-9.340495932115093,-5.0864379677736995,-0.6610084491750392,-3.640236063022118,-10.98450779420995,-1.740483605829617,-5.496012399900009,-5.2114420461466855,-8.737157838497769,2.5745020133497336,-6.769931830851828,-0.21190110171894672,-7.170195938733399
-7.6016447361073105,-0.9257008144978647,-0.19484984005493722,-8.813742563807391,-2.9966416943496847,-1.3453350986976753,-2.094514094028878,-6.3418721140663035,-2.757721188300702,-12.44750204292604,-4.90650576844048,-0.8107644625873531,-10.33896832807533,-2.87726262755922
-2.628121846515652,-10.304648159250881,-4.892340040746314,-10.81713476880313,0.7204592786734234,-2.8401758150194736,-1.557465571433427,-8.62464371575613,-7.983652240027471,1.2068303287031434,-2.023275513822638,-1.3799913137521505,-6.875569986187463,-8.32864600531576
-3.1703280868712533,-3.541294671346038,-4.489687568403548,0.244575288523166,-8.551062116043518,-2.1055268596062087,-3.7111918108515303,-4.257088719607228,-2.26837109158865,-0.4457331172177077,-2.1080078915334477,-0.9489749696048759,-0.8060362681434738,-4.136255929714996
-2.1930615170040655,-5.059532267935284,-1.9759884838734758,-2.6373570478905606,0.38837277248730473,-9.208865143644427,-6.622309029168703,-3.9319468208128656,3.1879284573456976,-2.2568828804316774,-2.3591958756001126,-3.1189632722825644,-0.49051517088056995,-0.26980762020850513
2.2607678279728427,1.6537683040937168,-3.28941027120473,-6.337272958279681,-3.58345340667169,-4.22408356594104,0.07031900152494908,-0.8830147605338567,-0.3312279179825506,-8.586152410440045,-5.412792093511388,-4.7691799170241085,0.2959085595110489,-3.7261049642156387
-10.600102491850038,-4.184554163681869,-2.8703513475183646,-6.529945872021054,-3.0047964633013207,-6.285714217552393,-7.944493480260569,-2.667131506911386,-2.580857271422274,-8.986373716960276,-4.8316195014919305,-4.966102462297481,0.28959069304641005,-5.514613265032828
-7.034048659724848,-7.432003421070614,-9.662897865801991,0.4267349621093892,-9.136005200434616,-10.697130691774388,-3.464689463381702,-9.35714384605355,-11.101389001976356,-7.157339844520872,-9.411867881208563,-5.791742714415936,-7.898714780138324,-2.394879316247944
-6.5980378550923495,-5.369124417054424,-7.7462959793163435,-13.711738807715236,-8.802887552612924,-7.292721301971264,-13.568428047112587,-12.406251902907934,-8.396688841180758,-8.204559735401878,-15.822085864720334,-7.690497143060236,-10.54894869797355,-10.842672515453081
-10.999416801586017,-11.508929053327103,-16.9293098192507,-13.655937621022805,-12.35551022881753,-12.23627136896664,-10.94709105103474,-13.95595286068198,-11.268123952080876,-11.17552652508704,-13.84522583000027,-11.67765073966401,-11.154505932311144,-12.950208222804601
-14.53437669192751,-9.211494166461126,-13.627727284347632,-16.01155336394294,-11.390026796632217,-13.293193087376288,-13.694158054333037,-20.259825432959225,-12.550464518426342,-13.605487596651063,-15.234416505647518,-16.638042453155922,-3.627358464901068,-11.144304266066658
-9.857149793044787,-10.607138142840583,-13.155111003867482,-11.146522064444778,-9.848186548672661,-12.967763129516912,-12.175043215926197,-10.345570648370943,-15.176034723560885,-14.808419544289045,-11.173469857250604,-13.30675114976072,-11.012029487947402,-15.99606965025831
-6.663112341522515,-8.974231206297842,-8.389913850406607,-8.909711100849224,-11.3893674939506,-8.693397157566482,-11.098748628435585,-11.108367193503419,-13.099051679430119,-9.13683167689086,-9.9032029373912,-11.103704464701174,-12.805304461282914,-5.673320982841542
-5.9285445218016415,-7.647858819547391,-1.5311939689412828,2.072289770787168,-4.6934639463151075,-4.476542547596433,-2.4516108977409234,-4.807093778666366,-2.8966950015686903,-0.875802147321501,0.858143850566262,-6.0872345798032805,-3.7997259461165616,-3.935988139442805
5.679295159309333,4.126956456816392,-0.6841228401041595,0.5101094382061733,-0.4755322964257629,-3.5982619919859467,9.11283431480565,-2.9213209207451216,3.4063043251146166,1.3446079056526996,5.4890825479182475,-0.4128639174847306,1.3352643541469225,-1.2320343936441835
11.38881562015719,7.069340601291874,9.235194363339433,12.064044274185633,5.139236630672853,6.315712908919971,10.065379317092212,5.7907737316048875,11.058308030245744,10.222559599769161,7.164315948625647,13.023821086022402,6.0750487420849275,7.544561525118324
13.415806626979856,6.129659009070902,14.296739805365283,11.525110007927044,16.582209588668004,6.74737060229252,16.172959836138133,8.795600611595303,16.113817558270494,13.754668864432759,10.150776334870017,13.406731806311585,8.197666916484463,12.4827216069791
15.30857101483522,24.162564447748473,18.824919075540073,18.275703758310758,22.268015471628647,18.896218995734692,24.638467369886897,20.409897269294923,13.6875351358909,16.75715160807608,18.186457533785,20.639446886662945,20.753843759233963,18.062424826656105
18.72440169122711,20.20932121242462,19.880664905730146,27.80225977752045,22.578524489639676,23.816347130696347,23.198882787214348,24.163125312676396,21.586721627169418,23.495584073719094,20.569020058072436,24.565691656980768,16.660869874286927,17.175107981025093
21.163939954083904,21.09470540092977,22.13163988061889,16.572266101092065,19.641628392487362,13.965031780764694,19.296732031632466,17.88697977327631,19.819611742110638,12.691421627236297,16.15864247473495,16.83873715722858,17.46362065094503,20.211392529864366
13.367243247600344,15.348743695330576,8.792652427542048,24.159726076410337,17.469692421193454,17.245964008317458,14.127219295966515,17.502646772769214,16.01515485696451,16.585542624419734,18.49677790831403,17.016679029517665,12.182105537031845,14.522624311783568
7.87451351112634,13.185173339383613,9.97911584609107,9.887852583487616,15.694205175948932,11.309095449735839,3.9373108654203177,6.684597255932382,10.510842967440178,5.375687459118222,6.319504393179933,13.953117275156337,12.294241437379116,15.462457881639168
2.6193950942344024,4.08321454151452,10.416545281976344,7.287359651401507,4.102386696547786,-0.14571852818376607,1.0625935657778207,0.7246539296073933,3.8584224804648803,-1.7597436824166706,5.7874255059806785,3.8315917590837216,0.6420459615813812,4.994862453543652
-3.7585850179318516,-8.855365596791028,-6.530190065204541,-4.284353788339653,-2.826094324949989,-2.136312416481686,-3.8889557037376985,-0.06768488257576566,-0.689740217733775,-6.656865445431532,-0.3020164794191027,-9.540715263415978,-3.0949773226321904,-0.3838293875154237
0.42082577192891346,-8.328055293360629,-10.143990495267515,-11.533762314817405,-2.875251547862332,-10.99851959479683,-7.853550188967045,-4.129006003729989,-8.438195177217768,-8.434718411208431,-10.638303635161698,-3.358610672175166,-5.256165254548399,-7.522675855136296
-9.05417243292507,-9.513409753058303,-4.569192613249218,-12.048068199488464,-12.357917272253948,-11.478083879079438,-14.422241988538406,-0.9358087687369796,-11.42320088763226,-7.95843882341369,-10.592162032771379,-11.867013973660034,-12.80776205068161,-15.459150251655618
-16.45023386396992,-9.32584648105563,-6.878904861871355,-10.326790116090049,-11.622256860324448,-18.592913760649466,-6.006323207146764,-10.016195800966305,-13.116867777263993,-10.491601741536934,-10.35799340544957,-12.06210450782802,-4.275515191393827,-11.696271908379213
-10.797372716248065,-5.4723050474774215,-9.026353446593202,-9.105804970571473,-10.792958453732519,-10.948097274787886,-11.27850332372006,-15.090649152042483,-8.765352469463487,-13.309107569171118,-14.72289180817014,-8.955694799705174,-15.060281668344096,-8.963753150716212
-12.364732361477753,-3.964817578298926,-1.5672366812443057,-7.317470421584277,-12.224123835388884,-11.935041969359126,-8.37005871524362,-10.637350736112442,-11.218088399211435,-7.640938020619398,-7.60390653634545,-5.977715195021865,-9.986093867528126,-4.4069205081624645
-4.903555274899669,-1.1170441460214313,-5.4501264279285255,-2.8332570944062296,0.1005783137239975,-6.980197076034227,-3.803741194884408,-1.0560437899412438,-2.594699155997792,-5.825175177216844,-4.105619419309662,-7.860601820347041,-8.593076345182016,-9.38640784958591
-5.184186475648758,0.742234403026516,-8.046436247105603,-2.35380857132862,-0.3713624265069191,-8.655468142696854,-6.851085194754215,-7.552420013818442,-3.477305960152849,-4.628514579684101,-2.738392215464591,-5.985910063130465,-7.6465247228794215,-8.954235699765217
-5.978487682768482,-3.58181034792235,-5.82099754802989,-4.08849582924793,-7.5641097470899314,-1.678929175331028,-5.722874648631858,-6.402694477386133,-8.609600798584044,1.1504884322969815,-2.087274248494471,-7.104491337961548,-3.758491779800954,-5.770329652234612
-8.28929238876719,-2.971594083926309,-2.707686202616156,-1.3578196323295573,-0.609637699667883,-9.59029918513238,-5.342549002437817,-2.0493501007769748,1.4587624571157463,-4.817195449702215,-7.90067018132418,-4.242302700538511,-4.9422894695764965,1.7637827688577694
-9.241056207102158,-4.315860130293084,-2.9220587924044144,-1.0416994897028853,-2.305097270089926,-7.024298151350333,-7.050033313916879,-6.0273855315437075,-2.955690101710177,-1.8039450288873673,-8.563636602771128,-2.2143282688192345,1.2542604041617,-7.894492668112838
-3.6277405845891226,-10.21990180059322,-5.421517796077098,-1.7136855408587435,-2.9624658940564856,-9.78115800877099,-2.2766557983037137,-7.231939654086322,-5.28205192487131,-4.935871098849808,-3.010176923195076,-5.343759821769669,-9.083916171507331,-5.96405920448876
-7.315297589440382,-4.311609048227229,-12.283116145257331,-9.575376470363278,-4.289253067528516,-8.49016897540842,-5.030828756778629,-2.171121389401364,-7.125181198799584,-3.4251142016442637,-12.367096456509278,-3.0675489239416622,-7.943592124154561,-6.454754268846676
-1.1002635505010074,-4.79348505994209,-11.023668314957316,-2.87370849180122,-10.502394546305428,-6.655435365865231,-3.1326243649164502,-8.682793310963826,-2.4405893977497612,-6.687560487801213,-6.929743790159481,-6.807836457552011,-3.6585629434832336,-1.5489771453625067
-7.244076352889483,-5.2205495194625655,-4.95228537225635,-4.2452961586082365,-4.290767880212049,-5.442664676014531,0.9772291557073718,-3.721329219199957,-4.646558941023842,-6.229792195657275,-4.385050164607383,-7.1391803538686505,-5.591430267764709,-6.7884854944571735
-5.052694295698251,3.0343485402352597,1.8095628027178687,-0.5296669298062734,0.4293160308032794,-0.4564788389760219,2.0684671846066554,-1.844456266259871,3.140070517406376,-3.083394650541055,-2.41391414123343,-1.4481575749642508,0.2230752033437876,-2.640640507619233
4.61885490983579,9.498785781868076,5.6843702219800605,3.129242746615189,3.8790465269350776,5.2034597644621865,7.268271843495555,4.511320322426692,8.827334341035572,4.337357584761794,3.8541859536825163,4.053883775625124,10.277913922547459,8.156010638680598
11.631681827409388,9.908864359013085,9.542605901039542,18.16654015340946,4.6679091550985135,9.43409679645856,7.75226895241075,8.632646424098038,9.398756740699007,12.864864980692703,11.184378039884734,17.47522274718945,11.831149142687533,11.343232497438436
15.325011111357941,13.90602621001159,14.57041480570306,12.229589972591803,17.528093718688456,14.876526048498024,15.85232771402332,12.290769735023009,13.237502668071848,18.26599670747771,11.726656727305798,15.409144538681058,14.760024544119933,13.159643690379394
14.491065732231206,17.353760320797154,21.073530364778506,13.601226522206332,15.34968639127874,17.74821615979102,20.174533925232666,22.15738445703751,20.495383898784883,21.536320693365603,22.11544399144138,16.83903970173993,17.003563958493995,20.201459110689694
17.036916750220243,17.84961097562291,17.834636353673666,16.73259046345379,13.31824946157243,15.06446754647541,18.41314139326781,18.98830134058414,18.529119192895294,25.9155963778392,20.444364935027295,18.242492433740345,19.980575103124515,23.223129382074724
15.54754876633397,15.554613735548726,19.505116668124888,20.80785239042118,15.61851525343528,17.17118656770213,16.954411894256356,12.01879311563306,16.42188845719564,12.881249401720943,18.650481699918963,11.878349152759224,15.160923112712407,17.950056346003958
12.672986208250173,13.50177467865425,12.55200463953973,17.231858522919953,17.355920052147383,17.8115454518618,16.75339422969589,14.831064313377224,13.991491652357492,7.153617201213852,6.865417915805393,15.677255119438545,12.949205231523388,13.028043520879898
5.875118782175895,6.917297094510159,9.631518321050223,7.659556130217129,8.752568208738428,12.316253010405198,5.134051020550412,11.396819770158496,9.720582477988689,10.585543694687113,0.01310236606908255,8.120203512239229,4.219559411208898,9.38176497906543
-4.048018087251318,-3.522174188029666,5.07846628087474,3.531934055041562,-1.7727635204682357,0.4395749872296396,-1.8843372300934056,4.095488604521184,3.001465605251718,5.36235144464329,-4.575144074221405,0.05728097146658501,1.9392993892757007,-2.152702585133362
-7.345422328164558,-0.4366796446838759,-12.343863625608332,-7.908727736649077,-5.4142417696921195,-5.606898761938183,-5.867678965718674,0.7216721717620569,-10.136536418580368,-13.441539370118555,-5.903985923387896,-3.331055509017638,-6.499979346954301,-5.0568774288426
-11.633911020937795,-7.039025444631026,-13.472977482526623,-11.311012357756558,-12.263739916613142,-10.509016877764893,-11.259919421623046,-11.367810811329736,-14.024096113069053,-14.532544902579657,-14.791886792250871,-13.767743607192475,-13.749290704694806,-17.059895569206635
-14.59923154594098,-22.52916759022851,-19.976081055604553,-20.650109896796074,-13.920007775665034,-16.927818037514122,-12.948469035123257,-14.539809159170328,-14.667591409280845,-19.032073598355385,-13.763876456044892,-18.620293055683003,-17.26423318845806,-17.783967524098628
-14.121749910429958,-14.159380046652295,-14.469189290666057,-12.734443075004265,-23.175139234438532,-16.042357351387373,-17.092959621687566,-15.776906299777856,-17.73776839249945,-21.355140500025033,-15.117680239003795,-17.14957186745396,-19.868624596882697,-16.40804877950908
-22.69078890444952,-19.28065056132654,-12.495124504010368,-18.311394358279433,-16.542047077117253,-20.583311431507987,-8.329436749422879,-16.805173534725473,-19.097445133412176,-17.299790805491487,-16.759755886599404,-16.038763644599737,-14.68195975179405,-18.162157024003545
-11.95601985313659,-10.575836867156035,-14.054930818516887,-11.027323114604403,-11.703663922579938,-14.421846109160466,-11.112221617933743,-9.457572359537131,-11.760667968755065,-8.301529235300574,-10.024636001288386,-9.150920510293293,-12.265796729288287,-10.819793727947072
-11.088367665454271,-11.114734953757187,-13.211367915948388,-6.154225764597082,-9.540145844972114,-8.323800148716956,-6.386532160787169,-8.38522360782913,-11.709845037331567,-10.406929627273977,-9.148040775796776,-6.4705608186838575,-7.554695678748361,-9.489150384421746
-3.2136332029996773,-7.846173958609711,-5.275961772152941,-2.2019831284547364,-10.502164695555827,-3.944519299326784,-6.701462698854325,-2.680564429434864,-1.8393922344655143,-5.67178295175217,-3.106559485878093,-0.49373556582337663,-2.2758797096059076,2.1802672651105413
-2.708241856195676,-4.3347558227810135,-0.0037469245120420602,0.3333602557595301,1.829271590913757,2.499301972815725,-1.6513286797556124,-3.288289297962449,-0.6826664866235335,0.6791035144621524,-1.8056096680764677,-0.30282948104989316,1.1332616653298317,-3.466330353046558
-1.8250178182399752,-2.4851877614915843,-2.385006779468074,5.076040103010953,-5.278967760587742,3.550666268381977,6.6136088613308095,-2.63560299484754,5.266489306568066,0.9383783860705817,-0.15552262717321996,8.276411059547938,7.7778209055467045,3.2279735221933703
5.5409842238239495,-0.5154008965118333,2.0365071389327776,2.3580393717072923,-0.830290799197424,0.2550833147664595,4.110903261699054,0.6110803317842075,3.4129672489498897,0.9456258600807008,0.8947102191927143,2.3878164237002775,-1.2292413666904327,0.8037094608621125
4.212836873942303,1.6655169641530863,3.349595170027002,2.6752366875104396,3.2854877173600188,0.14967853889657157,6.9483754189889755,2.900189716088538,-0.26565188630784586,5.036497015091786,4.51804873645733,-2.7786323768324923,-1.30963167092564,0.6627247708262243
2.6311625038130897,1.0809364219147193,5.36387465229875,5.441494810276838,5.069933173150447,1.4267966084014894,4.437237887138533,-0.4747602386527825,-3.321571784575175,2.0020332909007013,0.5995067244869402,2.459284161490388,4.879830248883242,-2.179792398525625
1.5243612067357173,0.2542256712994242,0.012655355707446025,0.41494059267096883,5.411150061116075,-1.5407598513814662,-3.5568255652116534,0.31656672703704847,3.76652480681191,-4.709474661409613,1.4576961860267188,-2.6752077966169447,2.825487203693996,1.7297778846631362
3.6581704419778234,-2.9923121297756143,-1.4092196287689642,-0.6289004647012284,0.8564215183198566,6.512274066666609,-0.08664869352750681,1.3312916873812337,2.052513504650597,5.0203001407636165,2.097341144907134,0.10170619694918237,1.289755811822017,1.9260790269465955
4.512925932644805,2.693282072916578,4.390621006948294,7.306921854970864,0.17081651180617863,4.629053729880355,5.032905822810644,2.515931710499689,1.3376965611132539,4.844870163588044,3.6541979332179673,-1.1540824932066407,2.0692188623658856,5.337082399542869
3.5255140456302456,6.066332328291308,3.797102029467891,2.3199397783747884,3.6586070143891583,0.6755468592852338,5.738974241380994,3.5374600881382676,5.797143662206231,2.2924439928659837,4.2209084290037575,8.769583185058796,6.782501693712053,5.958704372745836
8.89029382614154,2.668737971995677,12.33902044612992,11.792667896881738,10.740041361671297,2.6528141676278834,10.34606512943132,3.372966344285045,6.604751417328688,9.955051889923313,12.870850505417067,12.903343292707422,4.464716361825947,4.849949125585631
13.072381915814965,9.616231752338111,9.58237129061137,15.306198286555844,18.512407121217485,9.335223671201577,5.489140368088137,8.930022628733289,12.432874500245896,10.176497290289705,6.553233820982486,8.500484075639038,13.966562394739956,15.25196416728339
14.047646307639944,7.314934920936081,14.446072455829714,16.419007207091006,14.9238142203083,12.418847164155668,9.8974613337617,12.533029594450555,15.751372377839925,13.90841536340464,9.444150312308366,15.010227976857589,12.176177147703873,13.628304073145136
14.286034056468555,12.91360021328007,15.127152233577071,8.499810792225544,14.376695733835954,11.89179424695358,17.658958535686526,12.515594002212444,10.23114134877707,14.289475262091404,15.610198082621894,12.342207140804353,9.573681431116981,14.50032946286567
10.059400482831427,12.667326971002623,7.6386702828602155,10.481886225528793,8.076292335348706,13.8335225629626,9.03402583420093,19.578898259834748,14.993115782116705,15.013621578979942,15.20424543517463,11.966746947756567,13.1975401031988,11.131917093799704
13.117418146854082,4.8264470615755,6.551525701360893,9.848206732261888,9.269244523813398,7.136916523815271,14.759699459594069,8.140155235971982,5.685469928759039,9.146948776367175,8.747783068503153,9.936162158479073,7.6813313790757345,7.766290315342847
4.726284604662627,6.779804471220762,0.48577951002151254,8.172366718739429,-0.5130496869637162,1.39633827207853,11.829405180366045,1.4039139953469117,3.1227568039222864,3.297386529729261,4.761349667589592,2.605424609094608,-0.5773276523488309,3.954236861013744
2.048107265808598,-3.4263838851233515,-3.8422447533062716,-6.480183842975125,-5.6187780587873775,0.16009812867141715,1.5282713175315346,-2.0122232757749217,-6.8216966581439635,-4.212670014951323,0.9563331627386695,-6.512378710297327,-4.62556768435099,-0.7510005533244399
-10.372054039698204,-10.795706425647479,-5.202097703660234,-8.122038404167206,-13.372135496175247,-16.336501089361832,-10.837487770780456,-10.219865367627191,-8.499472382492215,-14.073259705192857,-12.87738800504661,-7.867776694512713,-11.812032021605953,-10.21058268334856
-13.147297448956893,-18.154322900361322,-13.272246614932001,-14.280483379574225,-9.50524359922345,-17.756007966796666,-12.982782996943005,-17.49150157507529,-14.882648892744182,-16.35760158746724,-13.104995991584085,-16.229674890342423,-14.388666766816534,-15.387390631535789
-11.105933380310674,-20.04070318113269,-22.211623945309523,-20.945329380542333,-20.02198828430064,-19.30440364195321,-20.426145062137316,-19.129416084183347,-15.951877177274785,-15.873430756099898,-14.805693708397882,-21.882411174808446,-21.39818094137768,-18.18051850336757
-18.033409392865277,-19.404285289711623,-23.37259226847788,-22.152347476075377,-20.738834038981278,-20.90532348787363,-24.431193931264055,-19.336900394763777,-23.066374211620683,-19.27391813972403,-20.902799646684468,-19.22185288245261,-19.554841472482693,-26.04758755517185
-19.040845424754885,-17.73879288751686,-13.32684399616112,-19.468821102901234,-16.506966472752385,-15.3575080812764,-21.37411654926072,-19.643919724303526,-21.04317061359678,-18.172682429202982,-22.506893943873624,-17.998185495278648,-15.559878176876486,-13.55693880820748
-9.473323706074165,-13.326513467933584,-13.566053612411714,-8.647707104237078,-18.028362915792716,-4.835593533067666,-14.541482269039308,-14.107418806288871,-13.091975419926998,-15.186767577288604,-8.96652245560735,-14.04722438983193,-14.921600343822497,-16.167530228272952
-8.280340318713856,-8.999713714283752,-3.3289440406975785,-13.552772478945608,-8.164048989972553,-11.382445254326782,-7.541560885465554,-9.679051897997661,-4.855221535782201,-5.710773709527963,-4.613748260210324,-8.371588597149842,-11.22978710824169,-7.521827662111508
-3.6639471216177513,-0.41485087998947545,-3.9042894375875425,-5.172188396462901,-0.49839596140069853,0.5116998747272405,1.363430028987267,-1.7035285693930833,-0.8436995587244658,-4.39266805374644,5.587500492207239,0.8670057138450051,-1.0224332663044862,0.3366844562463722
3.2313515883838106,2.073626945360945,3.1420305472914016,2.7956880096382677,1.1555945088252506,1.0712588535087213,-3.6495979094872055,7.468279414121967,1.1303580325081706,-0.9827526421621897,3.9576274714896824,4.215494070587945,-1.0889730134449946,6.135637273043812
9.960609696034567,9.052689891940506,7.052307022473939,14.0413927531512,8.747842733433146,7.0099814933242195,9.359260229831897,8.922368411086484,1.807004050363635,2.91675511030041,11.675202683326141,9.397838872628935,4.0581440683983665,6.196381954168605
7.412465222580235,7.192380318683933,8.515761604522952,13.826078692678648,12.534397858561967,14.59054797416827,14.053548106841085,12.588171389298067,8.941048196915782,11.758958168545163,10.56814354322655,14.32401700772565,12.876055601782365,7.714070463566435
5.541393614849314,3.6593546471269223,14.161679224526393,7.523993066212382,9.470886229078051,6.885994174505345,15.813950984632978,10.296881984354748,9.55023990723058,12.422409622752713,6.434882031316002,7.690333081511558,4.063705564168369,6.135043381734732
11.05044063070948,11.629815830657325,13.587589772100191,10.074763193499498,5.897024327470074,6.659590670199555,8.847051956691681,12.221901635782109,8.457317047748669,11.270922985991577,4.758819807237368,7.177693933202637,6.469658825977659,11.581071790596177
10.587065917075206,6.644943882040305,9.59096813472773,9.724617276325425,2.4387866950593944,7.25503788678919,5.059948255099677,12.372658364863033,11.763737309006514,6.567261009933415,4.747303458233795,5.9328018184267295,8.202501168744607,13.598420470939729
7.674939552845613,4.214411591810499,8.60928155614338,7.962940851415408,10.744259684936763,5.047686532083074,0.8204537889166232,6.175701261269435,2.7508729072583615,4.697818245666042,-1.2030914740032363,2.8053998356688448,9.359775958389681,9.295311733258522
1.084984490092475,10.271517597748813,0.8327180483365586,5.415170370371577,5.896827108214085,2.5256474423838244,8.020389579658428,0.37246969849991807,6.05770657312147,1.4264881804904528,0.826953159568971,7.739000291787587,5.649744118404493,3.7311613593307564
2.442450764044338,4.943525293842854,7.160552661292017,1.89087788031881,6.553451410346718,3.04432529595948,4.397192759839558,1.6306709493671647,2.6625541683713827,7.2870451727907755,5.677511179324359,2.4051463517615215,2.7642289734378362,5.066799234746968
7.618454678668414,4.222523865063399,8.70559639554748,9.423686996476413,4.804728598041552,4.164446357662054,3.9754124998960583,8.320439110042184,-0.5506390616877734,1.0339641866889213,8.48625952405876,4.046888188402685,4.657286558560315,7.061751360439945
5.645645367428339,9.184952283206428,9.039338369082282,3.320720631486756,1.317977278271175,6.436499424044954,8.910724614966766,5.333742670882488,14.67719392421635,4.65164189608393,10.137371823653949,8.081131128607105,4.321769642700829,2.093749351384199
7.83201794175107,8.03457831134382,12.661477997782999,9.71178814255425,13.579337155729041,11.273828755301858,6.406815234552121,8.988195806272447,1.2289427885572515,8.20205625746945,14.086543671235395,6.848440636482101,6.694140832701993,4.630292213403894
7.678207387963575,6.536677578685774,12.195290628430506,6.912595904842712,10.28341375881917,7.514711239880898,4.468823449637325,10.448863612905335,7.526279207725279,14.141837394951741,6.174896745396612,10.08120726494114,6.231202813138982,3.9368707880526888
6.510792348796933,7.111077945453733,3.4677499799046054,2.256169458774303,7.695216529622118,8.595725540137735,7.3427650597382845,6.718694492195191,9.006815276145108,6.823652013939374,5.053069140686469,6.621044082345238,9.795604723792584,9.333677348944175
3.540747666334322,-1.023056986917096,6.196733168435056,2.8819050075881902,5.098166170929995,5.00702673435034,4.42664545097864,3.463213044266488,1.9396073364964268,-0.3399885924414132,4.182075587405129,0.8268590052057583,1.6913436648763702,0.06630165012757328
-0.6501216856939523,1.9410532436565338,1.9953716343396541,-2.85984433030607,-0.18609737400752643,-4.785849361440532,2.39546699537176,4.183508725702951,-1.2603819972579635,0.27591060173744086,-1.8114286756172944,4.880082108857024,-0.19766621440423474,-1.3742517436138024
-6.469465870248605,-10.836843079880541,-2.3996358144303342,0.9137215276392645,-12.956942285978796,-4.661745988595255,-3.901152417934131,-5.36981017857845,-5.941033754807048,-6.94689655868937,-4.220079554405256,-6.511414197565509,-5.880978704473701,-2.845042490937739
-11.3468554222856,-13.917044917625308,-7.68631328580266,-13.189795083449143,-7.827098780700422,-10.28849803723889,-12.817728954315669,-9.612209727113434,-9.601893959148864,-9.859053986349837,-14.331023692267788,-11.77045984448002,-14.246885876900386,-12.515360991867814
-17.683644895901175,-13.009807267372308,-11.349865412837525,-14.876410812976669,-13.693520909525276,-13.09790432604452,-17.565951176888035,-12.015607633299128,-18.347970335804906,-16.085339852343488,-23.467317687802574,-15.995109190721786,-11.958118496838233,-17.635908071850793
-19.882310069609062,-21.29313140641718,-19.165473088494384,-18.70166590946397,-22.580009881499322,-21.567999456000297,-22.083137923597675,-17.26310544315676,-17.17440637928563,-21.131161131029764,-16.740703987733866,-20.280101296316097,-19.894281431751413,-25.29363291608236
-13.70917024844436,-22.77655750094069,-16.48492831856601,-14.959724897697217,-18.35260719752252,-18.308846690135773,-17.06393574822199,-13.509387905132408,-16.401354463470117,-22.228809484916184,-18.753807042021407,-16.668273258070972,-22.09529300653321,-19.231951610210317
-15.772763020748071,-21.371985192160366,-16.930007133859757,-20.310949251577412,-18.547353541966437,-18.03054861857227,-11.796461886089201,-18.811060665179475,-23.17024188472294,-15.301411321351399,-12.593767276853004,-15.624422962771174,-15.57429648590683,-17.207390104596573
-13.530507418122031,-14.747166997854217,-15.040535168484993,-15.780825062873385,-8.02854807235249,-11.146133673885238,-12.504853912888244,-13.511564146684018,-9.07190175892661,-12.528032233804312,-12.739487211388926,-9.874384457850358,-6.871675750177699,-10.107542365115714
-7.146770137876757,-4.2472904928244875,-1.5069836416056006,-9.628227907938006,-7.661155812980425,-4.333345032233461,1.4802110525588388,-7.123984401817054,-6.601044984923269,-7.024319567758265,-1.7279258785250908,-6.302386983985957,-1.1023850985246577,-6.214292496775044
0.6407915511317193,-2.3639420023426663,0.8313298372113347,-3.898149997438278,-3.836373708060428,6.228852599996535,-0.11653929411520725,3.7422302621703163,0.7742816076200743,-3.6022523651924505,1.0218006871818703,4.248733463930822,-0.36678546714280236,3.698879188898846
11.480193739410167,8.262324483232035,0.762031397797287,6.536539056153809,9.76171062828088,10.367565982682827,7.499382891581241,9.122468164118128,7.472498986012488,4.766609050041039,8.451277650250233,1.5251142361035948,9.230628098117673,9.298791929158739
7.929252878945246,13.581585768204459,9.595427054448827,10.360514912620436,19.4784657310757,13.664853421860316,17.474095819808525,9.384214919614855,17.313000096993072,11.70526342483188,9.76089836278679,9.243475106347912,10.985935906412129,14.515657344735187
13.882085472789147,17.856713623234043,17.20251522319338,12.681871014611023,18.304567503250667,12.857137460982326,13.991576431404846,15.114321876787612,20.235923757672374,13.036195543358794,17.234988313251822,10.21342222678283,17.833910359253938,13.56379820426959
18.34968670007124,11.284775111131346,19.722954145621877,12.663894153910217,17.77716733279119,12.791271440712109,12.124629528698282,19.089644192328894,15.288285317217545,14.038274889032305,20.443557780641658,17.58233348716207,15.64207496243003,11.00265229029159
13.388226606254616,14.170753385527398,13.488794134865577,11.250292235769102,15.277393788918856,19.77171419292652,13.004220533919625,10.609849569728485,14.580621883850744,17.60608218361904,15.037466508250848,19.888131777748256,9.0279695806389,14.13847103678189
3.7385480795806725,12.715683978768967,11.41121845697232,10.811023528101414,2.8894423433932275,11.628130509304656,15.126803239814446,7.919384235406737,7.890068696213469,11.451302442497768,4.418383865495326,14.817398999612955,12.173597898407579,12.405795449227929
9.948614480608187,10.539197363305792,13.022339712630153,4.163976512096642,1.6526243199884378,4.092143814337275,4.883617762628262,5.67821567042091,6.0961968650943525,4.183363504684948,3.374189403104104,2.8760543474527918,3.7964080530829634,3.8419533356031366
3.835959655222109,2.7418204070976073,0.6342644054495774,1.9316604853919714,2.980260035118265,-0.10244399047576369,3.016879365776958,8.552198111073416,3.675168096300102,0.43918384109863595,0.4174533621330805,0.9246654858143595,0.4195207191378154,5.552616345251543
2.2764859108080753,3.9271790144452705,-2.3744205266946397,0.012425825042256977,2.3160337762009373,-0.42759689004960455,2.554541172202978,-1.9857384805158294,0.4323957849426553,-7.780379310812338,4.721184677103322,6.874302021573782,-0.32636849561261627,-4.220155861233304
-0.0150914499065824,-1.3525783621362493,3.5227831048851237,1.4466988677194208,-4.1340125524045845,3.0351947496815845,1.8015916538723182,0.4039238560353614,3.0602500866344267,2.4687494471526312,-2.150284123000052,-0.36443563921096395,0.19022467442221025,5.798476686628978
-1.320070549299116,-3.326008660428773,-0.4649160313526056,-1.7711367445210466,-1.2028534825685544,-3.693526593781238,2.2785770812189092,0.15050699344482754,-1.7894873663115325,-4.505463499209728,0.5779374552057326,2.3807359033628743,0.18215289760688402,-1.228761391098503
-1.1277783735672582,3.132879012052892,-2.57055756645744,2.2513731817383924,0.4963604978444984,0.055422044747382715,-5.623666986813458,-0.4906718852684372,1.1120485435692113,5.965885840323664,-3.5906349815457714,-0.32714258284340186,-1.9794588699051865,-0.6001057633263699
1.375691372957391,2.0233666381903905,2.4938253730060715,-0.6769228004298786,0.2912019758768119,-2.007910985504361,-0.38811798650986706,1.7021756437895896,3.707542860992847,3.099753101868804,-0.956794797720649,0.6062797128782957,3.2302032703919688,3.7979790177069623
7.772139507207899,-2.5789231151684393,-3.918861998356995,-2.4987892832931244,-1.4634488832575618,-1.2996243895195136,0.8252065339110518,2.6084478471990247,0.04294977990004811,3.7470677149074394,2.0147572273664625,3.904676944782333,-3.8543056969072707,0.9401434924474559
0.2560333148796692,-3.1309014984816783,2.0566711118581362,-2.764105515938186,-2.415293702015257,-2.399464836715822,-2.1024018589337303,-1.3926525886927779,5.8277038349641295,2.1938320002835843,-0.4913856356627814,0.43077444396819575,-3.747475787790214,3.271993718468538
-1.3039328789046105,-4.399332861571489,-7.482228299997375,-2.7153617880690395,0.5476061349047123,0.2758166110603417,-0.4280142549823722,-4.370840771398267,-9.293881920989474,-0.5581853694627696,-4.526905505529713,-6.317396945423033,-5.735918973064983,-3.6976824287028087
-9.499587919437262,-7.815796153957202,-1.6665103552724814,-7.528543358219766,-7.842207805400304,-8.297401546199874,-8.862257559594834,-7.274560738234826,-11.366749283890094,-2.9750914626022746,-5.820030209899599,-9.364713894053152,-8.692397265364288,-7.105590146072781
-6.94300235060966,-10.657949452879565,-6.333011096220618,-11.559742657665701,-5.955450107273397,-10.549966748525755,-11.055846951940081,-11.918521724618484,-7.38992342998821,-9.912412943976214,-9.181907761404608,-12.823279923858875,-9.124429268039421,-9.636988867600383
-17.201539349912117,-13.68722083314151,-9.913598022121876,-13.385778070442255,-15.824402494071256,-11.655363295604337,-8.506499426187933,-11.996815022629715,-14.631634139503852,-13.505946476427669,-18.33599374000594,-13.910277337692865,-18.55352632191415,-11.570212945121769
-15.371783766125962,-10.575271766450687,-16.498887994287543,-13.166427270114482,-18.467821401198048,-16.9184463241014,-9.706264430711805,-19.726983822670245,-14.577895167196557,-20.329589240296617,-13.83317783405529,-14.950668946924845,-11.69346197752721,-15.565449647998266
-13.602685968584161,-20.82982996197088,-16.68371848304845,-18.295731487594892,-14.351729293457586,-16.81226244328384,-13.934037376872732,-15.052998947531025,-19.406094395388422,-14.39785843755056,-15.980085339344217,-15.931811808442053,-12.684201246008719,-18.41845858101611
-8.747454977109772,-16.95509482643856,-14.173655787079305,-15.823642859616896,-13.44498434566818,-14.00720234621656,-10.245496183342976,-13.694395069708595,-18.859823235847003,-14.89256804595519,-18.69552888764189,-13.17118740246864,-15.432667655939511,-8.254642876117737
-10.107860572822204,-13.308409209695556,-11.98332222464634,-11.771768404851265,-6.169477451266938,-7.956460157350796,-8.39183643992139,-6.910435487009446,-6.678957044381813,-10.027288255750266,-5.428375692602529,-10.524547557949099,-12.94964628071161,-8.309384632197188
-2.3536637165074956,-2.4564374685981765,0.08354730905800878,-5.178766282019527,-4.792790633906209,-1.650725095111245,-5.580510604105662,-5.224774475611104,-1.9487991872100787,0.5944224854108864,-3.1262759192656384,-5.3832307636244945,1.091628703706644,-1.832900305471285
2.9598113361007483,9.213863263468696,5.3758163888127095,8.051417286171372,0.560125866824948,8.062251727803936,9.910846184468518,3.9776432171882865,4.116311722644308,1.8001905910651081,7.77278507121361,2.354109147478448,5.493229792115005,1.5987614571945623
12.701357464799973,14.944418379779412,10.368906544100502,14.95437116047267,11.851637028623278,13.776836262146197,11.026240927857534,5.517577592460262,13.697208864333017,9.466858032339596,10.025553074410462,15.1178101804534,6.8085609787402905,10.448037446169433
18.657431736738545,17.73913344789547,16.512845960162046,16.681147538097186,13.58270023758341,17.74203638343832,20.85860666123013,22.865756658948214,15.294351529983935,15.418821366645503,14.396129292508848,18.066357143686062,19.06494981083879,15.786978435019378
23.32634232180748,17.49632111561492,16.938952790040098,17.253256194465703,16.522555767699664,19.278589885585447,18.704726329267537,16.045039376872776,16.21154587626586,22.439281511689103,18.516252985091782,17.39991520654474,15.58640581424008,18.82032881695685
15.268187463225331,22.272793269149005,21.384356180961294,20.88220181201329,21.978529908884614,12.826570565681891,21.585028400344925,20.47117318140333,15.476858621779957,15.641773666997793,10.933040024048443,16.238319361273767,18.579886026792533,20.364877563584656
19.95802873121532,16.7671298421101,12.94008715494763,14.545931939035587,19.94762714269309,16.46685551261576,12.561796581858392,17.661524645648903,19.868384517057397,18.69527062534465,14.385911059211603,22.788276999419452,18.230104617926013,18.02086074344771
9.959403895888075,13.241634546521626,10.484077907377305,12.797776875135233,14.436188193892926,8.324335381113187,11.464983395218756,15.683342506424632,13.88601292602815,10.890804729555605,15.031043990362202,13.007698741555746,8.626444155801664,14.597947823744109
9.548970098738648,7.508990964189569,5.151921296444229,4.598363712435365,5.957714773675477,4.2817363408889175,9.783070125432628,11.101518732805417,6.860571608943023,5.81646699995964,-0.16501559631234564,6.111846096772897,4.338840510859477,7.648910221623209
1.0721746982345863,2.9168018643602887,-0.8271455380886241,4.62950638947327,-1.2539023856524336,-4.81738632450812,-1.092891699322554,1.3859503354512703,-1.270613339963151,0.9434740699071964,2.2017259102079976,-2.5658136158591645,5.904472351563839,3.7868120936436105
-3.4728889519876396,-5.940421139738439,-6.496302644904889,-4.997980538899804,-0.13825933832219306,1.9283717473274624,-4.028513569105392,-4.562124757554981,-2.006840606728346,-8.117531029029184,-6.0662833142540515,-0.5000404469196829,-0.4079399577102314,0.8237982820851544
-8.427304095282521,-7.006044591087034,-0.7054101894292311,-2.0417809449249518,-4.606009917085304,-5.878823307153078,-6.741898806633638,-8.23485558738182,-3.487834028343534,-5.885973177263568,-4.012561036139137,-11.53162416441101,-7.281236835312423,-2.500366953471355
-12.036545111884806,-4.110194834319222,-7.123103312020257,-7.330552260016088,-8.199037342776156,-3.704867649003557,-5.856065276775208,-8.691058921607437,-6.748384258847065,-6.485061590096548,-4.261001275641885,-9.806883782793143,-8.165897645557411,-10.482332054516274
-8.719076439715629,-12.934712493115608,-9.251675056053134,-0.8979937471025794,-3.151601666481363,-9.504682623513037,-8.159935571841844,-4.255144530998921,-12.581924936560391,-13.009673379789076,-11.72476674711797,-11.578145212706103,-7.6464945080829,-14.069079999333356
-5.697023600018136,-8.660903848795982,-6.11129632321532,-5.528431217619005,-5.336488401174542,-5.367408605879692,1.5771840588699622,-9.152438577127446,-5.348676882710588,-10.093745383670292,-8.57057709209456,-11.928381436415513,-7.061503752594235,-5.002415358427085
-4.975099679981923,-5.918613504876621,-6.581870165938673,-9.426315515874068,-2.7241977450523724,-2.0977818757274838,-6.91415634924849,-2.6655782137283266,0.6866209367996294,-7.39258531039383,-2.1273509104369763,-3.2861755412576827,-6.203599461970876,-8.379256163651753
-3.632069122665564,-6.90469005054422,-3.84028543652499,-3.7168425298143566,-8.52972784166086,-3.9872788760628453,-5.075190234981206,-4.521523038557208,-1.170626631084163,2.711205442688356,-6.194756686242098,-2.2461005810478496,-7.9120221135721,-3.678301706641121
-2.600645285714165,-0.7971618123081647,-1.6978745397501558,-1.691360637292266,-3.5204186673857203,-4.582371930801884,-3.253699720844921,-7.5814571856867286,-6.867384215125364,-7.939848009132373,-1.6846010681882992,-4.62965039033752,-0.7733102608344855,1.1270637958283896
-9.623474759380066,-4.891364124101814,-1.7106312771611045,-4.910991777256959,-4.3649951165854315,-1.2660170852362795,-1.445317000273986,-4.436361621445415,-9.574695113296237,-10.398663538624065,-7.215036959874888,-8.380149054315936,-3.6495669016218977,-3.361780008682116
-3.0957384269863777,-6.7343223715762175,-3.963718499746107,-8.820112449340066,-5.559215006581219,-9.242277003687564,-8.060956590034387,-5.742855617026809,-6.352538814121229,-9.16835754635906,-6.552292687614313,-10.34749147136571,-6.283929784413572,-12.703541256045906
-6.272460476946272,-4.877172209788744,-3.861909212402826,-9.923845581544585,-8.02197947101179,-10.696210805442043,-7.69920918789612,-10.430787587362342,-11.873884676986039,-7.3528492804318555,-9.775815686470771,-6.535841699520598,-8.029287035955512,-8.727253342073135
-6.178897492576086,-12.625596412585162,-11.518946479460428,-7.879580938552476,-10.12003462216171,-9.088642798953394,-6.735630945053471,-13.627260077003603,-13.561139665325529,-11.892825093049247,-11.50536273735652,-11.700818158096599,-7.317201735471422,-9.676796614175892
-8.56730198990883,-12.840625754707428,-11.875510811599113,-4.626277822309531,-8.826001293178434,-8.093113039228312,-8.188147620197528,-9.59380075180835,-9.824317261959909,-8.513177386718162,-8.637503325527865,-6.669140752188966,-9.450769491912014,-4.785182998567547
-8.066689303208154,-5.924959819004538,-6.030072409196167,-6.233091062910503,-11.90174492254732,-9.400647545266029,-4.523624446597218,-2.488843645153972,-7.507430795057755,-8.81675834846743,-10.316864666388152,-11.19531802978102,-2.423936934805422,-11.46658227240701
-6.702591989603679,-1.2507005149519288,-3.378832621231987,-7.152091748366402,-6.38908273001597,-4.910201855045325,-3.3758546514937926,-5.0241243706876695,-4.652347396418875,-5.140637537185918,-6.436836672663612,-6.066118520197895,-4.00445511389452,-4.730218070796519
7.407352596518823,-3.663762299805348,3.2692021647377136,1.7111838636327772,1.1580638333364712,3.154443645059424,1.8859742162711994,4.82910091071546,4.815744181431239,0.7157235503920873,8.298479146348528,3.664295181486733,1.7517896607789016,4.174540169538947
7.5837796767866665,6.033900691672433,8.076980560362284,10.132745712323748,7.438213456667272,4.870599656865167,8.301553005619727,5.24973791962767,11.182455754237578,4.86337853132386,11.683107851661129,7.866764573857,9.812694950725996,3.934833276423435
15.583551925009514,11.5073130201612,13.045932745437867,25.744060246069456,5.453698085368613,7.499051851296325,9.629132368374256,10.83811139109748,16.186067524171452,19.03576005748496,12.146763626578439,12.458902063165851,16.683177786444812,12.68279492893258
16.290138821713853,22.12197079573594,19.745837879007645,17.505033250509314,12.17722702219642,23.381988519452555,15.44526040275056,16.74327744166833,16.266923136994116,19.23507689685944,15.860680744041213,14.717754218926885,21.07903244100593,18.11981333427977
17.763941332154136,15.883473547426497,24.0955474379357,21.293167628575418,18.03518873703817,18.914565754397138,19.37914735742834,20.047173253656855,20.7782502599107,18.486479954847624,20.14478967250428,14.772946816490517,16.786750145125012,22.020898974986906
18.159304509768912,22.702550819930813,15.839499129806118,16.325194517385043,17.769666535196638,14.805141908182641,23.990094802448837,24.622637048736173,17.00791653009133,21.09958577281144,17.60692122643905,20.05530826425264,19.805306899046094,18.525023959227116
12.691537167824162,16.923168887026375,15.404156683913584,16.208606561235346,14.88436877572327,18.26641843954277,18.641569635113896,18.52336961067048,13.471210581521042,12.114674034193321,22.907259696012154,18.350425778026363,16.68245410197835,18.076880169419518
10.583270919875641,8.035674678670008,9.628266139432737,7.035250909124167,7.134055065125152,9.48937440387469,8.651830664796378,11.390981378303824,6.565904721607862,4.323253968225517,12.151066777037997,9.333515948419315,7.040016068548398,11.235578781830318
5.747010120365802,3.2596902405151185,3.677996128791,10.872658333877961,9.647669217156452,7.285537784208092,5.1696539926190175,4.4277770972876525,2.3877253951356194,7.338447903504996,1.5498908768273227,1.431964593282974,4.167290353698859,5.331991525626932
3.404157903663342,-4.44283536511905,2.903287077246845,1.4273904753265034,-0.18570086554025345,-5.629228935302502,-0.7538608450667494,2.634841341930147,-5.894531574425939,-4.4336443967998855,-12.456678191113795,-4.495649076921531,-4.864569408750485,-0.22774688889810069
-11.783186401404524,-5.248957602085476,-2.11477663364907,-6.140231908920508,-12.601639777273325,-6.666268679281948,-1.4643771614616714,-5.954503656216106,-9.363165256717018,-9.734080744952026,-9.679825225052895,-5.774205455252589,-4.370183605756983,-7.003600401542455
-9.222855733635456,-8.432876320165786,-13.231515499385425,-17.202159687468253,-6.476038612910374,-17.093498958915067,-12.254344284739062,-9.276413299042513,-7.406283193113542,-17.746454840791753,-12.534970711328258,-8.146118391230697,-16.376624423162063,-8.277655395218925
-15.32287866967387,-15.925176739298609,-10.408257490999315,-9.942800064039082,-11.253799413842799,-16.41565527184337,-12.777682735057892,-10.910478397305772,-9.480746438981873,-14.420832417986857,-17.49840883504769,-14.530257144998478,-16.253684982672674,-9.207060528705995
-16.186285080991357,-17.384932448822255,-14.786515208023225,-11.002015693977992,-13.119509160926592,-14.491290506014565,-12.774328858541756,-13.870713850419813,-18.878601019320463,-11.188063776472857,-14.906250834362508,-9.769212668164574,-19.358205345620938,-13.855739174511474
-12.20507867846313,-12.298771451405567,-12.826968710419582,-17.322620097660447,-10.946438223039058,-11.171274044769142,-16.297158594168437,-11.894767855423105,-16.57063061042356,-19.15953237909952,-10.990382749301451,-13.71808573045731,-16.41862331813676,-10.002329318085817
-10.9448813297098,-9.007374859464557,-10.471190518819519,-11.270748599399896,-8.497434124026652,-11.215890233422943,-6.812418055977382,-11.772499338316887,-5.505881625322466,-7.393269011261962,-10.462604118620087,-4.455907095911712,-10.62813609834857,-9.359367690232062
-3.1198028530499466,-2.0241989449113498,-0.07133136470819501,-5.698526401907163,-5.890734607429937,-8.045211386235655,-5.428612714430426,-3.936017705320751,-6.236447346016551,-9.706296131765628,-3.078024540084496,-3.0335821052421705,-7.4067616190229195,-6.027876992099968
-2.447721826388544,-0.5106131959312195,-2.9817820248717135,-4.99502219136358,-4.371732408621619,-5.56479091590573,-7.887493978951786,-2.7660459840604146,1.4025782568825464,-3.815035514129038,2.072392073213356,-1.8622839802304139,-1.5494818735201208,-0.15179332285422253
-3.1810572283144953,5.231487425636055,1.5217181771398582,-4.46392003204617,-0.5431747137113722,0.22604515966076022,-4.314024110629663,-4.762090041732872,3.834695777923577,-5.139651360929416,-0.5343624661172277,-1.4090846252906282,-2.7854515775826063,-3.4362197723198262
-1.657992586170542,2.5037662011276574,-1.061686318086341,-2.0763881095564343,-0.05740841496005311,-0.45908375733054774,2.815856320721212,1.1909349806311744,-8.808971442048888,5.427911636326928,0.6367576847236005,1.4871484918344446,-4.407581867190072,1.0375979484227713
-4.978317869580904,1.4730107556602055,-1.8173205157726997,2.418155321706664,-2.5940852032916393,5.448218158788338,-4.362427615583614,-2.16868049002453,0.26784754410572376,2.358662829748152,1.7206172296373552,-6.148184524169893,-1.9548434275387296,-5.376732931620744
-0.01640222966772864,-3.5289458067715826,-4.519541443703051,-0.9230017199765879,-2.2379080287157946,-4.101090438872074,-6.680792493546823,-6.7486091208564005,-2.028581462861652,2.3660468073708896,1.8709292267297655,-3.9511940764647675,-0.12293020959229928,2.271055189230554
-11.715169357170211,-1.216166655355495,-4.981777675184615,-3.8308509385804133,-4.057439726896327,-1.8391762791819861,-3.294983743172641,-0.025335891929217258,-7.234135717404436,-5.584924022367724,-0.9890526588141744,0.36588158827267137,-2.6268398185088992,-3.1994856512266794
-0.2069025871559047,0.6775547861095861,-2.262298094718298,-7.127238963944954,1.3372620308261718,3.0359207977653524,1.0432164694683848,-3.0630435442241857,-3.738310499308209,-4.130991188314045,-2.444214909608328,-1.3774069811893503,-5.177715492692762,-1.546397287291836
4.71209128146086,-1.6099914411449772,-1.3126098150303354,-5.037107962358088,-4.117132883841765,-0.7281453287858908,0.17233264088317488,-1.961655400517948,-0.632204430474627,-1.450629336746157,1.3873458529895468,2.5233767416968007,-1.6630649574736467,-2.4127471685658786
1.5762324876559743,-0.5421918661268235,2.269120858952415,3.0605203929663842,1.17433912853267,1.5916276661659021,-0.15692310348492544,4.695518280832515,4.815669097159186,4.546743111739057,-0.7512730790413533,5.833010743546665,-2.324914121873391,0.2231727233411145
9.54862275515121,9.189850247999708,5.4554817938529885,6.444664412821927,9.653563024071136,6.363746905905707,9.820021787473015,8.394644404782667,6.766538998205014,8.492037411284347,8.652189926175424,11.776715772132139,7.216609870535369,6.7935514771272825
14.174948837948612,14.200176536318134,14.610656463882268,15.47291487361134,9.964072499369049,7.8048367435561445,11.811520945162291,12.772102845861273,16.677258665988372,7.394007352717162,12.182645361614657,16.504661075475376,11.312160980875431,17.017243366627934
13.0925724368647,16.762614809686074,14.704395667545327,13.780645291382095,13.64615414152445,16.42598503869427,15.190057588850506,17.458022392370644,8.901738242625905,15.100934838839466,16.884286822530488,23.107453250384843,17.094548408706004,15.195927708776123
19.92721074823371,21.061960485683706,18.665190376343393,17.864610340486266,15.623898368941422,23.32505259470539,20.029740801003477,18.981734344860698,19.039729483622235,17.82866921433958,16.00984814594566,19.296952384671297,14.972800808993268,17.756836522695288
16.59006554315476,18.396125914038755,17.288730999009207,14.272125419011502,15.526784583946846,18.953110762623098,14.610130606059759,18.05929152612168,13.679006913917293,15.582479870580947,19.561904150593598,14.779785463021204,14.81146725993704,20.221915588983666
16.53166170214169,16.29471592303872,14.830569343940844,16.6173455916353,9.768449522832825,18.827224070931656,9.935271129764896,11.554652776855479,16.617586900545884,14.469852930986452,13.817199619824537,17.285995244379365,14.230607966492036,13.931581310810301
3.2214416835127295,8.815670193727442,11.170120232669559,9.60805900528905,5.307595099010627,6.743426095472771,9.816024961209875,4.007390674903007,11.810605948949227,10.69052298051449,5.7274133493378185,10.946760304696236,6.404281935286972,12.275910388006606
1.601618433851868,-0.5983508803032433,5.35674101682076,-0.09395175738160533,1.0239316411912314,-0.8585557731628508,3.9184258709559696,0.7478563527173503,1.7057934722032881,1.553210418482033,1.8204865363297038,-0.6191018067470526,3.4854888292138373,-0.3108669877404735
-4.623210137597901,-3.3128144806128574,0.7532961725496516,-5.194128490719668,-6.192048908453433,-2.8431972603891746,-5.7085025477377735,-7.512550931698832,-6.610811818380978,-5.3778309586957596,-11.071040272260227,-3.6862653498608484,-8.136819691534269,-2.5911971350579286
-13.798583752006465,-12.273850636886419,-18.186277135584117,-13.418860217786811,-11.571869830699264,-17.40378826495227,-11.793157145594098,-12.008497205741339,-15.240905625620455,-11.709810596160274,-14.463615752795663,-13.96384881129095,-12.7420742134168,-9.977519515270092
-10.681867314605963,-20.29568424309199,-16.69026533525727,-17.000712269240523,-15.872666550178854,-20.413659499662707,-13.893488098986799,-22.17528709605884,-14.711736058561948,-18.634498510342667,-17.59977256237351,-8.679964381923433,-17.473700436967626,-10.945129843195058
-17.742046502318082,-21.349846940880536,-18.439925684835977,-25.288759225158202,-20.67388956417404,-18.08306187833944,-17.863517154313023,-16.18196531299255,-16.417614693046758,-14.093029535543657,-16.143401607707364,-20.383585193974433,-21.46192786007725,-14.695291713389047
-24.706606216750476,-18.182749034385587,-16.03311202947962,-10.390607501262096,-16.65205963222478,-22.660424417393713,-14.592744919852153,-15.329775588963972,-17.18054688716645,-17.756248684027856,-15.880302698640822,-16.900168554714078,-15.48431334747746,-18.439260551271428
-12.558702768728375,-15.154884519750043,-16.57677640322708,-16.301115285889697,-18.27986490935305,-19.13986442229148,-8.183294137030927,-19.817798718435558,-17.152556897756156,-15.09521676812636,-14.117108009083143,-14.036761237612305,-19.287916196584046,-7.053291696907314
-6.135150457766841,-9.799125447420764,-11.901110754310308,-6.185485110076663,-17.731180595895577,-11.292125016573248,-9.947495582610845,-13.135249547769634,-7.5992748136676385,-10.133058040250575,-12.292731268685907,-8.741143004294045,-9.923542283402575,-7.478166882982707
-2.5589229585849,-0.13087853617923706,-6.838870460306191,-5.560855425080675,-5.735328832984682,-10.324523715432804,-3.2003368603790268,-10.120739546275505,-7.051224693027361,-1.8168844726557238,-8.341902445494814,-5.450278955864501,-4.739118563458725,-3.6038996593593984
-3.295532482122849,-1.9454609441581803,-0.9258371124587866,0.1258833935341801,-6.206608326596,1.5303752483632134,0.5200804248674333,-1.0903996594936767,0.2201758072798048,2.8036965972477423,0.14613833365049178,0.28341054365182994,0.9890661282665143,2.0102639969781584
7.272891269264587,4.6229524558642545,2.4859185781307334,3.2900032069720595,4.14142946039393,7.191241770944589,7.1324589301334305,-1.1954695023556328,-0.9050636066632105,2.6234219239789285,6.592954341632886,7.056364611039702,4.747686717583288,1.4709176805490043
7.893123836822403,4.0105547508717105,6.604609487236792,4.464320482349704,4.600773241895273,6.354226189980974,2.4299698122127973,5.399250599777451,2.570633569584181,3.3942895039377823,3.030921948701266,8.072986626330987,7.280531580956408,6.238949387832864
6.289964244946941,5.460275426105214,6.316720970881442,6.53494079316325,0.6982540134330604,3.8612055206040305,2.813677610629637,6.633242279610584,1.9212227286449535,8.330033444838541,7.4008787696641845,6.227245884873274,4.268295913618923,6.535184492497733
-3.1900252244029357,11.228399705823929,7.606793715608479,5.224587550029351,7.321427218608777,1.418511028082012,11.335806190817133,2.9487910282167618,9.257697121589807,5.930672077579042,1.1436607497860543,7.4994621277614915,2.145524326442928,8.412979043659826
7.962630175896323,7.007855591409114,6.962265793336048,3.9769424135273157,5.697349910599894,6.23801323438558,4.031325192600343,5.682938060047277,7.445180561213778,10.72363681455639,4.1240638785051384,6.718229391945211,3.9594975325539314,-0.8446209039012391
-2.3240392598466686,3.9059741242109802,3.301002504664175,5.88394739458069,2.7426676977041264,8.222460425131366,0.8213965233581861,7.996992155348636,2.823796960580342,5.0086973821171545,5.7436008543895305,1.167052350784481,5.081525701630532,-1.07646540072664
6.885657337515549,6.6416853454324665,2.768819957711547,4.231174029967262,5.40683892690009,2.2801542967358985,-0.10595476869914311,4.010697697059375,8.047423434104807,1.1654664032137134,4.66181185661881,-1.3840790166903503,4.288107301888479,5.678419439024922
2.9559243615388358,6.109560178409217,0.3060189191914029,0.3156623111826873,4.830314857375869,2.655041597037226,4.919827701736537,3.4701708932019697,1.0905657447234693,5.733331641443295,6.338715967845953,11.685643737326444,2.062123344529646,0.5384616644693052
6.712541802024277,3.928684854578769,5.887234178988429,11.560973609210361,0.15689693499671176,7.241610590286718,6.54137250823403,8.025009526603975,4.791750868747274,-2.8635285690187695,6.841413435202464,3.374775858051212,5.51926144644473,7.570854242619158
4.879578360989901,8.76562248609945,8.105970852210497,6.978510566718036,7.830757568795657,13.308023125435069,10.119143141984205,9.705814516201782,6.323601904110282,11.70775681244713,0.41623893831782155,5.795277404373618,9.475650198760853,8.886433033569942
8.846972205143967,8.900442886560288,14.598582235920333,10.050605901160175,9.574257020127781,10.433675355582851,5.861410712665187,5.892292573336973,8.268982751321154,11.514821360990442,3.574014137625225,12.870323132823811,9.836833805144755,7.375028839335192
13.156721237428851,7.171214657759817,8.015720733862366,8.72211412022149,9.74689749150738,14.134653022235838,5.051531720637376,14.065880425832486,12.439662318930894,11.94305391438376,11.236438707512072,8.504735620011672,13.621946283342723,11.02538879906267
10.254063704870097,15.22614138044373,6.5905832475309865,7.364428745437879,15.096476036837924,9.478065765839988,8.145763078140469,4.961437353863749,8.32241125160944,5.660583384148348,6.584389703403278,14.24534912761998,10.458051341137569,11.799752152741368
13.557726495843859,7.194512621835799,4.207222750776103,4.856964412330116,5.4200068404653425,7.638052672283912,12.91532280298511,7.767008756922674,8.737795699746314,11.47431045481858,12.631667058450516,10.10527314806733,9.259510430549525,15.054308912956287
3.4557104466059796,5.647935602304526,6.544389871939739,7.3797923906557505,4.538599273442933,6.576675007926664,2.4811995811289167,-0.19957650285819462,7.001204543258307,1.8562219796573354,6.362126309846235,1.5326803928805552,2.735729202283866,2.4958243761985974
-4.221605355687373,0.07737600416846124,-2.2765017777042713,-4.278674513354861,0.7484613414066845,-0.9026905803379142,3.019827804297548,-2.386274951973059,-7.210511267642858,-1.0388441978761893,2.805293848269913,-4.08553303427963,-3.269487125514414,-2.4458077936765013
-6.068527242902151,-8.297652127344858,-8.421394928775314,-3.912141593234222,-10.184623535177462,-9.568717688965814,-7.026336034184121,-8.014078686910642,0.7386325486120402,-13.17030159042772,-11.533655984912944,-7.223210705097657,-9.450390595883764,-0.8442937544803453
-16.95242615287297,-14.31784530670674,-12.70388189227923,-5.831835607032028,-17.84286907942393,-17.278254153046422,-8.795733626201038,-14.262481136596543,-16.36218644703167,-10.32085278955323,-12.906317882079215,-7.635293448216654,-12.615646913055498,-15.051515630557219
-17.060415404007934,-18.09960106605568,-23.9324480710592,-17.981505658962906,-17.83633117462382,-24.331508703484857,-18.538640212548287,-22.59227381538078,-18.302479133487516,-21.649301704104897,-17.582759059698127,-17.999307473738952,-20.79964294335837,-17.220873965066566
-21.463817186877307,-18.949577156510472,-21.100472822240555,-23.68804518940142,-21.23461812430841,-21.357782558187935,-18.968066772385956,-22.88132120942571,-26.895178976472554,-18.079558292336966,-18.06343161315799,-20.754083146301635,-23.32333394432125,-18.037960572419873
-22.10284738715543,-16.12325142995065,-20.204541442206924,-19.428902729477574,-13.152275114672458,-12.325303559426692,-17.201061404288804,-19.772981202602953,-15.76336854083501,-17.985732175307056,-20.203301552097557,-13.544972406619358,-17.501122600150246,-24.08441169378698
-15.6896526740066,-19.09639350761718,-19.912429377521903,-19.128527841914917,-12.389871507763353,-14.59175908265669,-15.02537100921993,-11.43178532402531,-10.858398750518678,-18.948007730654208,-12.91930652805954,-15.923832520106746,-15.9005250279865,-14.534444152160557
-7.945948748730998,-10.670093672355481,-6.956531540525008,-12.427938468565568,-10.301362733351361,-15.361690086233153,-14.552810998616902,-12.872840155717903,-10.769766084200151,-10.056202096808798,-6.710366672516708,-5.117718444906369,-7.951096851298845,-11.765058975623642
1.1920276770055116,-6.79357858933764,-3.2850919920402903,-5.690330776091042,2.716348749738983,-4.045468649869912,-0.5813090548856588,-0.5521779806928384,0.6633923573657716,0.12229640844085798,-1.7065530467431222,-4.938670150416877,0.1727421774768656,-0.6450576353453745
1.503693092134839,1.3240133733830604,2.289697045175721,1.2396930072617511,-1.0621079955508224,1.358020910556884,1.9147751407823344,5.748686685480528,5.838782486192146,5.066677401509482,4.342413796487586,2.054119985106432,6.293838838357672,0.8996435882198934
3.351445853234906,5.966373802936893,7.898991966698449,14.064351926704447,6.447379173517713,6.82332786348003,3.081305500646029,10.70941730425948,6.211349022336631,9.294391809291486,11.035646496690877,12.235828088644432,4.048269263525408,7.233996526019521
10.858867936210137,7.196542876125692,15.026627440005054,10.905540680308297,7.5231903252507575,13.36758406764703,12.36774914549516,11.547184955960141,11.885751117176929,13.493499546542132,14.030078636368092,16.22862825068323,14.994855837144609,11.083609499419527
22.66414551900391,10.25501817498741,15.591261918245737,11.394286511944117,12.808413656262942,10.688844930597275,17.16571926161118,16.47715576315666,12.658670418619208,15.142049196419725,4.913079180784944,15.137849547708871,14.700669752113196,15.428028734709564
9.581205377997353,8.421599670744293,9.251306986325126,16.355336870676485,7.682963746040277,14.300236909569843,9.791365847187047,10.781544117409029,12.136986542395753,10.920896366384897,10.445488100244178,9.380124235782528,10.829987645540092,16.77369672380845
9.075870414714418,6.401618665172359,11.026832160412466,9.547430365983422,7.790561463636717,10.686069917369386,5.726790108822236,11.000120415761637,8.467859982374057,12.154483219576054,10.644612223510295,9.742187134022693,12.457155454080201,7.535691718246656
5.1793500279096705,10.516630429806385,4.812953242789,1.1688957088389467,4.4806949500297355,2.3322893378736707,12.708938042709264,8.405123258861519,2.5533790312218736,6.1941404121500945,-1.871343279600013,9.379588576333964,9.5177756058367,7.046665872807025
6.029641807211866,4.173371736697283,10.307177559466087,0.9665107534880706,2.4329087282961304,1.328248596978332,10.636076995726864,7.146336505880255,1.4789023403245425,5.962056503286936,-0.21338438103677593,-1.6512983622727333,10.72153583024095,4.669000192291799
5.936147793549041,2.6935415882137907,6.393465936602555,7.650310450675807,-2.170432534743049,10.36042126710105,4.244907381189117,2.1344664895910057,2.0797533839830264,10.631073759125865,1.193776579711153,6.909840028955608,3.5591021305763006,3.9596812621304256
2.0981734106354186,6.259475075374535,8.484377029966904,1.7898858075671218,3.943076141263846,-0.32283969209396357,1.1046911442971097,4.862110446670702,6.8460271763461815,0.949722371484798,1.27294483356636,-2.1352662654776005,1.1275632403324929,4.559284271327316
4.635220041177096,4.434191071196985,2.8301269430983953,-0.4433258705330978,2.0133416787479437,2.223428949678908,-0.8828699706852001,2.3695923956493856,5.994173874473832,1.7189422011779878,0.04264848584492276,4.641578922220803,3.6714517407048954,3.756348924361628
8.89332272810244,8.088390716674322,4.488666889049212,6.843099331313258,10.798981409090459,5.677269462093454,0.2226770699722569,7.876799919308988,0.9840025905021643,6.04550170601366,2.7447955871172534,-0.5414184688539714,0.7727191835302585,3.879459526543503
-0.83858173261829,4.001864990284413,2.17497854985172,5.099366896490761,4.084379490955504,4.546824922933317,4.1215703927813445,4.0874402791926014,2.292225235711476,1.515893167103238,5.098702741509185,6.191708656549806,5.233862347798841,1.0365290480758897
7.237876653431137,6.143589649135951,4.667686840927353,2.633161179891575,4.692703159161475,1.6442952293218758,4.785416083525785,2.483540249591296,0.5946326866065546,5.997660749619698,2.6504042398779326,2.6560149300373403,3.571859154429896,0.7714271893619538
1.0570373601375547,6.028808127588302,5.473153927447366,-1.7397207858405253,3.649487287770281,6.288229164285845,1.65099871934768,3.0885863923100754,4.749345232203983,3.729963135231997,-1.9020524266741052,7.555150685250402,-6.097541640492921e-06,5.0438647569712725
-2.938354798222922,0.6932154273617409,-2.8940092261095733,-1.7937724373131818,-0.22246912644713335,-1.3028304967529643,1.2079923325792077,-0.27653919114209613,1.3376752506552545,-2.3913262505919346,4.003782894751505,-1.1943669950167712,3.4919643478811815,3.0574470279706407
-3.0305163480094386,-4.411302207811654,-1.918792650814579,-3.0065834948003145,-9.70440956800282,-3.051588221249955,-1.9828082669767086,-4.774486203917228,-10.621399963533637,-4.345967995369603,-3.930268198769417,-11.010422804699662,-7.069154571664315,1.6640700687385044
-6.137849011124953,-11.383342169828047,-2.379310208522627,-5.87962693112403,-11.963675683237641,-10.497740967055893,-5.0850730106931845,-10.765239917902097,-10.698975669495207,-7.0740294694821495,-6.593536612795455,-10.17922085321606,-12.45005196425237,-5.21857808344183
-14.202406229079905,-13.80016038523981,-16.153859221387744,-11.020103187479549,-10.485275797322247,-16.677715184071953,-8.3743719073207,-12.965667881885793,-13.257844491879032,-13.649568908834608,-13.000962941303904,-11.866299749235788,-15.971531184158565,-15.597907060347563
-16.066280924805774,-23.133802675711543,-16.704895371314816,-10.983355514829778,-16.29496813374005,-17.362469027235157,-17.984886263180822,-15.261895052836579,-21.645736491667257,-8.313789630485651,-13.362321244190092,-16.808643007813316,-15.790799868782843,-12.30448140000559
-20.817817678426003,-24.749070261630752,-19.10014083771667,-17.978004558239697,-17.180911381862163,-17.403784348027173,-20.92311365610392,-17.677839924408897,-16.04535463242177,-19.825959491778946,-19.339089400324347,-16.912073955785594,-19.361708684171024,-18.45956876771966
-12.42114695430228,-17.13686384161487,-16.244352210565594,-19.158781070109068,-10.011657537661511,-18.581381219519493,-11.425647230914816,-20.24299655691425,-14.173252800684693,-16.935424959023845,-18.929777421421313,-10.407653910685509,-11.75409992230593,-16.909530429969543
-10.490429710431211,-13.740587195474895,-12.152653186510365,-14.04642421561491,-14.251812678651447,-15.901974726380004,-9.460505172639465,-20.59852863026981,-7.8927239556592665,-10.039808418956046,-12.24514087425465,-14.100221421615293,-12.756731749958021,-13.919249855287019
-8.78998108310061,-5.994341835842368,-6.554434909350874,-1.885488112198514,-5.209460236392038,-7.7578763377553415,-5.133829245505516,-4.095875950173914,-3.222521128105143,-9.887086129543121,-11.17259192142612,-9.205322113796914,-10.545341334622492,-9.054222879771148
2.129034495573211,1.5551250066997833,-2.1975339833124896,-2.5315083685873936,3.9877154660027014,-2.1661735893302696,2.1046612177409743,1.4466981509573382,2.9413361867708043,-1.6886786079127756,3.191548476215433,2.232133230807779,3.935982989193242,2.3045022310567504
