AF3,F7,F3,FC5,T7,P7,O1,O2,P8,T8,FC6,F4,F8,AF4
-3.297780849374172,-1.2772876066365626,-6.7643980743020835,2.4841743498126405,-2.1170008712901267,1.4541548929619066,2.002625679008747,0.8751247406653404,-2.9554673372260982,0.22456764092233486,0.40981604497638024,2.737113917535598,1.291308358344436,1.9326657786715078
4.716684336650596,1.3843553326928693,9.3133536147559,0.8440410959170701,0.23508596067972887,-0.7866101631041289,2.2067815962824344,5.3634426443852545,3.767812245804242,2.9986895406163203,3.371513009980307,1.4113947680781942,4.257435369006423,2.6204353677073096
9.182742035311023,6.994567711135624,5.796874016151014,7.473947088003236,5.181999038500294,7.033895252078831,6.933208402608495,7.607448276083816,7.190031577456243,7.668316989406982,3.149100519300171,7.016646887563576,4.69871020705255,6.837350918572647
10.692467083256384,6.016205533044151,5.931879631217841,8.254873018003423,7.711034560793055,8.575067487677458,6.85330309846769,9.132326235750956,9.683991367326655,11.519553576922457,8.75267656045729,10.966620185332552,2.215977119314008,6.320877823323835
8.705312840352535,12.223133247536838,13.690099424885627,9.606834955101137,8.992786768396607,9.109475405285338,10.831669894669282,12.067213586778056,14.896792704368075,8.813455233496521,10.831647211129656,7.6660031278168335,12.370280963688147,13.24332183792863
11.140074749632971,11.408195872334023,11.180086987202351,8.450027981776952,17.084771682086593,13.833009084689081,13.28380162397395,10.918786785779826,12.029863092627878,11.32185790978879,13.11762429747708,12.108540934714599,10.202724145305265,12.27617337989682
13.724629837222489,15.5549334005268,17.407607656287496,11.95388288358312,17.557957227154855,13.087428683726756,12.427070103896044,12.686479171788989,11.367503570235105,16.857941044751538,11.687247624861374,14.040656689270486,10.60228451157323,17.82976971296913
15.944594952128968,19.664610364319252,12.271034684603586,16.34828463172392,12.158392807176108,17.61387314236289,18.14592015152127,12.954811445902424,12.84564248288951,14.482367302434746,17.533137728979263,17.40926230830799,18.002701294615004,15.187613119427489
16.02155077351255,16.80315758595991,13.302157421515119,15.964559546561642,14.184609874751766,16.035992535221165,19.188943818058355,17.0317024342199,17.095301143862336,19.521513161081057,17.919274510377374,17.957145559473194,17.097596547290063,14.672823862706526
13.739836178604753,20.471312314409467,13.659639458990071,20.586190765312885,16.058562379325835,21.49763339023375,18.458961103770843,17.465011055746142,10.30659251626575,18.25171721494817,16.409377376563565,17.951607171433203,14.878128240227205,17.854009033748763
16.885860671143167,19.213097679247696,16.18530176817177,15.118364999407037,16.670558272758548,14.301131353723092,17.62869743318808,14.536984144224103,10.487315677982728,18.169835995926356,16.51810809536328,14.618753939349267,22.813466508324606,17.077931048768995
19.671123011985813,13.011112746606532,17.383154048537925,21.698753295663412,12.26680483130259,17.747508669488692,16.331687146327496,16.365460176657578,18.42777022279381,19.174158517582715,16.915227356561566,17.332399120136685,17.13485395534525,11.587413007113671
16.701564862881575,17.054622353894352,11.860554704906631,14.738755493479156,14.245969094471134,6.934795599585943,10.72243527019101,11.973882926848486,13.155351977541596,19.23544883303585,15.789512704085386,16.254761757376162,16.696551669287167,13.594842739817494
10.069015462608583,16.82231135068173,12.317023227067818,17.33861136570857,10.30137002991511,12.985339451464949,13.907624928859292,14.457554139989584,14.640521349121633,10.227362947006434,15.348714686659854,10.551241260060404,14.334269297254215,9.376106858075742
17.28395974662054,12.534276158120033,14.871557226994302,8.844678941031686,10.470584123086626,10.735865903094416,13.889386225561609,17.33123788554218,9.83924860169187,15.175414256521082,11.18373424682093,16.16196841083113,14.09121941695401,10.78562448568987
10.690146669090446,10.59517859652417,7.700028100226941,16.156651310955702,13.99407985836891,12.382999264553897,7.53602841576457,9.20312134745684,11.529548294104687,12.118010986045014,8.750911627159965,13.25550777624394,13.24691771669652,8.366559641668896
10.903328483111752,11.293839862041132,6.10724069315653,15.835568531760648,8.544535673589682,9.698085974840682,12.249455350889779,8.913447859734537,11.691406962141023,6.879199474063563,8.224125831850763,11.459825518236757,11.824497898529824,8.516419199886306
6.351567885343716,8.44667456773457,7.6494992251099765,6.610912993277248,8.619812750090585,6.4255704013575095,6.499099312003428,9.3394380671775,5.248768997038286,11.295845110653117,3.772534566892041,7.2458223311619285,4.098991493166246,15.829188418999603
10.798327535923914,5.703704679927532,11.239945018372918,10.026454797321751,11.042644818116212,7.201400637797044,7.787120598250663,9.050678068996785,5.667510198548337,6.972943397308191,2.3832587550576116,7.0917924273202715,8.952858081967957,9.351791235491845
6.167626708617909,7.116755870013979,0.22551784744074865,4.7276459239875,5.135157258127525,2.6528573535211986,4.816245474281064,2.0060133423392226,6.642136779676608,5.417571115456822,9.456140838955756,8.397734514491953,3.0029445154695793,3.881419362636667
2.828995486743125,8.157211654735928,1.6751068401297506,6.366764192869377,3.9082090334642445,0.9297403885014996,-1.5985849914705774,6.106396519881815,0.23408032094098186,3.38915897894366,1.2280375978193758,1.8648184162944417,3.770493316500809,5.244870502110777
0.5104260983036277,2.398724950497728,2.574581284516094,2.544956771118009,2.9914168283815887,10.021436931547374,2.2191920236014187,-1.8698878722380687,3.013435694041293,6.54164689808464,1.8157566493164399,4.10398697626492,4.946857891053727,1.038322802940909
3.4986135837190906,6.361393891573163,0.8099295898386107,2.06884170380707,7.271404653639242,-0.7318261577018856,2.9563768284908494,0.9998770389145648,-0.5223782706568825,2.557767536356628,-0.010340811788656534,-1.1544018239456753,6.437237071616079,5.501201152892713
5.066554444124285,-3.4852974336566356,5.117498110506615,3.026537888784489,0.8702196006390102,2.5345420932142497,-1.911628829815283,-1.6045411941256424,3.956118153139041,-3.6981275299868286,-1.1662260932376873,1.2493600851974758,0.5627579320523927,0.011352121646635904
-0.08267376621891076,-1.361686689614693,7.45407435585685,1.5646165243111743,1.815205298814334,3.3260928587275305,3.807042570180958,3.5451489046401625,-0.7404302177057804,1.751668105426375,6.4941312965031095,-0.8327429215108613,3.1857797124984164,-2.2581806123616333
-0.8075239496056758,3.940042739841052,1.7425263987462682,-4.422796399028725,-2.8335699916706605,-5.95913344066793,-0.410375354333812,1.9645321006213288,-1.7621045718909722,1.0374993472411318,3.1984649443075504,-2.839736270609333,-1.5872865223616728,-3.1437082320799408
-1.2258237885639516,-1.442151035767545,2.3907594725157173,-2.083683170893958,0.5965923943810076,-1.3894705538622534,-3.9078629468866,-1.323737813332124,-0.3250077162727122,-2.2973226728501155,-1.9762705694395146,-3.6377399642282526,0.48391200725550365,-0.7857870233380393
1.8131626880190208,-2.318992562517485,-3.6358297922162652,-3.577710001506567,0.5103472830810416,-0.5374871805745179,0.2858965526766044,-0.6923986048963419,-3.855171980298633,-0.6978068652854692,2.927780949469403,-1.165205022098929,1.5110446883932378,4.238466943717975
-3.3742181787236136,1.5783467179377277,-4.149490155509413,-0.21926245945735934,-4.683769975232373,-0.6232738110173288,-3.0875247948797644,0.7715030357555746,-0.840975664442151,-0.9855873657943843,-2.5061722086026004,-4.615465276613008,-4.617428868902339,0.721630784091702
-0.12292185867530137,-0.24979291792290104,-0.11322425820389936,-3.741294877083149,1.186501456247579,-8.583881161698628,0.31176703400311156,-3.007814979382731,0.896616734435189,-9.528112610038342,-3.1324001180420886,-5.8203432194972535,-4.939469219780753,0.9906927802426306
-0.8565638927885844,-10.369131867176971,-4.186078549932471,1.2002206924841863,-6.2520190171203165,-0.2506183306558656,-7.093277227370281,-6.067099048575248,0.5906859863763851,-5.9869318426480955,-1.205565339204696,-0.46957243229255496,-6.768812017869945,-5.796634957120576
-4.909682676123966,-4.623934747210388,-6.410304330296138,-4.671747604628006,-2.714511646249452,-3.9623111558046604,-0.5521603982974801,-1.2240356636115415,-3.613741656833276,-2.445236078031814,-8.48132765340932,-2.835515980361632,-2.569448383582574,-0.8777480073282455
-8.095123409820024,-7.319511082964068,-9.470754255908759,-2.4154978679502572,0.042897852160542094,-5.611940583766159,-6.7263518313283495,-8.47880737832089,-8.049323215648188,-2.311277188933479,-7.531283175017345,-2.8716418058688267,-8.780010652284655,-9.289830816174195
-2.6768908091339294,-6.909758920647693,-8.436697083542162,-5.613610518508495,-6.548294307682438,-3.8674392458940416,-5.63683291240154,-5.295978597125447,-7.135551374129133,-3.56066519833022,-7.549756450323967,-9.509374051893285,-6.615158127805094,-10.05735138588973
-6.952430427458704,-11.409324970408958,-9.574104536344677,-8.568136349511903,-6.081216303862197,-11.13336677733747,-8.037714647353871,-8.88148854010565,-4.116536653636537,-3.7241690957487843,-6.60766487796107,-7.345341714088896,-7.575978778384455,-10.126244710909344
-11.924726580946146,-9.83645477123863,-5.664978973951439,-9.373107327675346,-6.164243757684131,-8.80773119051883,-4.693612472488132,-7.654902168003636,-12.713740422368625,-10.335931804200177,-7.325214598853531,-13.071276471057665,-15.285558376782213,-7.52022949879345
-7.412603062753934,-10.670067764109348,-5.746595118770283,-13.314795592073155,-9.044121693171983,-10.203082552748725,-12.095132514673558,-9.951183764789352,-9.668275616900008,-8.841221429781498,-9.690160000029817,-13.895492124179087,-11.567268340817895,-14.125054879666418
-13.259784351179354,-14.95242026859001,-11.263257733789883,-13.595152408505893,-10.35793440178428,-15.765399421162272,-7.142418255925958,-15.111370229237624,-17.02416098365049,-10.855128176776763,-8.958096757399431,-9.64246613384287,-10.053503473149604,-12.642484492612247
-16.315889205889853,-11.38979419104599,-14.863627432668869,-10.475920288374445,-14.995369911380468,-13.136959287669697,-10.297147743361247,-13.120363465810737,-9.62889261174992,-11.766453054490817,-13.460502931348989,-15.734075363111453,-12.95236409468887,-12.603972096921725
-13.91844850238703,-17.755263007038593,-11.810364270307225,-11.906903485928513,-15.439085731677745,-14.141640558229124,-12.112548595271402,-14.265800509493346,-12.2793077101147,-17.768801707809097,-12.148643667255804,-15.36434423193055,-16.85685496012365,-14.85908590103418
-18.44773360286017,-18.463192274387726,-20.49562274848113,-14.71527026350803,-17.276363406086514,-12.735516151469293,-17.04042332319768,-18.46169486738367,-12.996570898822945,-20.861436115340513,-13.715608188777262,-14.009929426387611,-16.029846029703574,-20.520470823975188
-15.234415154043386,-15.261993265160504,-17.784421488935397,-13.37006226315465,-15.31021787986336,-16.345046378750663,-20.83705326518089,-19.850344941874894,-14.820703887114767,-17.911232123777403,-15.051622685539064,-14.735889400588775,-13.53307322440056,-14.01765636818231
-17.38603745605482,-17.22479753336842,-13.775488806060572,-15.706598943061376,-18.36805975636626,-23.11875714590315,-18.807171864940113,-14.754107467358505,-13.435214010766634,-15.170002534358797,-14.968144420309606,-20.40470949634044,-14.323148333160065,-15.49730378054359
-18.21144355631962,-11.582598950080367,-17.684514598886555,-20.26906389413019,-15.999756339335635,-12.067225858110803,-17.722414750920713,-19.12975524602823,-16.474926619483288,-15.833509434818197,-18.244168750797897,-12.25073211774802,-16.49893742625846,-13.948978278699808
-15.07358939766165,-13.858829229523588,-22.210591328531876,-18.4518045268237,-15.939381518772434,-15.5424386193237,-14.174514763783034,-15.802286289794838,-14.377335471713042,-12.681009950367866,-13.842520494342883,-13.261407512767738,-16.23987146826532,-18.76796813447335
-14.153768835882111,-18.768871133598005,-14.735113064139153,-18.24012527261243,-12.192541760889565,-14.273700127032582,-17.159657875149808,-14.210145888398518,-14.906408750427161,-7.92311507215395,-15.102087048635909,-17.571018697957403,-13.790780659406874,-16.391166711096755
-8.355839367045105,-15.560982145462262,-16.116259843891477,-13.428299238851514,-8.786729554007595,-12.146425841242408,-14.948575408565297,-15.031387993242712,-13.786261631328381,-11.435696626614183,-10.340079962647033,-9.702260242897069,-10.110799544216519,-10.917127162864048
-12.033814290557347,-11.335725044703928,-11.709058687287644,-9.96805318411416,-13.260845311464944,-6.873818710221118,-10.79091033318686,-9.953760413151645,-12.400822138138908,-12.540454615292099,-8.746398197708725,-11.232297029260288,-4.155112120355683,-10.50944048363382
-10.699251827459616,-6.773403008776327,-7.488601414231612,-8.745832532647034,-6.00139013364828,-1.8492388523016636,-6.589409299566084,-9.407241733975134,-7.235864555565176,-6.0841891043962715,-11.160783643317773,-8.739323075910004,-12.006112092818354,-9.069480277284937
-8.062759544681988,-9.915125360251862,-4.7692239545174875,-6.78855061958557,-8.1227228694503,-7.669392636667364,-5.082968002545229,-8.000386395408224,-6.995870108051809,-5.631465245303944,-1.3211686124432287,-8.613298004197047,-3.4001500524496997,-6.5519736325059625
-1.2371687416969879,-5.7957898000404,-1.6311310992284795,2.0329291021794687,-4.049052761614441,-8.528160369174277,-4.875696685834657,-6.100195555788801,-4.389736824879417,-1.8680022910975422,-6.964897822818684,-6.484651065335488,-4.044342418833402,-2.8710930464723177
-1.6230773677630939,-2.37338996241092,-3.1841428957840288,-7.010283000398745,2.8737059855307754,0.6237876398978945,-1.0575101758791963,-1.7878743849813474,2.960508972172618,-0.9089042995784374,-4.025950390419937,-1.6325745317195726,2.5453188553078663,4.984925911683788
6.936564161859224,3.2642728322550925,1.4466420213838675,5.010330896030672,-1.0553376745851715,5.737890209342759,1.445801667474879,5.152065072027275,2.7298254843236855,-0.9463422663874907,2.1849034815749526,6.0091833680808415,2.689310376134981,5.68766685031421
3.4711646268379504,8.021156471217688,1.4362347176651413,5.361382795755378,9.550304309322513,9.562674838282065,1.5008838612142044,4.611763844544144,4.803069859596799,0.3995948994160994,6.76326008087389,5.000206973286706,2.4568219494827974,4.202127191013311
11.387560133300763,4.944672630642537,8.962817710782232,15.209780685284048,13.126898788757877,9.771222292555105,12.113139150285054,4.976110611214773,10.012940063009701,5.646930760084166,6.734056170697098,7.223548159350359,11.267767575988762,4.189077666137365
6.216967353706077,8.37671157099642,9.345600396227661,8.325855555739647,9.229023802241718,10.187932612466248,9.985235316262761,12.2515008962129,8.459894119177072,7.332346435630194,9.515331603855113,8.379014290556825,11.260034337657931,8.310912442665623
10.739406250036808,15.350773558388942,12.115905515525403,8.891383468078537,11.27644184297136,12.991166904798247,11.690841820364492,12.647597410579433,10.956485884398187,13.321015437905146,13.5564159173401,18.10968113770207,14.768447238680103,14.89475111092499
11.854497429243894,14.620709712997382,11.934630205747776,16.26970558615693,14.989119707341645,10.23997634156341,13.958679555187581,17.10547173589839,19.35075869619615,14.526971253176853,11.24422815644305,13.998946439602493,15.119262841123815,12.81456626763405
11.646680879880435,13.857902082104536,15.409621263775291,15.894566867566606,19.44891188914758,12.668617468304703,14.281940932744222,13.672989709275509,17.174567241783755,18.3390887598549,12.116350927911647,16.019626166830164,13.960320991704204,13.387221830681602
14.904537870471245,17.99245115791969,22.483872928790547,12.787962344005374,13.549109348734163,18.10384717703554,15.731378266409257,15.4496868283094,19.247084198219383,18.97590579409602,21.591553178015108,14.840023701835914,18.14385669874013,14.218169732979502
16.675060759206914,16.300020098534553,16.762235438767046,17.566841089358824,16.597395980936614,11.743550886001696,11.075458167734789,17.18584876117267,17.688823414604673,19.278609949235435,18.54489580740706,18.429951366502166,15.046199852746918,19.9765566204367
12.610419619572262,16.663290446142664,12.361252320354271,17.037754951643095,13.423744159867288,12.786093025738369,19.49298397893396,15.549804387991617,18.050566704813594,17.388852544765808,15.867498226207319,19.84232722966888,18.851551380642082,15.586515300537231
14.160410670258925,21.08711910743026,15.00296203668807,19.460955123426622,17.664068832585087,11.613294882112879,17.65681280513023,14.52872861969973,13.221479233648784,16.919865749943824,17.361921092196855,11.919360311056568,15.111300326541608,17.290377761859936
11.45545902308486,19.25600601480428,20.759179151090176,18.10913143600628,17.09162564504159,16.391734543448948,14.634856489191192,12.38115573404627,14.421614408274845,12.697209351090073,16.38400428349177,13.86999104858937,14.45797725515712,10.611885837852157
12.786559766709372,13.300605844299868,14.605389558370097,14.491566483300227,11.776778315117426,14.80756051330192,13.018071497362904,14.024681828389227,16.492057459614784,10.334096260469035,12.710581857312352,13.506228109963516,15.784155952406264,16.161196356382135
15.121548952462074,11.202249289727408,13.30055986258767,13.091631953754257,10.991631783547483,10.130313558263348,14.12389858646578,14.414078549863572,12.64837847256895,11.717901805390134,9.656632209163567,13.79294826627113,12.26706904369335,11.342558682946276
9.03224036843509,9.774879889866122,11.388393342980907,11.987098182536787,12.400027540770662,6.143011107597978,12.036175513331015,12.160419465045418,12.900392552815823,14.309100841788773,11.886753117772189,8.71878755209064,14.133455000869539,12.709810784606136
9.102069844211599,11.554393531025406,11.185253814707142,5.451520076378898,10.477133723412676,6.442205360317265,10.437098656482664,7.073476902691752,9.047316393308543,7.503675703042038,10.692871077580213,11.310136313586899,6.414491248481407,12.7211749611478
8.196600460474274,8.135490523058442,10.129691436102323,3.344104571041445,5.97987293722476,9.62515382687057,10.56496169977567,7.496558529960865,6.33952375792124,6.6281286759694025,4.779856942686735,8.601837457110173,10.491922333028473,7.442737449819564
4.491500149564003,6.234195698017908,7.781531940500021,9.012346739163629,2.986446680824615,5.065870410146922,4.8701173761871654,7.495999686562375,5.009658600716731,5.170334663554355,3.08160593521597,2.5945443273466893,5.319140432814558,6.8796976276158
3.4786657151951563,1.5729788651020797,7.6149838098711236,7.093667499975469,5.783280194438478,7.829196446497027,4.075300023064896,8.848957800292123,5.907415551346994,3.5711518611293043,7.882335775074106,4.989768711643796,5.796276570603704,7.406643465221614
1.8324412646082524,8.883893167513204,5.3503818116268755,1.6090358117315002,0.8616513797356902,8.448354299566116,5.2261267166614775,4.122572240048576,3.95023577535118,7.41239627721947,1.6320017653263883,2.6003473237754773,4.633144898492679,4.335317843950284
0.39795679797448535,2.6850826665780954,3.5596029378880667,3.5455689461968523,2.6944506132042854,7.116437441668009,7.778209293823652,-0.8732960526562348,2.958951637495459,0.11449685380197305,3.733323631107385,5.303407937651943,1.916318674645735,-0.28011524348480155
1.2564230643072243,4.233045022992748,5.540885507443479,2.098216036591238,3.486737519167664,2.333003063071458,0.7930454454086926,3.985998582322071,2.5758826083492523,2.601057819576218,2.8438225345807133,0.687285703670993,8.563955496984876,4.580214728336829
-0.5502485348149952,1.9017122655129377,4.035621135421336,-1.733299515804886,-1.430738706974915,3.2225187807828535,-1.603579540502968,6.023714990909065,-2.668559218529673,3.3743374013484466,0.24328583986854602,2.4093712773950204,-3.3349796766851143,2.134119228649918
1.196870589444997,-0.704738239849416,1.339552863035534,-0.874575019518467,-0.9121712920702396,-1.5744164398059604,-2.6788650788157344,-3.5778948360513008,3.5021967375192924,0.5985854714257839,6.1680072214838475,2.584491829853741,3.50685850723861,3.9096389899061514
-2.8985226252463514,1.892232338555526,-2.456660248831195,-0.4217919703545612,0.4080570773597312,-2.8596100037320467,0.1567188192092368,-4.932960019028706,-1.820313608188054,-0.32597276205643266,-1.2675746145397195,-0.5935140141542437,-2.174636762077011,2.090174597801811
4.245950138856055,-4.221218100251578,0.30769028099388024,-2.4536790808445232,1.4722071563259076,-4.650952896928387,-5.716126358564845,0.7514266596998209,1.273102880477426,2.838424177938196,-6.9895432487629705,0.19158377657538478,-1.4371101511430358,-0.8085730830674109
-0.5142447137518646,0.8616767410706578,-4.144667400611894,-0.18742808846341336,-1.8265453539690244,2.2603662280740906,2.867625459130462,-1.635280877889084,-4.7674331256768046,1.136856945690298,-3.370855797929025,-0.8326557451561616,-0.23753341572460207,0.1488563897249816
-2.4406812436687804,7.113699807779323,3.0884582750681635,4.0405104241598355,-2.456515323708407,-10.245908137993856,0.16555652092815043,-0.21097512186754153,3.1133087884744755,1.9746437205823995,-3.264041967278471,1.7606879096164803,1.2345604616200352,-2.063010443786264
1.3112668883048926,1.2217630182206292,-0.2310278320857324,-0.6011974745988988,-0.5032993376332047,-0.6232742527279374,-2.2089589584982883,-1.1930876751161077,-4.21594917062262,-1.1911396593790715,2.269439029252198,-3.2093157315213094,1.0327360507329155,-6.503481736969949
-5.3243496124432035,-1.0254579871701524,-0.20272297890848368,-2.0798306980268877,1.3472123600388786,1.2882181371442458,-3.4891388919923103,-2.1642564020860853,-2.5806550681464415,-6.35145940949315,-4.4744179546896845,-1.9014208305254487,-2.957068095714882,-3.092786652792603
-2.1053973191609137,-3.491226821648403,-3.544454805923043,-4.015097540156629,-1.3782487456142167,-4.616996284076244,-4.45348937290459,-7.622677121265264,-2.683853293537589,-7.674924335224891,-1.0981816010645993,-3.6533508122179166,-3.4793645759213834,-7.397102959655837
-9.642536635926383,-7.090264189059335,-4.459673677747779,-3.2140754107329434,-10.06664630710874,-1.3894885837042779,-3.6694721974456277,-3.263015164646774,-5.230789289809097,-6.474765547758855,-2.978475164889102,-4.480109980590743,-6.362381150880254,-0.6763842763765302
-3.4799506796062305,-9.572507250742234,-6.411394680584792,-4.58256073468825,-6.088528747918874,-4.156337344656042,-6.128787120239101,-7.568609547439002,-9.29120034664095,-8.52484842488017,-7.864956634198753,-1.5418311774062126,-7.414407777733128,-4.326136460322521
-7.861742613275491,-11.261851970365568,-11.001353858712617,-6.878397748658474,-6.836824157787415,-1.0839548209484429,-5.3665826944172235,-14.784412307616932,-1.6426826475328058,-10.409187761993845,-9.868155013337836,-11.237073738651867,-8.629337023213417,-1.9528904784446732
-8.121245583163917,-9.817677589525308,-7.684683351388715,-9.815617492580003,-9.100658696824494,-5.603102851955025,-8.85861863106567,-4.480755825105978,-9.590980892416004,-7.405682203969915,-9.55275131807702,-8.65072057040418,-4.336186163405112,-8.466322357379621
-8.99246154389862,-10.615959473572167,-7.830119366656978,-13.032441282554483,-8.544060415139567,-13.148373136029289,-11.00086550969938,-10.810241240974369,-14.600227468546898,-11.34267816934827,-11.21185373479902,-11.694055153998779,-10.727199214798535,-11.35878028734925
-8.539003226829363,-13.365573810255592,-8.304877560337378,-12.596003372609841,-15.829220331169667,-11.182090314268105,-16.29534079718013,-12.60611194805637,-12.212922024837898,-10.52651029497773,-10.827095806207348,-16.9445134058401,-12.869669834827295,-15.16930387153311
-15.208503039195984,-13.128711682575483,-8.897908825759787,-17.071060269042395,-11.849152181865147,-17.81671898671195,-9.586353762441998,-14.857132758214993,-8.91266350637998,-14.781865400038761,-12.514875412269049,-12.177893001730574,-12.958426156156488,-12.927258152486885
-15.896958568272408,-16.93169504015102,-10.460892290572243,-13.793895202607413,-18.911620612462453,-13.406220199200902,-18.051268679007443,-13.8628067584565,-16.97705030924579,-11.57073718201211,-13.312079640580968,-15.351628671571156,-16.354791455777047,-11.798272161807258
-15.107492514174508,-17.860655202057295,-12.557530565693426,-12.804592956148374,-13.041641046894991,-12.173497149891066,-9.65998497759902,-15.330908749180294,-17.36402290890578,-16.004438466157907,-15.98316652336879,-15.23334590935613,-11.968883728188157,-13.457198609967943
-15.44291644536776,-15.09790094502252,-19.333979444834085,-16.93859718268667,-17.064624891812546,-14.337337468399188,-17.871824430269353,-16.333364433258513,-11.860903738084374,-11.269133444440545,-14.377742735694374,-19.801777646270033,-13.661753268185041,-15.775479687397654
-19.951287307892223,-17.232164585559605,-16.485556558103042,-15.070445450444407,-18.58157271713753,-13.767302038460059,-15.423439277401922,-16.7579732275469,-14.489875304693104,-18.011156111203785,-18.10668876698427,-12.813919021407123,-19.04661739721664,-15.777359404244297
-13.733812853212267,-21.082213181017647,-15.596102033450341,-15.280640099861726,-15.99524442934625,-16.346014275058867,-17.292523561143266,-19.086483122380187,-17.879225228673135,-17.006868976888455,-22.409530535506395,-16.026083081222446,-17.965575207368847,-12.332173191099283
-16.399549128689536,-21.546685984262243,-11.480898370727889,-13.38472583541434,-15.721575893241935,-15.677436748938065,-14.13930820953589,-16.78998757130169,-10.285665285889696,-18.15643566704468,-17.353546581287357,-16.896841507473283,-19.004176069922604,-16.45889594481898
-14.725643204548195,-16.46840192618472,-14.56072832615679,-15.067794664365987,-19.65492946867861,-11.121081025757992,-10.734299475509047,-16.6654682299272,-16.85991800769847,-17.100852467528917,-13.882842354821639,-16.979573366486214,-19.833099835604905,-17.510642839894984
-12.808064232136264,-12.838268769470378,-16.118482197902534,-11.977303755221449,-14.915298353010495,-17.91056445737761,-11.583414380108211,-10.55725230841723,-14.622209744444088,-12.165624377128681,-14.016179587007239,-13.198739349393723,-13.483979426226902,-17.210087282401236
-12.526863226360518,-8.522528734146848,-8.092965936618496,-6.414079760756627,-11.644228655865799,-9.912807190007427,-11.097535013795149,-13.532648680939374,-11.817499211508489,-10.170523585753859,-14.490275260179738,-10.08960897721624,-12.755004726424374,-8.39605802754301
-12.215565229433613,-4.928684136793812,-5.036910442124269,-5.624299519096491,-14.136803790790216,-10.424329533926581,-12.1709411928509,-11.08403686894165,-9.775975338599359,-11.36190586083023,-8.063904157239326,-9.977289632989988,-10.312707526102006,-10.719965301284395
-9.117155887583657,-6.978373855832738,-4.362300217663021,-8.852248470802273,-3.3978504199265305,-6.782211686197652,-8.779242264870513,-8.007060766884212,-6.943180905921743,-10.813890195524598,-12.089221392636546,-7.888670038027,-2.4212175113725696,-4.702132423503119
-5.708797058632842,-1.4717171408062981,0.44944004389943704,-6.157872065495927,-0.2350986416295906,-1.441304932673725,-0.990250483188702,-3.3229903639782443,-8.59538987252563,-3.389403413255423,-3.5999168667030643,-0.8787858372130657,-1.1735972992600816,-3.6047781373475947
1.3565346147565758,1.4537390894130318,1.6523232221954087,-0.43041698212252544,-4.073230677488186,-3.2033943569461716,-0.23063488996189097,0.07930120720166622,-0.32880777195646627,-4.088153087770594,4.115974615365064,-4.164550907593713,-0.640112991081529,1.978858104811449
5.703515530350943,3.3659676454604295,3.9671442297641977,2.374192105207083,1.8867341288740116,0.9777974209887201,3.629328941287943,5.592130957019637,2.5826580567638913,-1.0282660504592798,3.6202559527081246,4.658193812938527,3.6320489745016626,3.8246886636565263
10.55214420460169,4.234928451950861,-0.1835084131490703,4.026964392780256,2.6471208843526135,6.443333384687019,3.7180957803348713,2.3621791672084145,5.273722946956572,4.12418530873155,6.699493045367893,8.259561906201874,5.84858517711648,5.589678233173603
8.321761389536809,12.869004889649512,7.544690984335357,8.125374859457509,9.093462666428765,9.586714105412966,10.779752724173603,8.122717859492061,5.950685447853058,9.296615914671394,10.161171886744139,9.657795800846596,7.661484906137562,10.4010574086447
7.914899246536761,9.755547171100845,11.228559971127643,10.171243544174574,9.172134325813019,9.529365508370054,12.373156681964588,11.489075590659509,7.831631206596056,10.396667625042177,9.134358731177999,11.437245368471428,12.75781702557871,12.80069594669698
9.607938586000042,14.092340254580767,12.44124324150055,15.029115112606945,11.006590709086554,16.954790827459075,8.710446149215386,13.617897339352332,10.58808225267577,14.89600879644659,16.0054242860604,14.326449745796193,9.548584022497078,13.850304622786085
9.320449139680951,10.41773506249092,16.03184472547197,14.111947097226418,12.531318481878817,15.619929342601099,10.363808267747698,14.010392166512935,12.428423461845068,15.735815895326306,20.625901053253614,9.214959799439647,13.255488572991839,13.829831967538823
13.49131938996586,14.017307422266374,13.20305316427423,15.546619284048019,17.554965418665077,17.534669119053678,17.500306287922584,16.582987482321865,15.571007391745102,14.373322353112885,19.165383001800734,18.68353248134857,16.021888393649895,12.158225340409636
15.377127810643346,14.486537942889731,15.701112290905668,14.220097590894579,13.950176618112838,17.18675851368115,18.82459220081455,15.114150490494474,16.74394566289749,17.534561922308853,17.728472619283348,20.34180643946737,18.0590478183377,15.07296704463133
19.317678310288862,15.416925191939647,15.135959135952122,20.519572609367742,16.12020294714578,21.680804679072484,17.344833985165785,19.64443854523374,15.222851630545819,16.99947599467454,12.101946878631683,15.626843098579569,12.724854134084122,18.516149499021562
16.26119237797592,16.87184981076827,18.90586028959708,15.846810377668376,18.163243584313282,12.072284112905374,16.97252498593224,17.340336514710966,21.81811706517703,16.090639940628847,21.898718614269086,16.009456514111903,17.678973574800537,15.558487982056073
18.184506365921937,17.138064937004952,15.003939486484223,20.960628873558342,13.767222438678209,19.009423574992137,18.135787757176367,13.182558073716152,17.986434613523695,12.390100103373433,15.441352512249312,15.943216610983598,15.001960855960867,15.553496883148142
12.458880420623943,12.767586127790745,18.464304046870147,12.54031929542018,12.778318504690958,17.671218819206594,11.65242087491501,13.084278823754367,15.171961268587346,15.135441034637577,16.816233994988345,16.243312569630643,17.443863239704157,19.087344823185134
12.62700688905442,15.458460864684637,13.571801209712397,15.64005943746853,13.64262446036759,11.726568412125975,11.219563815735356,14.518578458139297,14.798329136964265,12.611288850066963,12.172607440386969,16.795366525948932,16.885987087872085,16.107879833668058
10.198290984488562,16.73077819998171,15.24167172082596,16.67974021267965,17.53417255760984,14.46517657841238,13.051801920830037,11.09906736602853,10.766461143958109,9.786273498376751,15.10411718058791,12.56989508134891,18.648044716953336,18.647213401930138
9.967056565724217,12.79284561878903,10.642549883057743,12.76377395589762,7.739056968919283,13.108577337718717,7.555207986499793,9.613398680358022,10.045753265268614,8.772239561059193,12.171743291383526,9.545879195950768,8.618301654172761,9.351461961376016
12.168760954203949,10.583319658152421,3.2121923394425664,9.520698991785197,8.605834812031251,7.925670934875541,3.920007621634097,12.554237213543201,12.80039249855201,12.300685732163625,10.2630766737619,12.919567263678235,5.663056870193593,10.1730032417652
9.19219513340129,10.369649874838093,9.099491108750536,9.629439721475212,9.585467904153825,9.554120980099269,8.565606602358132,6.622490753060982,10.598007122795766,12.458196106837285,11.578283331915195,10.450991294128896,8.836217166250012,11.015155830899424
5.2865948854046145,7.718161800464856,5.98772365125639,3.0244493064609808,7.134702970284788,7.317028483710664,8.945660897200176,5.242567139664099,12.150624738774194,4.601767749637477,4.698964235090205,7.467767844343755,2.694416523200182,7.405168100757281
8.050448546341949,5.609798034455926,5.592252836635691,7.237561935056094,4.891019811862077,3.858656696664351,2.9127841200529017,5.795170651918086,6.080688731847062,7.11031946271215,10.380993890374778,2.530709536235835,2.8306018249384852,5.172207662101305
4.462746371652457,1.0357427737983609,0.6807454040106395,2.1078884832432014,2.4790653132721636,0.9626457146905194,2.9354022823979298,2.676589488666248,6.39157422426453,3.2117621706967503,7.309149925331307,2.2392347347760215,3.489494620153504,2.54848949797759
5.810743689617583,3.5479604645612612,2.990794364467848,3.3806200753303335,1.6479096838927298,5.215585963836214,-3.3420648454518354,3.279684736395088,0.5020025554830112,4.127457313364907,3.2598412180952945,3.934585116328413,0.5704925904272069,1.1481308561131787
3.7284071201463336,0.8037248403764472,2.1952528132688442,3.24094716344381,6.399416258750113,1.2703958825097443,-1.1296185925557682,2.176760190847111,0.9069979057215136,4.772253764495584,3.532659339441583,2.241548062626201,5.324123280663369,6.530015544375024
5.2061911615267755,0.6039438273306192,-0.6528642966875906,2.729556742972002,-0.3119075673539282,-0.5393714999016579,4.0918299442734085,-0.18286572352605268,-2.5054582029410355,0.010548068763030383,3.460288511933787,1.0964344914865851,5.198470001908055,0.8295656818517658
-0.8770504640834462,2.651348789903149,1.9505379420628695,1.6572999654680927,1.8623267568942086,-0.8767893350974147,-1.5089519659051502,3.6117266024118693,4.713694800959347,0.3887738692579308,-3.4697270745161775,-0.5024646762914713,-4.821607219920141,5.97409311751411
2.654856436922418,1.833554713426183,2.30504224836226,1.254364760290394,-2.6354045345779946,-0.6656740923239863,2.401087886073725,2.135006254859687,0.5069919920280203,0.9297091833646249,0.9555909861811657,-0.15544804879676088,6.838184932584667,1.227053503272631
-0.9929421576488504,2.9155783121634067,-5.400625534935087,1.3490746676166872,2.496531844558252,-1.9406990626219036,3.4404099481875225,0.5022625470663371,4.061951455251754,1.7950338212451802,-1.2270645031067915,3.119392706336048,-3.960244381341187,3.1625931535412866
-0.5386904484274952,-1.603988670033618,3.0107586982220145,-2.389242967181383,1.7306612291242554,-4.140374168523502,0.10300120252254374,-3.4979203547197084,0.3760481768284175,1.5363100709716775,1.2172879222600974,4.774585995736534,1.3145610396613951,-2.0271960801704676
-1.1111102202215897,-3.923681827815036,0.7060808711106457,3.121666666319826,-0.1104072515264668,0.15840264354197142,3.1988290891861175,-3.8675054335298125,4.431358153518156,3.0560898876182496,1.2278061112750418,-1.6119322605775606,1.1884028963326831,-1.561982609587751
-4.71343996093333,0.650616838682744,-3.610236906651462,0.1925259917473059,2.6614390967362587,-0.32825068131740975,-3.9549679351338285,2.975784701778087,-2.79492316600819,-3.328300330651719,-1.6167625272933122,-0.9434948858412685,-3.3277564412052123,0.9805669774533414
-2.318829517884202,0.19021171473235166,-1.4729163025599412,0.3758821777475805,3.169073945851564,-6.3657996772422,-2.905713606309007,-2.5566908398350483,1.8138699061706411,2.7697948763174836,-4.650113038287063,-2.325229286184571,-1.405545119188215,-4.187469633831682
-0.5084210697081661,-4.611598626362765,0.48793207046392073,-5.585606388213357,-3.719389585792999,-0.4645882354053419,-0.4585659365702073,-9.036505139501632,-3.6333815647662173,-9.717432938848061,-4.108583558802012,-5.215531567669384,3.3604391233221955,-1.7568801240874188
-3.436450572092375,-6.435142370818836,-4.095473765543913,-7.518952694376721,-8.104657263641247,-7.8699895209086455,-10.721549880136404,-6.89941690892543,-5.484546091511056,-3.6829996169381096,-5.708098769229944,-6.187418854016178,-5.638640045335187,-5.847401877296743
-6.062451076626728,-6.613868524382001,-4.4317166759566025,-10.185809657160654,-3.64636651854363,-5.134105265687316,-3.231211567203741,-8.336562776078345,-4.294614719866065,-6.4185549254160215,-4.524530396432522,-6.920835301286727,-5.282586114060362,-4.532078935229458
-8.370659863487166,-12.02976377116076,-7.985839822419052,-7.988309383424163,-6.6522682372877275,-8.358294746445273,-5.61837739136287,-4.99276971137218,-11.430869098384218,-8.401332361197811,-2.290027002501409,-9.550405646107485,-3.493459665540659,-5.939542117177831
-6.227592900870556,-9.167266325273916,-7.027180303838995,-7.848653044350934,-3.476001155806909,-9.532996061048859,-11.278555008781648,-9.417686306801306,-4.385753376999871,-11.75283157881325,-5.396176032699031,-9.454679933579044,-12.336601797023132,-7.094132617033964
-10.364070465963017,-10.998037432891511,-8.721564258957647,-11.329406964266793,-7.719042230939803,-11.498861353022708,-12.71824692849442,-11.21098030364158,-10.439861927010945,-8.263325780732277,-12.89044554628832,-11.677132334858094,-12.457490390121226,-11.169465379336453
-9.43700347642292,-7.32694999678743,-12.325600045209814,-10.78303865493497,-10.638214645060794,-8.914214517193875,-13.168218856151029,-11.023614603546878,-9.475027539085989,-18.14659396500815,-10.983558116828906,-12.540317209002739,-15.347582745909307,-13.505979345400776
-12.921930127732285,-16.63941995466737,-15.390382347741214,-12.104738097420533,-11.953377788007499,-16.632814051418094,-13.838786440538032,-13.653668326837634,-12.913181995681372,-12.309163337505465,-10.994145824008344,-9.176548909675496,-13.761264657950436,-18.30823948376944
-15.540541905978104,-18.81785330235145,-17.084863794213415,-13.31183694933489,-14.96852878575922,-12.66376990758481,-12.27426365609917,-10.697753855472683,-12.540915010035238,-16.974937193386637,-9.945783575028964,-14.444918338611286,-15.611732391510284,-13.608282075492506
-15.733856017891881,-13.678439395385118,-12.751122415480179,-20.45832276069848,-16.257978265287,-18.30541734673335,-15.913129632717265,-17.140578148438415,-17.836229879678026,-17.96244541673442,-16.133438715760818,-12.306887589455478,-16.308871657246826,-14.25592738040237
-15.181873439859137,-17.01048195635167,-11.997534616893688,-18.526743702782255,-19.571211558258828,-16.79663044040893,-18.54309724539076,-13.95601085984064,-15.929692056735494,-13.336243522188957,-14.02420003816469,-14.865028478039518,-18.26391830971798,-17.863314491036064
-17.835618249813276,-16.097112875931053,-17.739774839804383,-15.839221196932545,-18.347159217753457,-12.447547132653668,-18.77877989253856,-16.614227790239656,-17.80324169366568,-16.030691782450486,-17.69036050777038,-14.069330334146517,-18.12741894919341,-17.161866674767918
-18.559763787730162,-14.106710159670495,-18.291453649469233,-16.920997379025685,-12.907542701221558,-16.52637012423512,-15.095216243061438,-15.080692135003188,-16.08415765003379,-18.426544498079267,-14.99541613936292,-19.9795298262424,-15.076389186931863,-15.968607648784475
-14.549346189021886,-16.483502736802325,-15.953263936369293,-19.465235505953352,-14.136390603138366,-15.843272062347983,-18.772330748340732,-14.161311344496944,-15.370529966793528,-14.160801344691416,-16.144656158027168,-19.54073390462914,-17.23465329106995,-12.042500319464596
-15.286847311533752,-19.189786478421485,-14.372808637076007,-17.431387921586392,-20.815079645160402,-15.068190817823712,-16.5734697504356,-12.876815439826375,-14.238647900928196,-11.756093419899049,-16.42813976113461,-15.407500259928135,-14.627416687475652,-19.25170725209641
-17.189093646315072,-11.903712770918707,-9.39914619634117,-17.245809299616283,-13.933752660727759,-13.781631555627726,-19.636724634845265,-16.659188314608592,-13.659639828262732,-13.786391911179976,-14.205004545221186,-12.500504493421838,-15.823099794791728,-11.988499272676696
-12.880480391945373,-11.581276633701144,-11.043209728652089,-12.484044786039895,-10.635457882470124,-14.944910524658443,-12.535364726339164,-15.420698822675076,-10.246226780005328,-15.500990959129933,-13.134410202084496,-11.989723511589784,-9.331042317872011,-9.43521304436602
-7.757635250852794,-9.00312376376061,-7.768850511442683,-9.749322029416657,-4.063447026110801,-9.278703266581218,-11.078141901194606,-8.86214344040101,-8.55773044150125,-9.673613894494343,-10.977884225161848,-8.341762628004332,-7.522952832713624,-12.911915840776452
-8.295054976830839,-6.523952373013227,-7.821737424420584,-7.219335705630651,-9.183521429044264,-2.7249805796319517,-4.901853710419211,-5.683986756021417,-7.329722984363007,-6.124927198637937,-0.8195836826334642,-12.584903991312276,-5.801670611410648,-5.218998727935728
-5.873413758033008,-3.361909967701189,-2.4835009853523804,-2.7595588085988867,-3.0690284073099536,-4.727573359031336,-4.249535008019747,-5.769479415481005,-4.322636715550826,-6.028629094811841,-4.0014352165315294,-3.6978087503103816,-0.26067081084411736,-0.3951407515727432
-3.09632761704078,-1.251970820737463,-3.9002479847500395,-3.4068903136450146,-2.26297180006509,-3.5480463197565504,-4.7754467017061,-2.0974611073846448,-4.317442022021561,-2.1456693227688817,-0.057524710466067885,-2.182465400086661,0.8857635242141617,-1.552069676893159
0.38889478130681754,1.9441253017071123,3.0229236871708007,1.5359241614589574,1.9805793319598464,2.5376735413814266,2.183164953451745,1.107335552602466,2.594349820036083,-1.1625972197323005,0.2074660968844788,-0.8658402933131113,-3.53510470965203,-0.6931021848268515
0.2736665716823019,7.051365824995486,2.5253455516242678,7.547194937028422,5.9419830313207465,1.6349074395979692,7.594406908715147,8.553826647067424,1.8439507428190085,-4.017128485369787,1.2497163413895014,4.329417723821502,0.5313637508624858,6.462797769044438
6.836189985466781,6.794404908617144,6.60718354247309,6.96204157864487,8.361568265062603,7.958026126141711,5.893018240785887,9.084263948559316,5.213738087543038,8.80178116152037,5.745949943802634,6.7934468101141885,3.978455689496493,2.314667255694782
12.915659729332827,13.309210181505351,12.276751722233833,6.766172345527764,7.065434975563699,7.9171541739613005,10.49139618519524,7.3527212525021,15.67194734068978,11.745148176145099,12.01856910980769,9.589812383215358,12.300067511228418,7.3454750728014835
12.76320476398466,8.305984462971736,10.365783331361502,12.037356900724545,12.04069290040537,10.504927293536678,11.675157234641773,12.990383477995392,12.18246134576066,11.798541513502098,14.381451780900129,16.97582044820958,14.800247058873115,10.782389714619672
15.074768245954882,14.552117349566098,15.969457279947028,16.192865344073176,15.336781097930253,18.5330757158581,17.088571071238334,15.062074300987693,13.177721577959082,9.011205518025635,13.06629829881996,14.81157289470374,17.23125829180429,11.729234362891301
15.115956648701863,16.107803343714945,18.59135175757481,15.160130955577053,14.84178049013478,17.766368587976647,15.761360487734382,13.231599400831739,16.876550191427864,10.9708625845729,16.992760960818288,17.332236463105104,15.42640137544721,13.738282743883383
16.235595579786924,12.782108538439834,15.655429255216944,14.450822295085077,16.6745454529308,12.351239899759385,17.29403146003397,17.216898168593403,15.743502467706337,14.133680592646169,15.865008188979916,18.331877328332745,16.15162782673443,13.972229596362855
14.91374655248149,16.832168079805612,14.74207368827598,16.87491728001202,16.2120867450631,22.724941064187515,16.66164532566335,17.301681342993458,12.76858913719137,18.448647191302907,18.964304327301193,15.045880942008496,20.35467297209422,14.79564582781072
11.673330643352838,16.411772619087,13.186056678587638,15.656378111384234,17.68786141767447,15.611203604901752,16.981765952952866,16.95983860464152,17.19248997326695,15.089279321721671,17.654927485816902,20.481173408660883,14.718897812947048,17.862986046387665
15.504998008245126,15.006242643052543,16.867973002688615,16.58320689604497,18.940901234130106,20.453214289473678,15.4956162351371,17.643094079283188,12.350846377200778,14.368501752471545,17.045471329651782,19.586554805952687,20.007544358859874,15.498280775195523
17.35718056070091,13.067676459493025,12.899870418951137,13.60406238954926,17.278979903473115,16.22009044908242,17.54273051376743,19.28896209947254,14.618823167559325,15.116538120527236,15.171607271142841,15.693731520536556,14.48195051956728,15.154889577539073
14.267579703659289,19.274354186006022,12.121240831944476,9.775809048512663,13.593935662858664,11.296339909222343,11.737901128348982,13.085862728749905,12.586187416394896,15.751639686117839,17.035814572553253,14.959958535994192,18.317141951327237,14.840370030628941
16.676847414495334,12.3716634702134,10.558318573705774,14.139300006403827,10.575809642373526,13.15127972388797,13.455751566142244,15.346723343926266,14.845716423976022,14.988719722680637,15.279801618452677,13.725826549211915,17.4847055855181,10.83210581967433
13.525876394838143,11.738005458648464,13.356695572586753,13.835554927153623,11.822409032943288,11.718413247253539,15.539516316367095,8.921243511385168,10.957006109545492,11.788204325737324,12.474838404048143,10.792485850348198,7.063845297865437,10.66628157612845
13.206295843087425,11.717788398913417,11.58895693169551,8.84992717812828,5.706600352362078,8.30243974824961,8.152319740242259,7.757352161835117,10.047295241068339,13.517619720203195,14.257033424182936,12.456699816713899,9.150926859919103,6.696629767482878
8.539739166275993,8.936276042446512,11.148400449156389,9.420653050676098,3.3061967867025928,11.739080998420988,9.91283899668144,6.543232179258253,10.072037844390328,6.353266453455834,8.39515010346258,8.699834353252442,9.638641182197087,9.986516419131469
3.7117745074484576,4.816483846046889,6.865531010508892,5.39294069702626,3.048865192375832,8.23528130792287,5.627572043003504,12.33511674807849,3.533023885081747,5.643038072568034,11.772944800967785,8.540978064832464,6.599200373961772,10.65536344155052
4.850663477679103,8.79754600324028,6.527132028981679,6.237039019232128,5.1100991905465785,3.771213332741474,3.35576778536442,9.3847514128252,5.652243847648401,10.180007612500344,7.129744987058014,12.502951736930722,5.069721039427242,10.917310390093839
5.477047821066829,3.831346961205256,4.29390623025666,7.973122551292964,9.558084272073284,3.651828198938329,2.440650119655044,1.885271370031811,5.1788715992867775,5.750822405871091,3.467135497718113,5.7142987245623065,6.346935080810595,1.316528238604516
3.28891128238682,3.498700943694453,-0.6872495721599154,3.7689926545073518,3.841196404822896,1.4591767618659337,4.566859103240441,3.477251013944791,-0.6933844448743303,3.0853443799362585,4.533416393763153,-4.211170969309143,5.765790076807981,2.499788653134044
1.8331059481027268,3.201349595957438,8.01358970045359,1.4107200504352884,2.3446695966307924,-0.6664553485993072,2.3939393396717774,0.9706035765234584,-0.08516999955612548,0.3027581025541357,0.1351981050891693,1.517937752695503,0.2949301949719092,0.132117059183527
2.6022737674602316,2.679783346347153,0.13940961666302432,0.7906745619383176,4.750687859022971,-0.15689639692961532,1.195949780462026,2.1374282917176277,2.3866375028798954,2.8458894867300866,1.8709617801153435,0.9343462020126713,0.6176808531019204,6.95877252541147
-0.6473835856322938,2.359843255435415,3.373637432578453,2.8987156982651916,0.6749287385275754,3.7663415073018203,2.914522620282569,5.600471128771012,3.828431336563925,-0.7151855014064514,1.4424611860506666,0.9510068886233127,1.5930249220772699,3.6651307199419008
2.073260847673276,0.2152722231226346,2.8719286189115234,5.196847601864059,-2.780664485261216,-3.9935085307440312,1.4324539091351076,-2.3135996212798666,-1.9872086070333344,3.427510928643084,3.1741985511340465,-4.415352716769006,1.0890796169227597,2.204228909917356
-1.094776111381576,-0.4112908121771779,-1.9879984268763862,-1.738336865303218,0.9070923151724457,-0.309478455737091,2.663452169617113,-1.0728698148295956,-1.1253796750238751,6.246476641999512,6.030601017629884,-5.525547884454318,2.199895845626611,-0.16175251472531613
-2.724761268174702,-3.239764964822852,-0.944735709466457,0.49490502874084874,-1.487578059048091,-1.21547524489532,0.1317153654438833,3.013540595623489,-0.05325785018347956,-3.610525559871226,-0.9923843512803255,-2.448386030282972,0.03955906892784511,1.7765387412483256
-1.7990554500001203,-0.9637358330157066,-1.8981462139656509,-5.322602454148907,0.7641573521382181,0.7576469590758446,-3.060839207761286,3.0382857992701315,-0.5667882739919496,2.490219666676938,3.243986551804731,3.788285041405277,-4.816139563257593,-3.2351430619385737
-0.32865662059798995,-6.170176540609148,-1.8557237773247641,0.340928039064454,-1.5322260180808165,-0.1646623954325852,-0.21254685002069618,-4.429602948686325,-0.6188169892037694,1.3178992929007531,-5.782770001116912,-0.05791341835573949,-2.933650583580873,0.3022330066166343
-2.02819096799265,-3.2800525348034513,-4.446376643623511,-0.5182732433505977,-2.1628432892437828,-1.8957209700080562,-3.8363136792813597,0.41271321957862783,-2.592409271727578,-2.820118930456791,-0.5421865317368249,-2.3277617149782186,-4.5987496924273,-2.231964048073713
-1.9815595989780272,-1.6292658422829835,-5.9111821534842655,-4.9144059906937025,0.5087564440886894,-3.0328780340681893,-4.207457043445977,-0.5712635614973496,-1.7778549912087231,-4.531962977318436,-7.322076262608081,-1.5614034629225382,-2.944285155887876,-5.084789239518146
-4.462570369645787,-6.370196040116649,-8.595363084443388,-1.8044362166445294,-4.189235572675282,-7.495833140435214,-4.1201073051972,-3.596023909850894,-2.7716545380405,-5.5733925033940706,-2.847188655922933,-3.436351889792493,0.0631200622684931,-2.1720987039009505
-5.617666228242976,-3.003234672321606,-3.6144417199342715,-7.208785485254772,-3.8841642427267566,-2.9765366037895498,-6.027069412230835,-3.8555738954207026,-5.41714472515789,0.481456543441813,-9.528073488538208,-3.981955873395231,-6.55233666412188,-6.943178060763323
-5.920702119825215,-8.291324567820531,-3.3130813613984693,-5.137320599889556,-4.658221858636554,-4.981112930402849,-9.285017984916134,-9.52168066928908,-5.926061961118904,-3.9766436331155397,-7.468871783616418,-8.612048070177453,-4.877090880023814,-5.849980683412703
-10.78095464573305,-8.662751159818539,-4.5707527461178366,-10.355126693870567,-9.900952916893365,-3.9118240490765883,-6.111196657344933,-9.49543707973142,-12.663196259461465,-9.443963472646388,-6.538023926401147,-7.068495581411788,-8.566091734591756,-8.854331373740084
-8.275746189344288,-8.15521002680464,-9.659823136722089,-7.279156285017717,-17.693315951440237,-9.097895510596857,-9.06410670769755,-12.317497733177506,-12.55577428214486,-6.773177184812615,-10.040976046163156,-7.893997080305213,-6.134580633409147,-12.929008938918688
-14.753937378133823,-15.64069231006955,-12.124784726720536,-12.296821048338433,-13.13516313430057,-11.444022159038127,-12.321646511666513,-12.876669841456595,-14.706165450049646,-11.087792725446477,-3.2845588740727365,-12.472256844360917,-17.10085931083045,-10.719069271923761
-9.883050336886946,-4.483741646744887,-17.499586669743522,-13.533509435711848,-16.37305720266942,-9.85142792986335,-12.817051585281279,-19.21475575157434,-11.977602134929896,-17.121506314087465,-13.753713364282858,-17.240437327453428,-11.995225479033671,-14.883712587000689
-15.495329388963963,-9.726870145791246,-13.026098615445182,-14.110330479266594,-19.48011568825499,-13.292866371537327,-14.898625195834086,-14.939479344142528,-12.972901290389386,-14.422825913836702,-16.17605144181927,-12.055920347845715,-14.089914652046923,-15.214338704385177
-10.783615191284328,-17.774338409992424,-11.519889777871256,-15.96091782743744,-12.071352057304003,-13.513400745724127,-12.204039709527521,-14.458779119771195,-16.81204263709931,-11.2850828563895,-16.315323445151098,-20.769026552210608,-16.94683628201577,-15.978301158534029
-17.22161768639729,-16.750358862941933,-16.39980722043903,-19.056119035661997,-18.950094468277207,-17.200593670061274,-13.943807332731446,-15.498793523669093,-13.641267746260272,-17.831997350425883,-14.393742047263332,-14.406079511115545,-12.981276870975925,-14.32992898117031
-12.165911646632384,-12.745831692249302,-18.242266105161306,-16.33780789555295,-18.526689991354104,-17.24045840927928,-17.966896768331726,-17.229499386688538,-17.33899020253103,-15.990548193898967,-17.249796238761938,-18.51232485672277,-16.31996044243235,-19.1581435891215
-17.84162243959618,-12.438573391490099,-14.701772145347597,-19.769071572653814,-18.66005846425402,-15.941975227077867,-18.253053370801776,-14.513397866271488,-14.654949564844237,-13.304457985202259,-10.878325618806583,-13.876973361715752,-18.360022759643115,-19.750113990423156
-18.318198004434535,-19.18276193709301,-16.901805107739293,-13.318699049088409,-17.52385007055165,-16.55505909776455,-15.077734492474269,-14.346102147606198,-16.435332312728022,-13.905600064494683,-19.33200811202586,-18.533339241876607,-16.00367241671324,-16.28999640518019
-11.476922248444644,-16.850069884095866,-11.453083596268478,-18.6476503830701,-17.52501677434213,-14.812511337040057,-19.63381634012006,-15.828354992164154,-16.615452986498443,-18.904384079116376,-19.30138558239161,-15.789041402601407,-12.794132525739174,-9.551088989934264
-10.936635731424523,-12.260211853101849,-15.439543458176997,-14.752353148465346,-17.678168240411484,-14.604203972329483,-13.94046862357247,-11.177857366208265,-22.013373503206125,-14.619799995873338,-12.771353036493148,-14.303326779239637,-8.196105447080306,-17.15109434870718
-13.253726156448868,-11.057606847057968,-14.067665976202715,-12.049254007173081,-14.818469100972912,-11.150261832397636,-14.37248642893252,-5.88736089085594,-7.963797299928801,-9.005092306315214,-10.226828276575198,-12.616817576023696,-11.23472903950742,-11.132365384015174
-11.928783519623405,-11.962508840077447,-11.876417260058941,-10.574531028978809,-8.411907536604668,-11.065813714813851,-14.433400986214163,-9.158685491100238,-10.084950585142895,-10.091049221966582,-7.818629450332331,-10.32847459147709,-6.315475504790852,-9.767908526256415
-9.521764937265345,-13.137245034010725,-5.59595371310165,-10.84294294601371,-7.331330508455945,-7.854409157545959,-7.968748998413575,-10.589869340037549,-10.312624369634221,-7.361769940595598,-5.354521336979019,-7.310620937904545,-7.849737733670632,-9.522567702865539
-2.466964590237855,-2.5887282926600084,-5.703709500200255,-7.102276606821722,-3.424271315738324,-0.9205042149286702,-6.924588063223124,-2.7360708027799605,-6.1084054395548035,-3.169015932221831,-5.647316767409072,-4.164867030899629,-6.38436110010632,-5.595480693947355
-2.5826427330416326,0.7929468788668326,-6.15153296489914,-4.882193428712362,1.3656113993429166,-2.234139240653675,-1.9390047013012952,0.36738208505000425,0.5890975750190728,-4.935024326480224,-0.6471078846129041,-3.2833163443404736,-4.0119758084714245,-3.436863313155464
1.1878794179008016,6.4919211355133415,3.1593238830981214,3.356103178998767,1.7292427181349197,0.5741336811439828,3.0644196856130934,3.0643616458671596,0.08864195006464426,3.5748482729279765,-2.7782155607619448,-3.7551361899493543,-1.915027510265541,-1.318579887266942
4.797162987398804,2.0656373604848826,0.43052035299369473,6.045086346841709,2.1836267869613386,3.6496337882546173,3.2831335249895934,4.6885393611853825,5.465821381993871,3.344019367925606,4.625664832273344,4.0314980773031355,5.584470309497852,-1.8143652938395327
6.419967884359562,1.593304454574067,7.117906393298402,1.2489920196630102,9.972167470449964,9.291302341326876,6.323564263839743,6.348900355612478,7.521143546590894,11.073682726864961,7.129336833167124,9.350604541821703,7.574289304192626,3.4575417537660025
11.58215372444106,11.471737254330362,12.272800160090735,8.458996479055445,5.332605230653086,11.217300052766216,12.607070379459596,5.838292499447034,9.589320319256466,9.498625006261506,15.447126442977714,5.009126626348591,5.921002030620379,7.549799094057264
11.73230721253331,9.218775167108856,9.112646323555904,13.08698268583179,12.646257723591596,12.706333869139497,10.322815509164213,10.532178573698797,12.082908975013911,14.594685392909565,11.780102572392487,12.757935265861189,10.625214714019732,15.527129400762277
16.826002983843686,14.636658230287022,12.9654668657505,14.487718856966591,16.700336766951846,10.938734900925718,16.375126573089783,9.037912822013814,14.662718268656192,12.934051212447873,10.630633136481688,12.892742999785872,16.226701090520972,11.211634576663553
15.177510448752736,11.976205597515598,14.783338192824846,17.87907180338873,14.055530513294578,15.17799221240437,12.985117131147872,12.364970397086276,16.705244388598153,14.657929613614334,19.518891906288978,15.398078633434643,13.173526789303358,15.343539301591173
19.115968273603777,18.886396879677655,15.98662058011849,18.922670549722916,15.666200887860509,13.0847008035959,12.807430859599238,15.169535093056565,16.385619980972393,12.16474010879789,13.638499132510077,15.831288641110785,15.370594840417052,16.504358060092546
15.355005157457343,25.184743171997468,18.406771163846177,16.870815105036115,18.194289476219403,16.40178604934636,13.907537638663861,19.399403935054547,14.91810372804,17.8331016437201,18.617351851020608,14.600645865576999,14.799415259656625,16.83861700110516
17.85865604316831,18.036908685364796,14.242633267937567,17.17383592673655,18.24116237657349,19.59392841478295,15.973246660475738,18.993237314014007,13.954550562499804,20.699280697239455,14.755199580077594,16.965808668369014,19.485010418147827,15.898394354025312
13.881202263030923,17.492829995226288,15.989286367847713,17.79010086419946,20.008301843357387,21.982751020711238,12.435954957708002,13.778465026629585,15.046966288164063,10.263718262530812,15.987441678079392,12.622216947055508,21.696109616065186,16.525320373237424
20.900339140917577,16.999832541729873,17.9420146066699,15.687363328101753,16.12889840859683,16.25787260964578,15.413857596087858,15.720011876551812,15.503795567157933,11.200342310073944,17.285666503598414,12.926341698139368,21.15034516286298,13.876100875464694
12.920885292765226,17.92807608736383,12.677272395655516,18.98247184664838,15.76745238653487,14.19062697071993,19.726597338645405,15.428980484224793,14.695659178258436,11.998363260233845,15.396770128343555,16.365254944736368,10.745761842210204,18.08620602388021
9.545282436488009,16.834380991197452,15.984941730893249,17.32242079089556,13.29852656804046,15.759168650721572,15.122112815760122,11.420480085824309,10.944288441370986,13.635597380132365,11.261394308819979,14.67363822341887,13.35998262543546,11.688296030359462
15.637967736504335,13.417382661163444,11.965049163280803,11.28339138003748,12.639402471205157,7.737969884243135,15.73268106448829,10.605058009417956,12.380776670528203,12.310150664946955,10.801318946777913,10.29919247610422,9.705616800993155,14.4797416988546
13.597668445644711,9.803579577868735,15.163804839030576,7.9716083907264474,11.574333771282864,6.130955346602117,11.824406325805818,7.835038763692772,5.663582868803314,8.384766457503293,11.22416566878144,13.340320842551577,12.586930973895619,8.931352827185002
8.749390950017565,7.1958915196837205,6.223415250695691,13.264569639783225,8.563851536954516,8.26313280593031,8.74932543143192,6.306921111024686,10.8373179882225,3.6534214511689607,12.984308391829657,9.628027945641794,12.16989884072687,8.386087409239014
9.033115636993148,6.870335206205466,6.068044947787907,10.747167824479229,4.71893000202358,9.848499072997221,5.422395461392416,5.612012199222491,8.11623418198486,6.976240860305661,5.804147375490758,3.7896826023479515,3.5678189211569995,5.639700261315941
4.368966373916352,4.92591261636197,9.415336053493743,6.431215578431189,5.553432361376235,4.4642567668025315,2.258730452566301,5.662069479313472,5.901783843158687,6.798640534213085,4.193740278406145,4.810050014456547,3.4297973084417257,4.448045527502135
4.925031592565854,4.196548444612408,5.933594636615818,6.815116279872533,0.5646354970057139,7.878784997003586,5.205726667309766,5.4839391600813086,5.385682322642625,6.359433319984747,2.01503899477025,6.00194206652822,6.402689214347781,3.767111981172178
-0.4544357255402378,0.7269623714654609,2.26255805181623,6.522360847896641,8.44204430274836,-0.4797780751724465,5.809583239049004,4.102022112776728,1.8084025230324197,6.315254688596488,4.961937300616517,2.5284589289029964,5.299564714266846,4.222530304683334
-1.5989773140034647,5.449287450984433,-0.5243350270618845,3.245896368400184,0.892076557754302,-2.7533135276906853,4.826344314382487,2.497610383145435,4.362556663756937,2.6497321560828837,0.8367338510469113,1.2266071570189951,7.353088751297643,-1.9737272915025539
3.7360116264755323,-1.4009625531841725,4.246040746444143,-4.324241662015036,0.5698832748371556,6.51749247385243,-0.8987847103767086,3.9550018318462326,2.9227408098508265,2.6032755880798772,1.2348898489157976,1.5620179514972845,4.009821353217989,1.3991722537844795
-1.929818901194277,3.2704469667297937,5.9137317790019015,1.324387342450036,5.417309492882053,-0.3550342267493767,-1.1647314216886047,4.586455780366725,-0.871976596110267,2.24069643078937,-0.7656906157987449,1.3888645082859552,2.5753940252292047,-2.3390489135148465
3.1489610364528486,1.201163914186786,3.11371300080123,0.9576894771501137,-4.822678351529748,-0.3294728540909746,0.25891905782659097,0.9832251098110423,-2.2844657976546596,3.5677996300776105,-2.852361615416677,2.906155077390733,2.859360629893388,3.201204899747834
-0.13830371902540495,5.9034763273085336,-0.10734725669376938,3.087358297292846,2.038843130105436,3.940587545349038,0.03830380288657244,-1.934834000543094,4.4304156982143335,-0.8093752612856315,1.648839977868887,1.7550533122548457,-2.0013921721454606,-0.21257081403663342
-2.4520273413906266,-1.0893849981826715,-2.7586125752188324,-0.5904497600266989,1.9088677522684279,-1.2487756185382168,-1.2241340170504451,-5.58782056843645,-5.560416204072265,4.437822236185881,0.47509252425391135,3.2235942366352957,-7.304334119660287,-1.6764588125521849
-2.938458264896474,7.280475959811569,-2.006611610919265,-3.611451447845095,-2.4232369445387913,1.3422718423067375,-3.3060278668154655,4.899751770585499,-1.8681802760388395,-2.903594229194393,0.6649155571402696,0.9803446936419467,-1.1257448835684183,-1.637902486440617
0.4461011616178592,0.5695377663125281,-0.2565590195967098,-0.394126097767876,-3.339434512194909,-4.238629948664464,1.5965617657457054,-1.9056302178229787,-1.9405627213573065,-5.365075972347878,1.6500049848392573,-6.30701929100996,-1.243511897319785,-5.142987622324197
-8.273936899504783,-4.091043165603326,-3.790497963552826,-2.8478872584395774,-3.7658426394605087,1.4040517904981575,-0.058705932271308825,1.2486133051016894,-1.5718199339807328,-1.4422096350877291,-2.485732691041356,-7.018872056347108,2.0144409652540105,-0.7965158343728047
-2.7597326597150946,-4.445311028668851,-5.289875573834939,-3.2224380573697533,-5.081483049509644,-4.4044666803184285,-4.125143673733804,-0.55452677477001,-7.877799938384752,-5.754024099256645,-6.64672033525688,-5.863120411243205,-3.190020001060895,-4.3962093402452425
-4.8992821398281725,-6.524193933400651,-0.31993866118501213,-2.3058452259860402,-6.263451253158879,-4.1376183854904705,-7.614086088218471,-8.25195333694298,-7.808373668038206,-5.538985696330149,-3.1897721630765856,-4.621112388630693,-3.787002725570816,-1.2112364501187902
0.8476313786531362,-6.564788470442134,-7.021288250358607,-4.1659044927842865,-5.46854955336843,-6.627574361256747,-3.358320027828141,-2.8339604122069106,-7.582553141422455,-4.325826762163257,-5.278797211074785,-7.293902920519133,-5.712886075532677,-13.284516489807194
-4.662395746826898,-6.348435806698053,-4.299678174401405,-2.193567239244624,-10.549373308755065,-6.214634344730854,-7.335704173179535,-3.2101342351458726,-11.085568818506871,-8.872562329657674,-9.197840061802015,-10.15415139824503,-9.373087089865741,-8.708186572972759
-8.950868303933442,-13.297446423102071,-9.560189589782336,-9.682804436184561,-6.8857388997616145,-5.461974853276294,-10.054426527352527,-14.324280446893335,-5.774923401120525,-10.47345213358226,-9.397966715981944,-5.841816291900322,-7.960277098117454,-6.6096020760156105
-9.543621308116007,-11.136739792081247,-5.036055327105015,-10.466698509347786,-5.796230609748555,-10.746169630390218,-6.3238455646543485,-14.024199975205441,-5.4931762406985,-10.180287844954218,-8.819031032157413,-10.09905080553607,-6.394438619999784,-8.365028963590044
-12.226168558658806,-12.425118077048595,-8.85109615399633,-12.928762928352617,-14.439650993765959,-9.702978944513816,-11.812729356224505,-8.651922269965853,-9.193862642332249,-10.35601484092713,-7.9672287471640715,-15.641214079878061,-17.204238989590714,-14.364803953398543
-11.375715978374387,-15.94088404604459,-8.063203785938356,-12.18307229600016,-14.05817826275279,-16.674981468521455,-13.999973043495778,-10.42037844896824,-13.403113491753578,-13.795924957749822,-11.577762452036179,-13.547687624032953,-11.068416580191535,-8.626221296586065
-11.725117051690294,-19.170904963982885,-17.605733164311015,-19.577849727503363,-8.739573358633596,-16.98691403498408,-17.254532385679497,-12.59130893528213,-14.776835634791194,-14.417280210123762,-10.296849121238191,-14.221677079994699,-13.610758902784417,-14.809576693282395
-11.931191370525458,-15.276213065569623,-15.067389831592326,-16.204313550589436,-15.575066805826781,-14.320460650732484,-14.67291051476727,-13.110990566306565,-16.525121394899916,-17.969912733405703,-11.71969710166372,-10.373523473106545,-16.168936626866998,-14.105436704588541
-13.667969085537695,-17.507769048143007,-18.294978081302784,-16.574345524101076,-16.35269016811178,-17.44760870459064,-12.481547516286055,-12.069703078058359,-14.498622384810659,-15.608150474849044,-16.06321904257686,-16.491079627346362,-17.423815587899853,-13.81950604552216
-13.758118137524585,-16.14694471215385,-18.90578020304629,-10.811863116725286,-18.63844132296994,-18.084414037590008,-16.84659523322524,-17.46292561929131,-19.40053007836926,-17.47715294702736,-18.858259281766493,-16.05961747180697,-13.245105173106746,-16.32250875665589
-16.555185160864074,-18.51824276793637,-12.49647234943787,-22.105434534379032,-16.066819969052975,-15.971401880670568,-18.651579932695157,-16.52291013953394,-17.994098558852045,-17.745378268714422,-20.014788114564148,-15.848931648782857,-16.845836031273432,-19.43269139129366
-17.7367146114887,-16.366253566462408,-15.16041424719568,-17.433600048211765,-21.24670418334564,-15.750089491991424,-15.399077549529778,-12.115330292605043,-11.794915600278088,-22.2444707154104,-19.921116856835187,-12.9829777534551,-13.228712298760646,-16.86930954844241
-15.943258551749578,-13.674079522341124,-16.903039547727744,-11.04360695972126,-11.796889597136229,-14.641974812788941,-16.706343624717366,-18.82012320345086,-20.113804367374883,-12.125557763433509,-19.238735309173457,-15.734057249693066,-10.104845252490424,-15.028605276827447
-20.224169783933093,-17.743753000986693,-15.815631069234492,-13.465403703952303,-8.658177510238165,-16.758131337497915,-16.82431046708159,-10.11580377639674,-14.894992473658752,-11.91387125565859,-13.188517271191067,-14.104894631190078,-14.737637439306502,-18.313653140511782
-12.688160944339113,-14.700599938625038,-10.824190348696781,-13.002300361920918,-13.472049214660212,-5.7401387277700415,-13.942441538778473,-10.79564167860401,-17.757619931607373,-12.338499092653617,-13.81074227850714,-15.501395593329942,-20.80088881001329,-16.675162498879697
-16.06125907125255,-11.116698544471198,-16.360380408820497,-13.788519805551111,-10.796804698674448,-7.94446970168614,-9.513613840443082,-14.075443886467323,-9.771533939965687,-9.436434004364212,-4.98305904386051,-10.620659582645722,-10.786404332381714,-10.712140461476361
-11.570011891826157,-7.493894893894118,-2.6157046657347145,-10.693688136316862,-7.010070593421428,-10.484271989505674,-10.041624575721237,-8.353524148175303,-9.19938177437056,-6.600649181513358,-9.084512419404126,-1.7321837386549976,-8.200226390174656,-7.906819704350004
-3.0901949683354784,-4.316532735976079,-4.775372210069798,-7.587018506619813,-5.65254470348365,-8.695338527936165,-3.5256502939246808,-1.9718154767082101,-4.978429496063257,-4.403195709028878,-1.1562993777168584,-9.620858828940968,0.2869423183756741,-7.42828342656213
-3.2564560168142394,-2.868080507924982,-0.0906203243126753,-3.3144721219593265,-3.7132795944948147,-5.120106850161026,1.6939291215800272,-3.704592720524374,0.24103460548027966,-0.2994165663222459,-2.572593509582139,-5.586140919938135,1.173960502912712,-1.7117082312434424
-0.9448445083756398,0.5981820088328107,-4.993847084224814,-2.467639001791814,-0.27815728348392466,1.9656328186738499,1.9103757899135718,3.6695024801846774,-1.5279490229606119,1.3979887259790715,1.7125895790493353,-0.7525285020297228,-0.5625432135262174,-4.285556931505123
6.724427657032903,6.358716210214142,7.381729425775406,4.462090879377309,0.6319050304545288,-0.9179950258200105,5.987241120039688,3.9172304353184724,5.718769298949688,2.3912287487944317,3.226474084766003,5.196761245771278,4.019187747541282,2.8357826879151595
6.31656308934997,7.09721633029622,2.704441499314916,3.8516537772336914,10.257879894219887,5.762007137210146,2.089887254788609,7.450146163254415,6.457699424145826,7.809858256739114,9.378722929078513,3.9131307998541356,6.712067236651119,0.6408899625329534
10.722758213524,6.949231195728716,8.171034677285688,6.5628474662720135,8.339603586139889,10.125331154036408,6.920174125107009,9.621954563771359,11.857547736639075,11.898477632896657,13.946463421321068,8.711036586952247,8.746335754939947,11.847507995091634
13.348584350941119,11.353493875817454,9.303602616844127,12.77854226759446,10.77721342826156,9.453484163691181,5.468614447653168,12.511721181376664,8.809931702344741,12.700308683404751,11.67736811797548,11.657698003284391,11.048473449023769,6.8312629873354425
17.465556756097257,12.046179018484523,14.569460298568407,14.10181670130138,10.951919227949162,13.72185967071417,14.26895835973717,11.649066743062892,12.371914585703308,13.20048912238125,12.642524599457888,13.924143545841055,16.38088816153676,17.976008182546742
16.946441034275573,12.98766380646027,14.137911672682712,12.541902152499167,14.906080124555224,14.448981740851348,11.937514435866246,12.66956977480404,10.702300437870566,16.08378596010132,15.456981135358522,13.66838032418717,16.777962234426482,15.51653042634848
9.742534788543145,13.318370895225392,16.862036380391267,14.161124577688872,15.267263133076032,16.533866023515284,12.371446414191466,18.985019936799908,13.779798859048704,18.380587137679637,13.883477006063869,14.684763837051257,16.198970494778223,17.525026612451274
12.215269683835789,20.041913225930692,13.34931420277315,16.421303593804076,20.62027463613987,15.598351960587333,14.813535548655574,20.883849256331555,12.71876942975966,17.801712534845905,16.244955198563787,16.016700849882056,17.1724939278288,10.950530684399219
19.43568737043943,13.235809356808714,17.276654213874515,21.310735060291655,16.925823249265463,23.105257094148513,16.771541946344637,23.421476826955995,16.517305781912256,18.118838186255104,16.580600459926778,16.476964942251577,16.773323778682045,17.52107418251278
19.63940083494454,16.7828649889305,14.89946168456294,20.595966385029623,18.10503567452623,18.165523928651847,19.143886609622076,15.053134847502013,20.02192913984062,16.825355727524602,11.390488700635158,12.999719452570107,16.622819355678818,19.16659387600402
13.915085093829381,11.311380025464713,17.24840447251062,16.504881046554203,17.569910194512524,19.430424213842223,13.324689894460903,15.611352296703886,14.724431514516153,12.595924721934491,14.496790840783145,14.957628066765748,9.63959016891404,16.007895383388217
14.368263590683314,16.43853648398032,15.060187915802508,18.272438488671394,13.717669311821313,9.717320060629998,15.013843912332593,11.586010429906034,16.340017299450686,11.59367902303072,16.57506275393766,15.222959871159794,15.586778543702438,16.32407133605402
13.053821455830272,13.329353448263985,10.520724220190491,18.58979050259296,10.207849381444788,13.67617550281768,14.236351330007201,11.60092028081319,14.771948520932984,12.750677953821809,16.928738525161638,13.433194427188894,10.613155078650674,10.495090490089854
9.884040944635636,13.90784789670792,15.83446997620879,11.65252303089843,11.823108809869543,11.123804266874625,12.103313555534246,12.81423737983031,14.774407202258022,10.006240810094706,10.310633296656691,16.898555782142083,11.939739194464703,10.484775781768821
13.012066346225419,11.167126115462754,10.97844088501205,11.501227088637892,10.0737361475535,9.589110368885699,10.426693006523688,9.370691388188822,14.499656665958105,9.347121664166036,12.582152421738083,10.106085765958385,12.336353193235126,10.843914558205592
11.111906311034465,8.95896325970953,10.240574430956297,12.544682073399326,10.612124007676234,8.91351523368151,7.324505188605642,6.611128829580407,11.41554899275551,7.273026975978374,8.186681330016699,9.834462872359452,9.971729758465843,6.221598409963931
8.21389940071297,11.644442206034167,12.218516619982589,4.865331161228821,3.8620448579081135,8.393614884656943,4.9461096531812485,4.324528536471843,9.56092428629155,7.126441708458971,6.998589793803049,7.9753031976260536,2.462268714829814,10.605363268717538
6.456255779486893,6.670215450586907,8.753794240655795,4.921075515639352,9.22252786027411,7.116090653415179,6.587154855429385,6.704340759173188,-0.28673053171717555,6.075585201249223,5.790601083164318,8.508464922073852,4.702812307122525,3.5628026574435077
6.873785049314151,9.58260962063273,7.00960635940565,3.973414481795939,9.92255717865397,7.247644266031561,4.4430474513177325,4.446606537437209,3.89647906112595,5.399794002317977,5.50262163945347,9.438400382029961,-1.3047003359766487,-0.5747356451931775
4.9966533802649735,0.8006946293970287,4.016416903075439,7.791222674866089,5.441220032890763,8.109511927586418,6.934093686595679,5.362494953912652,5.88966267306393,5.706088733200294,5.330664477013359,4.269720426078493,1.5770146472262008,3.987474405361705
1.432034550331045,3.266198036630979,3.699448128342845,5.979623448450706,2.1546431925466925,-0.9966862145075335,-2.46169199891888,6.567663405299472,2.779610104988481,3.8071596758630766,2.084690993644183,-0.19278596905234746,-0.41218807245564637,3.8355909040435545
-0.33230788631159314,2.911609724126773,1.9915578261662268,0.02849061219277038,1.623271421086151,-1.817074297233321,0.06673376413671095,1.8450492813835124,0.657220988950709,-0.18013368511293582,-2.411920006562045,2.5628065842788144,1.8715233816313432,1.0889379955919325
3.972250613951846,-0.38906157371611294,1.1195315660658682,-1.0420947107070457,-0.08995762749185032,-2.6943640152047954,-3.9690111852608267,2.690333757288772,5.835551810216012,-0.07859662563455894,-1.3856384566906352,1.7991094766957856,0.6215235665333116,0.7606233213635176
1.9322058933361566,1.7179180596461374,2.9014812792493445,2.7488525221208957,-4.188515482238566,2.3383439401395383,-1.4970146621943705,-4.114668820990762,-2.415902951597839,1.9157418939174886,-3.6727307494775494,0.15092777724641715,1.3322916916140701,2.9621221737423475
1.1957852300710687,-1.9019806014367404,-0.9178476079107655,0.13972809638154843,3.2741852175929114,-1.5261310322787747,-2.512661705480793,-0.6921376368184552,-4.972454443848253,1.2530315596603638,-0.6158279400982175,0.5542521304790007,-5.19296924939596,0.5985905539745975
1.3433005893781709,-2.4602139225434247,3.058687406271524,-6.177496463805339,1.7631203639734205,4.6448547556966195,-0.6957052523340013,0.07692693037607784,-2.7149775234278968,-0.18185900031128377,2.1815231547792715,-0.14182145910563132,0.7334411707760672,-3.3679661820303552
2.0380029981991514,2.9611562617382337,0.5835366941199329,-0.8525889070861842,-1.30541239093517,1.4810873613398445,-0.922182603723003,0.9910443200174222,-3.5360932491498023,2.044772110884141,-3.696650894104109,-2.2578818405998113,0.5350164614377209,-4.497234303474058
3.305422228820309,2.5058081656060596,-6.512724837228964,-4.90573742883214,-5.7019170829900645,-2.859406644673185,-2.568441040995987,1.071492468333763,-0.405167290388353,-3.374291486863988,-1.7835787581444216,3.7478467312452284,-4.2098677974791725,1.9772719378761958
-2.7082475679597087,-2.6530392205884805,-6.396324821246466,-4.9967199818731025,-5.469942818531633,-3.879004738537086,-2.242580537106542,1.615491089975519,-7.701043916963697,-1.9076763946045208,-2.419125603814431,-2.647706898815426,-1.67531636557456,0.3616700701045379
-4.876097765648389,-6.406074621072438,-9.113922018507008,-4.558447813185787,-1.443872406614343,-6.455389914927661,-0.11648718405601377,-2.003557670198507,-2.2379531522092115,-5.026784984741569,-4.234871020039959,-2.4721826684384594,-5.873057084411557,-5.97374282929589
-1.4011357657013264,-4.040425851558421,0.8145331089909185,-3.774560176033083,-7.878735478590257,-6.356547200784319,-4.780813263924142,-6.934171962633097,-6.005538650863307,-2.7812015384631525,-3.8640717061679632,-1.2304061382027571,-0.8798852536806527,-3.232979486486852
-4.805017544395302,-3.724375636657924,-4.272799844822973,-5.9595088150621365,-4.710712154817147,-8.66781568356188,-1.198035619698313,-6.883687169563501,-1.884739624279986,-6.582696742278129,-5.700540588501702,-7.971852845725205,-2.614456430554909,-4.732977147796351
-3.150677455121716,-5.515180571043062,-9.964704454420783,-8.33228086877345,-4.260067255822399,-8.574164317861314,-3.080283091116037,-6.11392546930288,-6.630902180967818,-4.300708788383146,-8.957974799692767,-4.439511218145827,-11.377088304324374,-8.711835835201367
-8.706538163562938,-9.41893738420292,-13.085365724164184,-9.31645996209948,-9.533882054509668,-8.870075654977377,-10.624992974892447,-5.155287540060842,-5.3931041716352235,-9.485601745803748,-6.090350807634062,-9.735098180492253,-10.209822748892051,-5.05849482953597
-6.380320695853141,-12.241173971747122,-9.957208125003836,-5.8998020295308375,-4.328532193433476,-10.28458214021078,-11.067536481763842,-9.854191517095462,-8.946902964360266,-9.59545282263345,-7.26669661000011,-12.335408887234259,-11.475619598998483,-12.450691514108918
-7.839710157553013,-12.954135642155435,-11.284516738595324,-10.387033957878508,-10.821829630881247,-12.126868666089397,-14.47782533360186,-12.590763134201309,-9.491713257282061,-14.565390865514896,-10.310386285122732,-8.821359272166564,-5.450628903057932,-13.4291356002873
-8.50737221783115,-14.09011824500343,-14.835524429910214,-13.925601294178733,-12.69601843153555,-11.528557123921068,-10.025249515827287,-9.199478641160734,-12.011193898488182,-14.013156593352468,-11.943766252530978,-12.57510918857354,-12.090610887354133,-17.317422002954068
-12.470727513102524,-20.53688976696248,-16.852384456071654,-13.483931915063085,-12.924293966547339,-13.235087605983873,-14.55536426700103,-14.329032812372834,-13.525332137145698,-15.718530785562983,-18.338739750796,-13.688270171290446,-12.19321625170399,-13.256140719482973
-12.836111985372055,-13.361852337851152,-14.215030471306594,-17.71555746620772,-14.258397468752571,-17.347649568551397,-11.548176469442009,-12.84341803431414,-16.21505194374761,-14.099611423262113,-13.501978765475036,-16.28326603269631,-17.31654562594739,-14.996384353110978
-18.234024075869723,-17.56695263847399,-18.52713624350274,-19.212528678385947,-16.793382986052332,-14.878783522287005,-15.642874765173175,-17.38542042354556,-17.810058097653215,-17.615544797929783,-19.574914077422786,-13.06998473237197,-16.368279948225346,-18.71268144627505
-17.65864887453667,-17.74939502537635,-17.507958576326963,-13.978590761751997,-14.769797671232883,-13.350501717105107,-18.249586463971063,-16.119688851905163,-16.60554947213961,-13.146004893512828,-17.470942204188134,-17.68649342224896,-18.529114818289436,-14.037430411707682
-17.45771877142098,-17.812417272332432,-17.78329458496063,-19.194893650182753,-16.49285903167525,-12.48363536251486,-12.630020629632556,-19.6459982223053,-19.097332214286745,-21.018072158515594,-19.024356452116194,-12.428603330369466,-21.894069662912457,-18.480254234465747
-16.78402319767551,-18.064540014986964,-16.12436605781446,-16.52518866847037,-12.844278614857998,-13.643865411114893,-16.61541822183183,-21.609951524190997,-16.62083965478078,-17.81137577787894,-19.27280709790092,-16.655098315490463,-18.069332155597913,-15.868912981011997
-18.420423731779252,-18.789858743139273,-13.374225516267234,-15.032418751782169,-11.185344726348022,-16.072033457137266,-15.413167741858363,-14.64642771400903,-18.460959889012315,-13.202568832564765,-15.417708511075821,-13.540054029285372,-13.485786410642941,-18.2776292116754
-13.368084702899877,-12.878219973484219,-16.674446374717377,-15.734614482870093,-12.932650228152585,-13.999745736270159,-10.338744927662644,-16.214116158814097,-12.026470907593998,-17.424214042267877,-12.800756097954864,-13.416155492769896,-14.403460318798382,-18.882403169317485
-12.91987140615429,-12.314361663554825,-11.74808335748216,-14.120139337098399,-9.718963854328388,-12.736133459438657,-10.50137058657512,-10.478328113652497,-13.227707531713401,-11.538355108274745,-15.03868499449209,-12.064454395298712,-11.282819363885366,-17.964536890464117
-7.366117597282563,-8.934843429575036,-12.401951488786178,-11.33882576995454,-9.202426517228265,-9.666615397580403,-9.50242384787089,-12.297631009293607,-12.529255369033606,-7.8139845410898605,-12.353691780431559,-11.287110551105133,-11.620304897538414,-14.24343310629001
-5.911724990998929,-9.284060799023877,-9.62265095948576,-4.12812140340538,-8.029904034321163,-6.616182619307661,-12.45552480722661,-8.565841236949863,-9.077475384879643,-10.526169079723395,-9.056807220382224,-6.387119111879738,-10.306600169928522,-6.599597493537134
-8.227790703344406,-4.108202896447415,-6.1251995227385905,-4.875395589465247,-1.6226694654325886,-2.02243566442051,-4.822489779308542,-1.6214769723408171,-3.268651446410207,-6.150748158726033,-5.64949416943126,-5.6402090864965215,-3.9634984443158756,-8.911206663781952
-3.5191995174521216,-5.907645381160103,-2.5585174164892734,-1.635860871045609,-5.4948958191316475,-1.9939397070667768,0.7282341778326002,-4.391095493264189,-5.528403410545856,0.24567594187207176,-2.9424104935017708,-1.8664387029572573,-0.7530645100803639,-3.5910830962948923
-4.934860837995878,1.9994905772958076,1.2864948776355625,1.7133324293498038,0.4702667910691431,-2.187028796392044,-0.32608999932714355,0.15824858972455108,0.6305015720173544,-1.7433494511261474,-1.695625341515251,-1.5895595040802604,0.8390761435045484,-0.2074497830887666
-2.689262146217879,-1.79213968278499,-0.039313380233927386,5.513050394857437,7.487525989418132,5.227883247749162,5.501366382024137,5.201324276009645,3.181163844306386,3.514700142742664,6.571408542031653,4.30264901619892,3.6170855413783185,-2.69947414758711
2.6916883004783294,6.654085549705403,5.584460971173578,3.5033461241913524,6.27476787164516,7.62122022774215,7.439089171054712,1.9494297873268565,4.715413152020824,5.6730274009170465,5.298035453486652,4.227819287334004,7.89165332546558,10.620533186200358
6.247783267549151,8.944173146242102,8.5329305590154,11.529169699436132,5.982460476059911,9.217672984604249,6.945758664706057,8.997452023924597,10.76355341863308,7.639303467112965,8.07454021688062,8.715268324773668,10.685962044200616,10.371558004109483
8.568356687206574,14.284657379467665,10.181085245418805,7.245052448636483,11.156466603336689,11.7033976711548,8.64981389367809,10.698921681687313,11.86686799323412,10.505246865198036,11.120369509188695,7.2015372053603,11.221856629737186,12.166074544829454
12.838088912844064,12.020018812378753,10.86610778172674,14.257143222077108,10.420088348931285,12.02594197102589,11.939762856825109,13.078293063062151,9.901426086860443,11.120492797209451,11.533459939680437,8.98535660762037,10.686760449567085,12.03202665538421
12.25396302544438,18.433177304693285,13.852217346729708,11.543231879870216,12.913339282281768,15.666344415842504,11.96078158320566,9.328065121364897,17.02804034947278,17.903451266885853,13.12013891812669,18.24155275487741,13.42843236505939,16.768769009048743
15.960182042333104,15.10774793191566,16.22708070215335,16.23014399061185,18.649591087179154,15.571264442384539,14.131096650817916,17.420169193319968,12.48466948191427,17.124667771114783,15.774026935172095,13.021086529462654,12.894681759302163,15.883488172473816
19.00592766589606,19.51161477180782,14.901057961497713,18.278834775454747,15.206509320706775,15.639453576130865,13.932927016574048,12.949895863376849,18.456632519893876,17.51635394016939,15.083716477793617,14.405960356899422,13.886745170718058,15.118029496836737
15.63362324154507,12.689223810479714,18.29639521583653,17.144150971620885,16.60823630673209,18.351495885198528,12.970381038549858,21.2139623081276,17.184886999547512,14.942213539406847,15.621203148444495,16.411941056164853,18.171765034283847,14.56964153809712
20.182108349824727,13.239995234565619,19.55420966066447,16.890840519591386,17.749478564852602,15.920507897141192,14.722297383880505,15.049474412793074,13.253744014647298,19.915906031163992,18.984868772306143,14.47690278497737,15.165914721929553,15.285908253436723
18.950454580198723,18.686567507806497,16.036064523049,15.296460410070074,18.36311355372277,13.241812645443321,18.823812323685566,17.18603985993966,17.48432277741177,13.973012954321474,17.30249307871623,18.65806438470728,14.574262795644497,13.13095811754803
17.64421188924714,13.469619077784042,15.120896700476724,17.568162087251125,18.692852399685087,12.602400811922214,9.603316914041518,11.958336352193962,18.289178490050155,16.599758936817793,12.446382340039424,21.187234488970454,16.013709890125188,12.435269437784973
15.962164690885707,15.594586456290624,12.381809499469854,14.487954918083448,14.606268476857553,13.374754092296062,12.997304455322368,13.214990683540469,17.44165748867499,20.067469625927366,15.134709594081993,15.334249155525072,12.526888681708932,14.568412788884228
12.167187055746899,11.563895597332948,12.317889140165382,15.386920914563643,10.023743506872094,8.92625947596424,10.74849703520001,12.890160661132223,9.402857955274719,13.032592662166278,15.0544063717787,15.972561734886092,11.325787968671065,15.322144884766761
8.40474151799244,11.84605048620823,10.72658446894754,9.686015687211787,12.85212045922867,9.519153089773221,9.450382078227797,12.460156833087582,14.602622142350722,9.463832931386527,12.747636126172004,11.74331270947602,16.416001066001016,11.018311081651355
9.710595119864745,14.805151165969425,7.623315118645193,8.60930984194512,10.148154468322234,6.940684834678653,8.136477628623126,10.964236664387782,7.935231903382775,7.3079056752566816,8.385512935694514,11.02087837910051,8.328218933484804,8.260290750021701
7.106921064953751,7.754371019800811,7.263679491852232,8.159687829466995,5.970588523521467,7.968425665883547,9.940582108299274,11.584660212164277,8.340829142918711,10.055509612425997,9.700758431231284,9.130627771222363,7.2149543618285366,6.054213591591509
5.590851614468488,8.38348689366973,9.574027176169569,3.6756233160647054,7.4674962811789545,6.539054207747489,6.647518283132137,6.106307931319002,2.9816998858342414,10.024992816944339,7.397929733918383,7.96406140840096,4.622163560270776,8.372726314301497
2.4875487379610286,4.064970401850782,2.7156300354313445,3.4156902072793516,5.596933576404453,2.063728869154965,11.444434542051129,5.297117485216829,7.948566855620725,1.696763375311857,1.0723385674611379,5.335451852458022,-0.09830804018166273,10.497351123871185
1.3052916755146362,3.275244345586551,-0.6865415364924914,6.481077501877186,4.125566774393694,1.790363575774812,5.562465092990918,2.710142643133027,4.998387251399098,4.194416449886399,1.7748671246184373,4.652154000037478,2.5570660099013827,3.6301502496870017
3.5228925402889386,7.108575729548889,-1.439811545729894,4.78708540914762,3.249149243388648,2.508086758852042,2.8677314596212593,-2.0144781710532085,-3.7417677326664975,1.9770651854947174,5.412173154619469,6.043771233585778,2.206830964753454,2.1597102530410486
1.25178515654492,-0.039016209790955436,5.925050316940621,-1.6477936273415899,3.247295922984325,5.310139516819133,6.062521702107784,1.4833175052569127,5.099410688887435,5.07712734785787,0.7007501179360534,2.8674924095847416,4.1266004579988875,5.833886251036727
-2.75800557401546,2.0928082362046547,-2.092985053392579,2.212178991523688,0.6914092518504533,1.0060536354466563,-1.3548845031066001,1.0765526468541096,-2.15091305194327,-1.831430437196358,7.257465351969129,2.225104772443574,4.976397957775485,-0.0177340043117431
0.6609586055880111,2.9525097149846533,3.050133958467867,1.5894367035371546,-1.896755762900563,3.028439196987678,5.445913339556917,5.726559749868468,2.777528974273507,0.5910654649997185,0.5453598697213058,-2.2001550877615013,-5.899831650206883,-0.585226400750047
0.14058632845355196,-1.0681843734058707,2.179414048447889,3.6091484257810658,3.6097845814459175,1.8067951692442084,1.708173461949934,-3.8415069708759386,-0.9321747486819894,-3.3022683181132226,1.4819726598356502,0.4635933570007635,0.86752863044148,0.5609730044590819
0.8103565354514894,0.4970313656335934,-1.0076098995942344,0.87833227325396,-1.6842028793676644,-1.8324035561691494,-4.618450434485669,0.23195251620437085,-5.231103068007285,-2.458935861698242,-0.08729211262956069,-2.0275768109908987,-2.5444023179967683,-2.2667771398388217
-3.9948111834319926,3.3196627208379703,-5.389431218466651,-2.1996106311533326,-2.1154731063058776,-6.278888931065479,-1.4821314198799378,0.18357121411282784,-0.4495335941340816,0.9659934644356238,-3.542583200105077,-1.3070944317796858,1.8397673956634915,-0.024115197781934272
3.0356324219528767,-3.520898167762061,1.853410029990667,-5.484175284293031,-1.5757953819880122,0.48369789682391096,-1.0483850635148881,0.05478608494221593,-1.6975697200945195,1.3913217394784292,0.5601347097917038,-3.702473848618321,-5.3910961938553195,2.1918504610763385
-1.4328420018717982,-2.193109990816205,-5.967268336021393,-2.194638518208195,-0.2696120443944867,-3.320036567779007,1.228366687724538,0.15277165576457286,-5.228222777871409,0.20498209939253798,2.4507954940887506,-1.8067506535255369,-2.244680711741837,-2.86808764130162
-0.711468158847282,1.0567309376423695,-6.389230475014278,-4.479220905440629,-4.547246537138501,-3.0199150786711066,-6.689705881497497,-1.5813457257955725,-8.001646992191969,-6.871304091698739,-2.46752443345731,-4.0446079838918,0.3439409323861451,0.4916395103555331
-3.9140802573135356,-6.613257836915915,-6.946761354882264,-4.374860521888619,-2.932164775195914,-2.681584227875383,-2.611960468383885,-3.295714838612581,-4.743721462726833,-2.525969845354228,-4.932675510866991,-5.9020694486593115,-9.646541919369486,-2.5607424606825715
-3.0516890105361116,-5.094318834199852,-7.709856945511888,-5.2269624845603895,-4.047511573799187,-8.367039323645557,-4.724659781719223,-3.8394923366744695,-1.7457019058270649,-2.6882849702939007,-2.6033995580971214,-1.309692445013896,-6.142461762557746,-6.521494751229295
-6.256505493637023,-4.616584965706224,-2.146153963144008,-1.178150971734869,-3.718527302300047,-0.8395321174267707,-0.8001847421942054,-4.363374173146191,-9.692319217077745,-3.9211735246587365,-5.095938934311061,-5.543590621555115,-5.411592571445696,-4.821119758812283
-2.7435455866763236,-3.9249061306739774,-2.8580901927914084,-8.477895193287283,-5.395610194360223,-10.36852623824053,-6.8206488532200185,-11.614535812111148,-6.125431209479046,-12.56933906563357,-7.487022308965958,-8.632298212067393,-6.9247275725706645,-3.6834569221753153
-8.55438188609684,-11.166427347688394,-11.854479247946887,-8.548583434507963,-10.663819340993184,-12.700821877769643,-9.624425926900729,-9.052431768188363,-9.42375822457367,-10.433369214291714,-5.007869462126877,-9.059564818456835,-6.603563826619441,-11.669803331407783
-8.787445423913038,-11.817163972262257,-9.084392034108923,-8.302556772504357,-12.446642596539006,-6.604244189805604,-10.516633873826096,-11.533027561613615,-11.097900582085384,-11.679418929188316,-2.8250163181482764,-11.83180038888569,-9.947300507119795,-9.74939300941802
-10.31866772830408,-14.328906299766178,-14.689050044001311,-16.21252550626406,-12.873622216364648,-11.448846438743564,-12.115417386264694,-15.327335432033074,-11.634756537842394,-11.155338246968626,-14.054135823731658,-6.957629763944334,-10.585297257872957,-11.6662043133394
-12.285200110568091,-15.043661080319326,-10.87530915310494,-14.812726574848032,-12.477613410069717,-17.46705815793792,-11.57631949623056,-18.00845809721309,-18.943178450839984,-16.095539467835707,-13.683007475039936,-11.395552382274023,-18.474277538202944,-10.50386750906889
-16.197099669750735,-15.949421149894805,-12.868064997530025,-14.970485318439508,-15.440294154953651,-20.578205740848095,-15.088273726792035,-16.87942407194831,-15.137631097571964,-17.18145906117464,-11.308325006725264,-15.620923021431347,-17.739415079084125,-15.558754530896172
-13.510776109713682,-15.040882076648568,-12.622087330084005,-14.53157489912875,-14.705635932349756,-15.114627988517945,-16.734334803299987,-13.589261367322143,-10.979338233339549,-15.49155938518557,-14.0077391763469,-16.871880302267915,-14.774347880484903,-12.679434867656571
-13.47022620577114,-13.623467216854653,-17.03994616053074,-16.12295325455493,-11.424924285175031,-15.302089023057082,-13.209827239804593,-19.239199577008034,-13.687873308877471,-18.072391575075283,-21.820262975359093,-14.394636817339507,-16.88953781974041,-19.08256498374074
-14.54205722189175,-19.566269270719726,-13.13028213641598,-9.94697216736989,-17.404580368567593,-15.87028945123162,-18.074844345859262,-18.10213477540282,-12.408314960924436,-19.088920967555644,-17.68041233692468,-12.682021938776671,-16.531591229504297,-17.231204098886057
-18.705653666702027,-17.578472978578656,-16.803604556634358,-17.565485750797983,-19.467313571097886,-18.514013491759812,-17.101183470987174,-14.538699073483732,-21.43115662947688,-18.982527218008883,-18.376386572434146,-16.238099186884025,-16.03110556703642,-19.927813522498546
-17.263279665287847,-11.314779458337103,-17.391318854846403,-16.928455599202515,-13.361237363144152,-13.6461762335795,-18.419516986779335,-17.414654671640722,-18.881294332299184,-19.990519724306886,-9.957941455079544,-16.789867918105756,-14.61383445526943,-15.906239305462295
-16.616061634861964,-15.67748602373854,-16.541784071450625,-10.794886700361102,-8.505005089651586,-20.517046235293723,-17.40990558537305,-19.309450685222565,-15.982697319919303,-13.49698360702418,-16.716366478588753,-13.361108407072148,-15.664211799271564,-18.25136154322542
-13.689451304522102,-15.559576665446274,-7.924715588760698,-16.579422155792294,-9.598575719944979,-10.133736059161377,-15.315627285559247,-9.024445499960875,-20.127089449819405,-12.99094814787963,-11.026689837969123,-14.821434118765163,-12.950713409656677,-14.45063813018173
-6.4838498464017595,-12.027992752290471,-12.423332156537203,-11.431875936843863,-9.89127605537116,-11.843070540343591,-10.554963036908902,-7.957415097334704,-15.610679383679852,-14.785193726769236,-13.285545663130755,-12.05790743055721,-6.638140516531461,-8.838273122118467
-12.742255881214106,-12.769490238345352,-10.213731476016711,-5.573396365390439,-5.75118390572279,-6.927899525929185,-9.020383608880366,-5.323520055731174,-8.362947505699209,-6.806108100032517,-6.386537644097719,-8.591817763300579,-8.99532026337697,-13.565272824050716
-4.713652250579393,-5.884056539953529,-4.88996749846631,-7.805814713898633,-4.9649611184259115,-4.6855707929650725,-6.674794963059507,-5.560728126815469,-8.349282727280205,-6.765370370710609,-6.33772198941762,-6.0914306292586975,-4.611481318390027,-4.170710877905314
-3.0578851314647517,-5.556277994974289,0.15833496671181546,-5.996193812628084,-5.315388206443212,-4.4028481855402966,-6.370064777578113,-3.2597207454150423,-1.7747598803292095,-7.707934830771574,-1.8173569940368153,-3.9982845279789,-2.5045558698904347,-4.530238264150128
-2.30341290305323,-0.4704710762156299,2.1621099384819575,0.4320737401209574,-0.234989060991591,-0.5491424787794809,-7.083421693046821,-0.9866260669304616,-2.841393804851571,-2.1227033228049192,1.2642910369752354,-2.1204804045891468,0.1931007369640368,1.8530741686313625
-1.1550370858061716,3.525933714436073,2.9306125679461963,0.5287790804409633,-0.7057473276142003,4.1034938032526105,-0.19659263787635872,1.7068639642042798,5.3044756297277065,1.233376163019987,-1.8277500312387138,0.11406776543239561,1.8673499850306308,3.028041592726173
2.2505006233753226,10.242533097710552,3.1835028335580313,8.90871974396854,6.190733508399537,9.296580849859877,3.717785407379233,-0.10237814897537767,7.129806889532784,4.665851013085264,4.45818078823212,7.141125436020231,6.50546978116936,11.54138036133577
7.214956922259239,5.461326567716602,4.995465898978498,9.824497380481567,12.011142871513133,9.934877035145611,1.2905284828412409,9.101775156320443,13.435851441163937,8.07085416133188,9.842461429151818,8.436065866427219,6.688186700253719,8.727379526356563
9.316067803818372,8.29064769321979,12.594719019970798,9.778949955182247,5.205035218418381,9.954763806894498,5.388794818614629,4.2327218585307,10.48684392629088,7.326400740842335,11.198082925729606,12.787817100532916,16.230327471851677,11.25759253040787
12.68093764210481,16.321612032256688,15.649867874292877,15.9587174256703,11.417663863176971,9.178573113794771,15.154509884849315,12.490427258990431,13.782760178136908,11.293528854912978,14.63096919176302,8.94053257806317,14.667798920102655,10.209070105663002
14.06258937501709,18.777089491809726,13.023596765375014,16.57979449053364,12.0123031407972,14.83215708356439,20.012123127127968,10.915878871050618,8.952381886904083,15.135904973603031,13.810537506477456,12.573915093118085,15.62269768814369,16.20925967346617
15.499159323846312,15.130783829455234,14.830689028869324,17.641496133683834,13.096458336104247,18.773714094205154,16.743282869113372,14.474780196358283,12.625746624854067,15.63173853863435,11.156050197252846,22.247434007719782,12.944149065693038,20.81315285373413
14.63400811975359,15.199475697359468,17.028980059635938,10.222417175650877,18.18238424381747,17.55637346823515,11.653390240628728,14.955459266178305,16.239755441202824,12.908343239490032,18.608015876868695,21.02763269725783,11.137037417268418,18.346604458090084
11.133942955025292,19.082004618238702,23.918735306685587,14.663808582429832,16.688719520459735,18.73584573762923,18.075116434687303,15.356083140088279,14.000179543388256,11.938239166893371,15.795147646849014,17.75438909933967,12.794581674425295,15.589212257052614
17.78419661173811,19.01404242536657,15.933445486634144,16.00252885052131,18.720056503866594,20.046522398428106,16.866046361063187,13.286616993809002,16.05791820783478,14.553640184572076,16.009727525301628,13.082754751911558,18.332102179850512,21.035804856608255
10.275354361592123,14.890844867154192,17.625822094255696,13.251218114099498,10.317039058325818,12.086239321666863,14.812269648857978,15.088605651186795,15.735187325234683,14.588934432214142,13.82633737734427,16.57164114975794,15.17547943312313,15.43534590788687
14.198807112788625,13.135249981396072,16.861749248711025,12.879454248654259,9.519556498882178,16.165937054707396,18.256547457430038,18.05759877756742,13.441485951265465,11.462257200840806,11.247653507445525,16.89728950492229,18.262200683664418,20.662828440914968
13.271459197368833,12.411271065944938,15.363794048188032,11.814202173081291,13.929969245745,13.431622165496533,16.989830784217148,12.80408028795239,13.121769682249752,12.14502298926762,10.674035957608787,13.577473083016578,13.041475050681086,13.739501726779416
12.263500790204285,11.164960486583434,10.498314272571138,9.303654362589912,9.606734305752056,16.709017786952558,12.13281239355175,14.298387213338065,12.567775350110132,14.15261572255869,13.581696488741091,15.183167960851323,14.51556034219714,13.447850974679595
10.192191333378492,4.994239082967647,10.139057830159826,9.32097930788324,9.10358443464028,6.494901798247266,12.774597575351208,8.86948715507026,7.385798952418902,8.374360602185503,12.861440102132057,8.056129149862754,11.026864060507759,12.281875166746527
9.924569296540204,8.813451305795954,8.31235958367403,7.573851686203126,11.560793580021542,10.109493893530928,11.722846261105309,8.273390039096347,10.327811666495467,13.103466740815977,8.347551865561362,5.389396073803541,12.95868593037834,4.37781674911717
7.14948388093141,5.724387942869337,4.2668487830472,7.891137675872827,11.068815418595426,5.431069902688201,8.771062751973652,8.835264273683007,11.107583723841696,9.026634629887138,4.568363170927295,4.244175771566042,12.072184501814474,9.823086299819742
7.157685041459988,6.7618973757340575,8.185482311765934,5.735267287704062,1.743470279691838,1.7994104145663394,7.6711250095073495,9.814467535544939,10.385124286621208,6.421168596295145,11.789388121086802,4.545626662323739,3.826722833733746,7.811201639072886
7.681373268876925,3.572485644921753,4.6752746894509984,6.14106606591933,6.213521366519975,7.364350784324461,9.292368268237755,7.32873811250768,7.5252174689953275,3.023232688051433,0.30651838329601855,8.95829323236401,9.650733223438964,2.8533909349667708
6.844832401179916,1.9933639984688796,8.230558819629366,10.242536996893381,2.0394457262809427,-0.3691074276452895,4.1102128827848645,1.0523772793878896,5.423237658257058,8.058133333841777,5.115647548939163,0.6966418867798425,5.109608636857432,7.993771330877075
4.483579305626114,1.2232762376050945,-1.9218785820535844,7.326903070840154,2.8952156990278564,3.8392842357359234,7.812664564799925,-1.4051655622704846,2.7633861214987676,3.584783661711313,6.407134684292473,0.10547445944079215,5.944938734335762,3.546043639639128
0.9340578752470785,1.3109938667707333,2.382257209049835,1.1070211936257128,6.543236483644657,5.3417010599052235,3.061912008894531,2.6146878549653247,-0.9068776492169959,0.38437291795366724,-2.0420332828522767,-2.2851739274624547,-0.986420331940391,3.404884192906101
3.9824043735561183,1.1350023049715086,0.06610917193228016,2.262691508969678,0.9921522990424878,-2.2728118990654504,-1.559440219067095,1.968324275546577,3.9734106677795795,4.042789027159062,1.8678307730549915,3.648539160985649,3.486779634205792,1.0283707180584236
-1.6340656486506675,0.4815258112202514,-2.0721397390495966,1.715227545735257,2.374296539341301,-0.5819251238496441,0.8769556295963175,2.746531403744373,-0.2283838614894187,3.6353984538457556,5.783928041510572,-2.17839142306124,2.215514556661229,2.6567809438049195
2.0157733115005527,2.4275810192051916,2.166448250365419,0.23084931734563469,-1.544793317710143,0.21809019809548552,-2.9767040454237477,2.8139217104783136,2.4273951356031978,0.3845708356604005,2.3199730636289764,-4.2830364775737,0.15266055156097208,-1.5424284300318196
-3.434486482079584,-0.17103773475653145,-1.1572944704924406,-3.297689111742433,-0.9685155782143107,-3.9771035761965203,5.474914106617596,0.03947744684073906,0.3659094765240005,1.0471323381406363,1.0757041180381737,-0.5780007912953662,-2.686963426370749,-3.452185012261177
2.1363206960438728,-1.6304872006114821,0.7739921368247531,2.246473940936632,-1.294743339409055,-2.469077957012673,-3.0112408905240837,-2.0560427901946383,-2.822302358987376,-2.8850951427580767,4.848816155405517,0.9145526662939276,-4.674129833778723,-1.0270121751900887
-1.4003391185139018,0.26919586362352677,-1.7696580336634802,-0.9165148180219835,2.0574709301459055,-2.2607511372322113,-3.926822602148589,-1.4046669430652214,-1.5316553047132409,2.3424753954129836,-3.5193860580018144,3.4683922716620033,-0.8396522921072773,-1.768333815684016
1.3369274740749515,-4.973975028882862,0.338461475224928,-6.130978431266428,-2.2749005469467742,-2.591739490358552,-2.6295652372119407,-2.8400006579232864,0.45274150707885275,-5.382002374960788,-4.623652514625579,0.12836448373468512,-7.417759555886306,-8.092926558412406
-5.4920649053321995,-0.655160827362697,-3.6132892119403053,-8.048156968071819,-8.01553808329998,-2.328923197898904,-2.0598113164053964,-1.7346639805576305,-5.378803588044961,-3.4625189828877314,-8.400109458259816,0.9785170762549056,-7.476096928704227,-1.4577442082854883
-0.12359950947498,-4.783605116981668,-0.6506511784194391,-2.6973376625020515,0.28459276156825997,-4.173454371832182,-3.682900309550608,-2.4415595151253124,-4.404403924852278,-3.2091897923377783,-6.544289775445169,-1.9859745817332066,-0.52738484799263,-5.9474522597717625
-3.210784827867178,-3.2655085687384657,-5.938292427194368,-4.849270734408545,-3.906570096984222,-4.305966702361011,-1.5473518254079952,-2.1721682175525765,-7.856548692438467,-5.661547821616893,-3.360272264483178,-6.046963559107974,-7.216772568758797,-0.3732672748396233
-3.1941270803242547,-3.706688992393629,-6.143590237848705,-8.132682623317406,-5.684800749161169,-6.212230678829593,1.0117639524072057,-6.584409900232514,-7.138798282501295,-5.533641018063067,-9.157283945231047,-3.5666601566711114,-6.2202360836401445,-9.376901356594175
-6.928747058227347,-11.677930986658087,-10.335840777328707,-6.749176115918598,-2.7301509681595473,-3.2892384907208765,-5.879885585679388,-2.783267136744808,-5.207079530511525,-7.771480488662082,-9.972367426526414,-6.701906637854259,-5.233034401185278,-7.8255928333929115
-7.0299227035425975,-9.435828046961445,-6.46442374360343,-8.84651919034918,-6.509483859130333,-9.259339854233438,-8.639880381018362,-9.12590533830647,-11.122784881707211,-15.538584925635769,-7.7428891802961015,-5.733577085192067,-11.39950359055253,-7.471139583719536
-14.555181941636114,-12.439255848125589,-10.771987661334519,-7.372546503409069,-12.671586920251796,-14.181759445334007,-9.807349819260041,-9.956902171633619,-13.638416766787868,-11.513185893376312,-12.482614456590019,-6.834343337312669,-10.407174853362113,-7.763755958848401
-12.180092239481056,-9.992552710288036,-17.159124500892634,-6.859290690628573,-9.14338878872081,-9.741936735132303,-11.9281387244124,-13.607255720113336,-7.723894352196512,-9.237821554842531,-17.81100890545688,-11.124625481397993,-13.758810081670184,-11.348711648819638
-14.06282635572473,-15.12889088701952,-14.490640434547004,-9.524589648885627,-10.787573321449532,-14.479857404359773,-11.093052753859352,-12.534590042394344,-15.33836310692187,-17.05485593945587,-14.272442383408125,-9.191703821528861,-14.186160386925959,-14.110234398187819
-16.728215609001477,-14.605196567562155,-13.449709101885631,-18.039232915911242,-15.167755374644232,-12.182536534309957,-15.880593499656952,-14.700417496469054,-18.12786873861765,-15.93815179123623,-11.59804458018003,-16.69821323916877,-14.655055342226452,-15.507771409847528
-13.85322910330687,-17.65333406772417,-16.77072252371359,-14.934793234279915,-12.418712890784725,-14.504964474728911,-13.137303188744252,-10.206352061939686,-16.916613098484326,-14.495280604063039,-17.953781090711328,-14.440647975678022,-17.65775806336506,-15.924346517846448
-16.455746415998746,-17.989848128739027,-16.964402891651034,-15.594822372044646,-12.907597250586422,-18.30020819913994,-15.619029859940962,-21.677512542700953,-21.446701544340662,-16.225267826236884,-14.093139117041439,-18.81792993418238,-17.411470867203906,-18.477845240956334
-14.000473979930431,-14.370100593260467,-16.70814309002883,-17.88432402011717,-18.15548540648104,-15.979136041893446,-15.20226139261332,-12.155599940947027,-18.3774275559332,-14.588397880515997,-18.97928964904641,-14.481504408086161,-14.972666925080583,-17.9445467131637
-13.742146796909163,-16.448550187789255,-18.480385141962376,-19.564103473488863,-15.595523193939808,-13.113287614321225,-13.349818742298702,-14.706751262884366,-12.526818875006704,-15.163761613801231,-19.051763746988744,-17.56867969314222,-21.622930782910508,-18.57920259763345
-14.655786565008587,-17.825880929694165,-12.348545141011211,-17.979988477696303,-16.509353592692143,-16.006854565364236,-15.557887843529643,-20.110821145265685,-13.551603591242678,-16.95101423957895,-12.69704056051537,-13.580683450677993,-15.650466921610967,-16.52687626861243
-10.665438002586523,-14.991054579103976,-9.183864039737738,-15.767501769989323,-20.516948706479056,-17.27450539898108,-13.820754485078938,-13.787174851454743,-12.030724055699615,-13.304524923150174,-11.166925090809862,-17.17433672329927,-15.979814971985657,-16.02456961704305
-10.096434438880243,-11.90262631918938,-17.289875827036905,-13.078863894077484,-21.812688360765126,-15.587996284930655,-12.434210666498887,-12.980306052833722,-9.016448773581295,-12.156400344243892,-17.951172088733763,-13.328084323751957,-17.278952376716152,-10.927659893268427
-13.10700839582374,-14.50197787760401,-9.861982959331112,-8.812208018025917,-12.464446049636669,-12.10348397874211,-14.990857581007948,-9.985035801655933,-12.006581178232324,-10.8826213000041,-9.495092920228126,-11.076391005245478,-10.351925847030541,-10.510582579735019
-9.567931657505802,-6.504737158683459,-6.763750165245076,-13.10937909764924,-6.167582988283046,-8.283836320907648,-11.265237465218341,-10.647338511582676,-4.610588159063617,-8.94753072973442,-10.151133016081335,-7.40161202912114,-5.975915445966037,-10.525285143296522
-7.8058655224429305,-11.01596472087277,-5.700513609958874,-4.646168661320166,-7.85294938743171,-6.118754387554276,-2.7953317828432733,-5.697965726261279,-10.413819742251675,-4.555386156170893,-8.047792176377506,-6.08082745572002,-4.966852779217353,-3.8481634450117266
-10.050358208243743,-2.4391172818022597,0.911262318267628,-2.166046697972166,-2.7263108154028184,-3.2471574362933175,-0.9373967113674597,-2.57096360235196,-4.694078739431544,-4.098400157141989,0.37024179875493335,-3.1422178132964973,1.7728742650397953,-6.851973593695665
-3.698342899968529,1.2040145843385122,-2.2726678485933074,-2.229509115953813,-1.1343925063456224,1.0814763927680704,-5.089741367496753,-2.166311653218016,-1.4043966304280247,0.5045864506081672,-4.999616445723829,-1.8823781655726899,-2.3854022895765183,1.98371179824131
9.275057959657225,1.737592102856605,2.9981386775274745,-0.615068624785637,1.229229376570103,1.5911091675773572,2.2855767300643084,5.451574406271234,0.3343635460363372,0.8811038368175712,7.604479135549128,-2.0089757358749836,1.4276655527823867,5.260254247173178
7.812569306354329,2.5806992421968107,3.0309537109989604,4.987600469467961,3.226949215016066,5.118989907780922,6.319037727419611,6.65056977415551,2.1646476097305016,5.5079891936268295,8.893910628003548,0.6028837202682338,9.119987515920226,2.2451267561838693
12.997962954174223,3.7252318023234037,5.935740348886695,10.696108669519322,6.796847255435295,7.52947826319358,6.005269539903348,12.163290934818754,3.933904213972972,7.719142512943673,6.878233769709008,7.751756656768311,6.9969932659483325,7.407938177281757
9.220763055567264,10.355614733896898,9.663062461194725,5.422372963862716,12.19579710516214,13.602413096247002,10.132837760465975,7.919562061741507,7.657946832650046,10.46017747171045,8.260272811159664,15.697954344904613,9.091896240262473,11.104798246410407
11.467268772499091,14.318444239004076,13.091801930953364,12.116427170386528,9.80487777699777,12.439585620252876,10.187187536753266,10.775574141058517,13.936863163296566,14.313559152591637,9.805929411515322,13.280162194048517,11.455822260404068,9.88921872998843
12.578955466196259,13.508323891417406,15.877455405330945,13.87461777082364,9.914054068907536,17.68707026276126,13.774587139087814,16.531229460701898,13.357202360792357,13.11805082496037,10.904797014916232,13.748194889319851,8.816130951059211,15.081124685991005
18.200846761711798,14.502447973809835,15.615910312421118,17.03217613967189,17.954795834629216,14.859989762995557,12.0564178634692,13.866141397333196,19.169742090313616,15.211649424881456,13.289286091714143,15.912935056782946,14.629240948284869,15.098639438849556
18.361129177493797,15.842313084303578,13.306266499421895,14.836924146883744,16.94096056947515,16.327879439702077,17.12552062285773,15.18012526427175,14.553294748101466,16.280965803144333,17.622283343953377,14.8602920940832,14.135737432063433,17.685401513548364
14.555857706078749,18.730268120322744,18.103505966554113,17.076821380584743,14.045562807122142,14.394149383735545,14.658675556165734,13.201980516409423,16.013595775654142,13.120767969728018,15.015784223906646,17.476938361116236,16.85223583553432,11.16242611007382
16.252383563140693,16.856866310419296,12.942298761769791,18.709960034837216,16.6886658571634,20.016732930793015,14.100509082121242,18.74458081085095,16.008209199069096,18.941645108402604,15.581453687132495,12.558797551706903,17.07502892699946,14.28304130417481
15.331608330990681,15.404282514020537,16.16655214239197,17.114771030276852,16.92588978933083,15.947850509405145,19.699240229082175,16.200500192693305,17.966137154570934,14.646109826946184,18.21455451456201,18.31714561802507,17.19523356298611,16.18793778678776
18.313612788765802,16.667294929390547,16.57197530963647,11.186942987090998,17.482226841247265,18.351254043119305,15.343512653315273,15.793152875807428,16.35915380434053,13.479953335181573,14.360505823178396,15.112032492268341,16.622071119196374,9.96285733357072
15.198851956112957,12.22815457262735,16.424363312636206,16.17761591998267,15.669152644107266,13.692800257116312,16.009936336665763,12.027170268790208,12.402116853477319,11.779406534357054,19.140857829118143,15.35542063752146,13.146397302946216,16.870820231540286
12.3767561348365,17.230990141094182,16.0570807255442,11.342821392654045,12.797540675565005,18.130758770272735,15.34598663714602,15.047489275978293,9.00955141203588,9.179512083204937,8.396409694612402,11.222124261637278,16.470173994707533,15.93299748822871
8.362800750033506,12.290675361183583,11.564273759976565,13.719398099111952,10.667192281297405,9.658703081165857,9.3794158025783,12.636744490707546,11.40244892143311,6.269008448226474,13.350619665010942,13.509616043917715,8.813366880282695,12.15541347805787
6.905007178617461,6.304575322302709,8.047524907909718,7.567052797633172,13.008153466240637,10.868307118843752,8.797075822337153,7.9228725497206085,10.80516471527387,16.97681243788121,11.22155665260447,14.80937470529226,9.688620462742984,10.415830616741005
7.160891268164526,2.3571418335096483,8.14536812649465,6.159897508310092,7.346808435934863,9.285927627784426,8.082368511508198,9.66958162724289,5.767247196213885,8.706661782000003,8.01086398917828,6.323740239999051,8.350595987554945,10.122003402346838
7.235064955834402,6.151587658360653,4.428415453282762,6.995405341554065,3.157653377045288,8.73961818455407,5.466340025152694,6.351800941366886,6.456255365012001,5.614714692848521,7.039552901522796,13.942695458947036,7.320932274031876,4.84041266725886
6.841793531249225,2.8384376715029727,3.7431649748430456,4.021048596232643,7.367252158954894,8.103505739742438,2.5932101097419165,3.676617136213935,6.028463144034708,6.890572722758711,3.18811798987357,4.718798014683116,0.833010527990437,5.324251302628507
3.17033262732076,5.095124706483194,0.5139478407770066,7.625292546741866,4.293570532235683,7.361242692896143,6.589214868844058,1.8230816186611132,0.12674668530085675,10.497504434816591,1.37014259620558,1.655773767768788,4.18740797729563,3.989915252488574
1.7104309561057947,4.14577656036456,3.573812594434542,8.25245575289292,3.8801928302374478,4.479328061922805,4.812603882168442,2.7849313562894182,4.905287892408983,2.5061186500972656,0.43719910304265763,1.7966556360600447,-0.5229940674941718,3.336095601311401
1.301914809245298,3.5069505359118587,4.231596165921049,1.266643835014873,3.488884716637114,0.41013422053907034,0.9804443904736131,6.027974852071615,4.353119005480258,3.737536565283441,0.9372893102506128,-3.3697008080025963,3.8224735749593473,2.4843163413912293
-1.1703540881578829,-1.0520454475932475,0.02410617281607408,1.144585532718714,2.6929311985910664,-0.06759096963038447,2.911566915592629,0.7720194148256777,1.5956266020831156,2.7968485436322243,2.544242104072915,3.5545255186658284,1.447245796820763,0.5828946720348467
0.783932222987368,1.3764559456407666,1.199378284721206,1.545777263088575,0.3658354059747577,0.45856961616147796,-2.5031545271580735,5.043431925002919,1.6531884813829587,-0.6641568463360201,3.60140963666326,5.840184018434259,0.44224843923976576,-2.636163133313021
5.019196311432796,-4.10489643175382,-3.3013571624514073,-0.4248873255844675,4.875841276024827,-4.28417553180589,-2.0012994074168198,3.4438810507396522,-0.37620234483484194,1.0442750192295116,2.2504842515025247,-1.709421741499046,4.700122053131307,4.651437810530214
1.4903329232800688,0.5314189728445147,-0.6789089957572274,8.048545579516125,1.3068574506605255,-1.6665176286928403,1.4544502622242126,-0.15298993821435922,4.2479052057158615,1.0762476264236298,-3.110900844560537,-0.7119795431954126,0.8781892961049247,-6.119580810148677
-0.4645733331089986,-0.33140054822693743,0.9470514176277978,-0.9647559716371353,-0.6103146971778081,3.167250002868691,2.670369060693142,1.1478933371286526,0.39530227459526324,-2.07052582485625,-0.3091321813528683,-0.4545537991586346,1.5896936528821055,-4.398648599598856
-3.362522856845912,-2.757059231806599,-1.78542748382915,3.9402603156238,2.8256039498133396,-2.7978367225282734,1.5976633992513847,-1.5371456875294613,-2.9629425833203773,-1.2774207100144748,-4.100489971099125,-0.15199987298724416,-0.9275095756879796,-6.760563250752055
0.702520025369691,-3.9013138178407343,0.38290150667812206,-1.5774042062769886,0.27086743816597636,-1.0028121449498968,-3.463901304643843,3.90212244162103,-1.1105205416373853,0.016311392317422957,-0.3873462612054539,-2.3755567865103133,2.34872770553084,-5.174232728930944
-3.5930776043665116,-1.091393055835927,-3.5456437338454405,-0.4545015756381563,-4.387418079605655,4.080082583781392,-3.060241370592055,-5.739666151174722,-5.199900254181839,-0.27560116227879883,-3.156113193772795,0.8806730169375379,-1.3928386194550315,-0.114443368713951
-3.165223218379534,-5.046968962656126,-5.6344658176426945,-3.5853019249094866,1.036690935642568,-5.137944963860351,-3.7112669113539445,-2.5146379262739527,-0.3966752226725312,-4.9372295136875515,-6.682641184562613,-10.017693849647591,-2.8231558849552254,-7.211673002848496
-2.93743503239261,-3.608591568083752,-1.2987778458840271,0.021944892514173198,-4.953126856882552,-3.607205937485299,-5.1904227096045705,0.17798026406701162,-3.4857876392581657,-2.044516550206972,-1.4764162657805007,-2.356608213452003,-2.90621515008996,-4.575306157251712
-4.6625193689387965,-3.5888870276633105,-1.4221952002448246,-2.876992928542059,-4.662979781570764,-7.775951291516151,0.1754483438545673,-1.7658905632519062,-8.433921358847723,-3.361801883732734,-3.307223758622538,-6.694416159304968,-1.4364696940456527,-4.1236290779001665
-12.605774629527788,-7.823405358146276,-6.449926627068448,-6.211277165930593,-2.439764502147188,-6.008272521334751,-10.741336877984649,-6.9846005430100435,-4.747150443128097,-3.81748458492986,-6.92465792347896,-6.101695409943741,-4.335556608854878,-6.671960958966787
-7.794579905110783,-9.29379934208227,-12.943506561223105,-3.9212463339050396,-7.450764985779692,-11.027485483657323,-10.007620590052221,-7.689735882258715,-9.959888218673708,-12.228866578564748,-9.547165824857874,-9.347724655062226,-8.689835846155107,-10.604321841397168
-8.501113661517673,-9.522083933507165,-12.189764336260607,-11.248950770113073,-11.73356344196516,-11.644603187426345,-13.028394986516393,-7.839412105288144,-8.205509613226827,-8.800084307184521,-9.802419111701107,-13.962046731630593,-11.00238491782583,-6.899409062764948
-13.120349853543809,-11.240911873975875,-14.469321248402736,-11.234750443309375,-16.280945063284385,-9.530580482125691,-8.849302128780572,-8.701944361002925,-11.906144780800448,-10.516040503397287,-15.804795739503362,-6.964507141676638,-10.563132454170686,-7.745268484430084
-15.628272292721263,-13.917769049990115,-12.45359551181052,-14.000088424828036,-12.27003143636664,-13.126104713998167,-11.364340291563751,-15.644944472513885,-12.76532611078358,-11.764604154732286,-10.050094654197355,-13.405920989326413,-8.919773644577711,-11.803716750643083
-14.758108370864885,-13.273102706103204,-16.579774665258725,-15.01997102863967,-13.375410305891489,-11.641355489902644,-12.108610942267598,-17.848144734910846,-12.920027519171294,-15.201564474679802,-15.872514725858737,-15.177691922891075,-11.529832111533677,-15.15722739019717
-12.4305413620452,-20.565167335035202,-17.315255721993054,-20.660120812467333,-18.155413608798817,-16.74836256606769,-19.112638568186018,-14.799994612263655,-14.813377993900525,-17.65946925685687,-13.666098227175905,-15.268918300718285,-11.208209996437253,-17.642395397763032
-17.977164648310005,-15.823681101536224,-14.6431503114144,-14.358355134155136,-18.162100141420858,-18.673539070342898,-13.841598871903674,-19.211989497512224,-18.973121796458067,-15.284183748386956,-16.895659689437938,-17.764478342590213,-13.331266899905788,-13.22455704548381
-16.66796714600742,-14.258404307819006,-18.697215888327484,-16.70711214118113,-17.040664384622296,-19.354490908229632,-16.4536579621159,-11.694871215101255,-13.894430163031856,-17.803381724634114,-13.915236454943159,-17.978212126427113,-21.381067022391452,-18.97140041175139
-12.351216265826364,-12.985517615956047,-16.760305634203775,-13.390505701473034,-16.13063665432133,-16.795729997955906,-16.88084579936957,-12.28668535727151,-14.825569449774024,-18.1025368524843,-21.69753339448731,-16.93495098631849,-19.008556151150138,-13.715383296322173
-14.675641424456616,-16.34351834124784,-16.440890074047584,-20.056085295058185,-14.898622382410831,-18.27492617844177,-12.457025909916645,-19.10379740980908,-15.04592073203569,-10.237036590779816,-18.382613611370154,-14.048240465781852,-18.389475310309038,-14.477971381060465
-20.30839469741431,-14.36311618472372,-12.052017053849474,-19.798360673224643,-14.589611980205204,-18.26034662071654,-20.756507814022925,-10.208231185584584,-14.053800516532249,-12.539658182362793,-15.513154908513366,-16.28069811853726,-16.537288512654825,-16.224504781820535
-14.545524270577168,-14.342044919082312,-13.100974718153559,-10.06313136935116,-19.247834101352378,-8.449886014889085,-14.693590076034244,-17.669971169078273,-15.61128978243286,-10.823497655092673,-9.956743988692548,-17.076537920869377,-15.327076653872206,-11.650479800714692
-11.593236769207566,-12.3525970578167,-8.209935751214434,-10.22355196596908,-14.478624538970587,-15.413721088970462,-11.762793794322821,-15.29532295362724,-10.680139656607906,-11.662426326541244,-11.342426924763345,-15.418015034269901,-10.81315937372477,-11.439567910027419
-10.853063929777525,-11.423269131290043,-12.453741617761063,-10.214769099481549,-8.842399510665206,-13.59173403219433,-9.48487786810549,-9.373187126211182,-12.731816275309242,-11.888649481778868,-9.736124657808842,-3.8557922085094,-6.682124340641357,-11.213756549974331
-6.420240016231534,-7.17888861028196,-6.497857433534506,-6.494914557243853,-6.52981307730521,-11.188473830991299,-9.359545865516601,-9.993059012149317,-9.088789912153384,-6.824878595203146,-7.218142151309067,-5.219327622743203,-4.407484918370088,-5.937748140149965
-0.6752552792287143,-1.738339817957531,-9.207979121648739,-0.20496180616672266,-3.489472448804974,0.8117174338523201,-9.331782088740127,-2.4168499506098744,-5.684858270215567,-4.810607983887002,-6.984102541620953,-4.56611949817642,-6.678267773047051,-7.401839336456479
0.10858809689325954,-6.432766558011293,-0.08135953886995773,-3.229286980682268,2.747460380259675,1.066624758931519,-5.398161807574375,-0.4371053809732218,-3.707039228666101,-3.898920713600679,-3.7541613525393056,-3.767461698868755,-3.4265829709027815,-4.263516572848391
1.9137235683976879,2.9193824194380875,2.5401972861639557,-2.3283168641063403,1.5047586375627837,-0.7422847108614781,0.4303119754836029,-0.6487675617485185,0.31456367011281805,2.007661831362782,2.9611921595376294,-0.47717897061245274,3.380056096821754,1.3647169720759718
3.729907562147043,7.123890825467125,6.083952142103903,0.7172691328860288,6.0765295535763455,3.2443026615663535,5.737356282816585,4.667048433522694,5.740877248885253,6.049504037822751,5.339337484951977,3.311594759815983,4.678701091897908,6.551371239540336
6.252420887428536,10.199727758728287,4.358625729361909,8.981881207870776,12.360707633119645,8.351423089412222,6.490485862906603,8.393607380906904,7.956659897996628,5.04145427347512,2.4829215242126965,5.485532494537481,7.37750126086482,2.929003060399574
10.193274706625582,11.330650920942201,8.335910373791291,4.2496759446784065,10.864654746104337,8.32298853933266,8.250244160410249,10.337526645466228,11.610576211586135,9.359840007487957,5.785732958445426,5.302869328373656,13.238799419320479,12.36115518623462
14.665081183451276,8.723065171965445,12.230921954866577,17.248447116732866,11.599636933526956,9.566078953730951,17.375976424676658,8.159237680590735,14.650388680260562,11.615782293230582,8.758784030369736,14.733868115059003,12.822834201073103,8.360370160962722
11.521222441060093,12.549941536895808,16.6319974807096,10.877545576400681,13.657157342522247,13.183914688460973,13.817227586204979,9.342479997069416,12.353646187042841,12.962122047307549,19.005420802334584,13.216297815442923,15.222583126638225,13.18261579298269
11.55092646771483,13.930949345161492,13.77229346604774,11.39772531591365,14.153986453436783,16.608905062791223,13.631704760163696,19.743931935839374,14.359630258676818,15.999655599181011,11.772289583645831,10.602722201260372,14.4197054347234,13.383007387486014
13.832833721879977,16.812190454806395,16.380282870081732,13.878288929183956,21.168110358748166,13.641563739051783,17.38119621076583,14.540980056425724,14.850193393362561,12.265019463216197,17.012076274689555,16.559531119737585,13.927741140859332,18.795258393701356
15.456217421695133,13.155919404988895,20.2265499698615,19.45487823478495,17.509848481361846,16.200371148316563,19.4705556803439,17.132304841388752,18.965750816344944,13.941311631977626,13.353870362446017,20.802619955658752,16.690496270121212,20.491235751590086
18.395081642444318,15.407839396047077,19.020503551342888,18.808466159792196,19.0779590791579,11.53877624825633,20.13626697679652,15.77334587633623,18.479182327203286,12.81505446251717,18.11815481854734,13.177254649301677,15.01005574798182,20.779814567498683
21.689173629499535,19.95862998497422,14.786585715002138,14.597773110512291,15.706358034736411,18.239922947143377,13.345543244144574,15.067527560643207,18.22088668283778,16.12695241460896,11.73280565955392,12.00931047998062,14.218381498704806,8.493947353382849
18.069501472546342,12.86592792235304,12.863625420534246,16.1338589660659,19.496011929461503,13.536731243125812,16.37520074165558,17.14421900917396,14.804761396029392,18.083204475759167,18.16645060310465,15.34804466969036,13.42221527607153,14.60830007132229
17.089887956060082,7.818526719853994,12.649371742569901,13.663999019757252,13.520186496103175,13.527797327828797,12.816443142260637,19.409824055514285,16.248563269983126,15.943330180842338,16.742199358448527,11.03496637164238,12.74875290936047,15.915456069586497
10.386734989221834,15.106857802646894,11.571501186291766,12.874425927891727,13.337376228312364,13.121238740573267,11.06649023047872,14.997481259738958,13.84163445206593,12.388728962796623,15.036932843231082,13.918618778363827,12.187312563066317,15.101420625842856
10.45099429425645,9.00709826758267,13.069345318249608,5.512269225645307,7.185072359736676,12.790533896144069,6.9134507791339095,10.847833133176506,12.960428610078576,12.794433396266966,11.975259612537329,13.235647395449782,12.41809869492755,8.211143109821617
8.476515895669921,7.072617547538204,8.79697539535059,7.005161699748963,11.368947308787584,8.393676436620815,8.62911413132577,8.892324705708766,8.267821240427947,11.226368440246082,5.920265461013415,8.92943474105874,8.854184968802635,12.364612281391086
12.953108516932382,12.176755571052269,11.487611920718807,9.037093785270866,10.54711292741557,10.00690378400852,10.056883958155273,6.100069057861007,8.686872419874204,5.859062048956803,9.72867875145261,12.889160584028643,8.685348796766734,9.022374091289839
5.434119376585964,2.3326367467037468,9.546402054483424,3.780898870825054,8.646414645576805,2.171993871443463,9.779441953821404,8.29376485891053,4.086733695691494,1.7403484901063626,9.657919006321174,8.229651973264783,2.6294794748196137,9.729827197301436
3.502313340799044,4.549971176087228,5.62298369727931,6.103683593680581,8.441932453439842,4.0300504652949565,5.343165470496816,5.942486737949442,7.808003107756723,5.376084181302739,9.694388722396514,7.621539149483529,7.384196089997628,10.153704257702913
6.071408368800853,6.198229829268357,2.653902511802312,4.676323824693342,8.172910922153719,2.2397177460965176,5.985062788414645,6.2001332976657,7.283324260743794,5.936854693787859,3.517312413851332,3.1882024649186964,9.511151408429146,3.1334640930720883
5.303804755220257,5.286674885206123,4.299969681711685,7.755175284579707,-0.48918665643896553,2.519702262911076,-1.4908837030250135,0.7250033876052306,6.992291342800296,3.904623159490313,2.5579800519673754,3.0376171152291622,5.050607586612497,1.67164614158954
0.4860515435371051,0.8106822914411178,1.1238731425593902,0.8357826759598042,2.1410518736062225,0.16644403191293478,1.7456180012270943,6.152181878682876,-0.5997998424071298,2.237738983445569,1.4704382990957268,3.370327744035543,1.3818484272648877,2.7297679616069312
1.8551354984758852,4.3274055912512654,1.479694113840593,-0.8052629337954738,1.6887303495969612,8.066385154569684,7.950833625220666,2.914557247989409,1.1192347169916226,3.6481855537881493,3.0113260959709782,-0.6084835035582805,3.321876803380522,3.6121187655803526
4.484387851725394,5.362669491318062,-0.19269226017728558,-0.8023700866017076,-0.49648031838313345,3.880062032185864,1.9860592085270938,4.721683984225541,-0.7761947076737763,3.792033974097099,1.699787416454791,1.5357231943005454,4.377876169109765,-0.4020830193729428
3.4088812619955497,5.287836069537744,-4.341800835184616,0.9437044624052069,1.385312243716655,-0.7640972191348772,-0.47563988129259127,1.5058355322861718,2.814742289675687,-2.2458311947871303,-2.341218841732654,-3.0398071430609424,1.863662890441614,5.099458727621981
0.35667458563835713,0.7387052741357935,-1.3500543554845341,-0.2675343650203023,2.318481287587069,0.5234860200739976,-0.6115507014292012,3.110358902177318,-1.486296685190825,7.480234121779392,1.4221680050869336,-1.277652058766124,0.3578676855510239,2.79417113448663
-3.7346497851555633,-0.7290765744758455,0.19523130254179732,1.7096867882582303,2.267283491237533,-3.9025666078252437,-6.539336127067642,-5.450449499277498,-6.332822163728057,-5.6976793982861,0.4149492655772524,-0.5287789400884045,-2.286951524961627,5.3572631104798045
1.5385088081587424,-5.390459415047104,-5.054881859943798,0.5808705741298219,-4.124848494642686,0.8408138653724622,-3.474610185055757,-2.5621145084339494,0.6732803502617031,-0.49478362845600743,-5.116494643213583,-3.690903750729776,1.3750784814127313,-0.7747680942413506
-2.172392019063715,-5.229069803152561,-0.8976267740444276,-2.3999843572240653,-1.0242788011096668,-2.6377342545525355,-3.8001707181685243,-0.5146623059549329,-1.8682762705648495,0.34898996429561,-4.397567661458665,1.0718956166533924,2.3333495370258697,1.9752102431286582
-2.1087713052878754,-4.824066841059201,-6.485555343545834,-2.35416961263873,-1.9897922423053003,-5.069350194615259,-2.6364353165228738,-3.083305509842781,-3.7145476651037845,-0.8801183446490703,0.7325757742321413,-2.8829541613232763,-1.6395949800276046,1.3012874749525194
-4.258469302450718,-0.75775391761045,-2.4634275227749134,-3.198840267918457,-5.2325852118205844,-5.319155688070036,-3.6835602161221197,-5.725587055352352,1.0273496131990028,-2.7618384839222148,-5.895885233380463,0.8982650238418515,0.059129468100922455,-1.2863484399250495
-0.36376734058818183,-5.916662823498496,-8.736663159444952,-10.744573186596378,-6.3607483112734595,-3.6013000742916366,-0.9639839850225749,-4.520275230333494,-1.9989015912163772,-4.7149370524721785,-4.897898328441381,-3.3420590377132955,-2.720746606721944,-3.475195271857475
-5.151684771216295,-7.875681578010891,-7.393600092724749,-8.874721240859543,-5.863858915448491,-9.735309019762493,-2.3098495031772135,-6.523386715007252,-9.874209791388637,-6.4222998447229145,-8.210052029627574,-8.380559195483183,-12.686792326888847,-3.4966170506492418
-7.428450089278001,-4.4623521203868,-10.724477826507789,-8.107231859875812,-10.402367233165542,-6.504963332433201,-8.91986833952888,-8.051120418041217,-7.027111008901503,-9.92206623337006,-9.074521874558831,-10.409576110824288,-5.282673997651309,-9.691735761128227
-8.278936585900711,-11.284449878707331,-5.770508052845714,-9.642127762354743,-8.701787952407944,-6.698453392480209,-8.653799455947496,-9.340501555123176,-7.6733201218171745,-11.134721918252822,-11.676496660714665,-9.241703851800242,-9.96292113379571,-7.205772162586586
-5.251942959118802,-12.839341848795954,-8.662008673181504,-15.233926929830883,-12.170830558689703,-11.842616601173788,-12.020204780022283,-3.8944068948226223,-9.377474935740958,-9.251089531151441,-7.628858615689885,-6.957967227623583,-4.827808257190533,-5.645099126362603
-9.576994602036065,-11.388343237287563,-8.732540768044764,-13.693435518045213,-8.087891134613631,-13.91380154792433,-13.57023032928342,-13.366178989939344,-12.348260620437914,-12.216447574489578,-9.568995717628377,-9.509065993592682,-12.617902080538673,-16.075786337732573
-6.882796900964679,-16.08667249440055,-12.284720993913965,-10.812044079393193,-11.10277683897505,-17.299996754140956,-15.070794087202714,-16.977866315118263,-14.456036827422373,-12.600552259676977,-8.764468261734322,-15.1762656511229,-13.779937041374202,-9.775740226093934
-17.17303219375969,-13.786182303450571,-15.671191880697371,-10.977138936464206,-16.450535768321473,-12.889152903751947,-15.094099203866843,-17.25102433566452,-14.220108482074089,-13.982602962516367,-14.706276185782562,-13.560441977694836,-16.921154521243277,-9.927852044369935
-20.02846315057395,-19.311618993969258,-16.794115502571877,-12.146076603515276,-16.50641300004537,-18.727704305648462,-14.760246967977825,-14.283074447922706,-10.343962084858694,-16.514353939309046,-15.38801664332101,-15.202601768743596,-14.046317928198288,-17.708889943347167
-17.313709482846264,-16.083792148160388,-16.876158349680356,-14.677257828243812,-15.074417399624275,-13.16313348534401,-18.47334781467775,-17.284764823781273,-13.927538932459933,-13.109653925459654,-17.24896988743768,-11.550677265331736,-16.787227017137166,-17.44171126801458
-15.189897836865988,-18.006170947474562,-13.723010905823196,-18.88317895998395,-15.30263168588509,-18.969852580251246,-12.901792329654784,-15.906934970718211,-18.274246254206272,-15.59808952349838,-17.51358323339138,-18.96434770950394,-16.770784897129314,-18.165333087664433
-16.811920572176813,-17.54885210422618,-17.018351862042046,-20.88279946876228,-15.333331520039115,-18.32562959367931,-15.9751528333177,-19.912680276571702,-19.54361027604866,-14.89627985452655,-18.395976318114798,-15.822659626746672,-15.044699140121914,-17.717503250608324
-16.544596835876913,-20.803281228559086,-18.006554999071685,-18.437416592315248,-19.41264659010745,-15.813916215547016,-17.188212101056482,-15.708591376066652,-16.91252317739867,-17.482839071380887,-23.77394469925933,-15.60980945830223,-18.515754467133654,-14.513822561064782
-17.257439173732326,-15.148670809596979,-17.374178717495347,-17.85647047631912,-15.69491123150961,-12.290745931939222,-14.186450396624428,-11.301546517092547,-16.35264975654219,-17.833909420017683,-19.829347504543993,-11.463883561520076,-12.904649802139318,-15.241372061342409
-19.122081116243507,-9.24822600929635,-13.954974045783842,-10.557915350381837,-15.770752717411176,-15.701972813171263,-18.365679550021746,-11.510613089482954,-10.987630111214584,-15.102003279798561,-9.640218712830288,-16.08211126230507,-15.414137256972296,-14.217614017711634
-11.888039467370026,-12.384061827492541,-14.130116117331356,-9.858411359667372,-9.847033737635584,-11.272784051231843,-14.173235664448853,-13.851036971093038,-11.416206115351663,-13.941207490481398,-16.236522159396735,-11.600660574647705,-9.464197206760895,-13.771034679137781
-8.920958065157077,-11.941019573662777,-10.878463956083097,-9.963439820317571,-9.840699897684715,-6.78057105637736,-11.990958030152909,-9.473142858352052,-10.34862042303127,-7.447461237456096,-8.116079320326381,-12.992359755967549,-9.588846813662352,-9.448099468700402
-12.477784870890975,-5.0178507226664255,-5.890102231410069,-5.156315328563313,-8.460082213365542,-4.199587193842876,-8.345496839844664,-4.6549412944276805,-11.199293857797281,-7.079824902680045,-7.3097645050931614,-7.00577140328041,-8.367604811766443,-9.70470108464355
-6.142840739491705,-4.900585843909606,-2.795640390711732,-4.243548623314609,-5.233407165641599,-5.645316385963032,-3.590438247774357,-5.7201338535266455,-5.890543609408608,-1.9317787777662159,-8.984284936451106,-6.6880836657485,-8.659694916176903,-2.992885720952688
-1.8357549276770377,-1.169241952120558,0.5036569517184768,-1.1182689164304929,2.9308998126583887,-2.133268562104531,-3.3027099297436147,-2.419234743627923,-5.373708302378136,-5.519317068722362,-6.308749577782425,-2.1947806770796423,-5.546611382343962,-3.7296972652925287
3.5054910684984253,2.2654810737756144,2.2362186750206576,1.162260990330319,2.027962938783638,-0.605864732311048,3.4039380970231736,0.6948090079111233,-2.697757126775103,-0.08574763153342713,-4.054236344179516,2.8234213209035897,3.225328970009579,4.147677627561626
2.7698898877756264,3.9413168549024413,3.5163454763614466,10.736068143436196,8.506395090283819,10.614212347027973,3.4525665845191638,3.36317467124116,2.9537091946063363,1.8430471218655589,4.830849980393438,4.404179385198168,7.156760479653297,4.721244419171434
7.246116460957571,9.898008420715144,4.965153844650677,8.891634596064307,6.904370598019795,8.961490936428618,7.823480107366142,5.976464243787038,5.35201578358777,2.6819503962681237,4.751687694987718,4.894424398139867,6.353597276813014,4.653989697229177
10.776606481204015,7.311903043920089,12.752406822489142,13.236512335573593,6.452311543230922,15.728062476842997,8.992776099289268,9.814335470013917,10.02317827330582,11.076913886140417,9.786560366927707,12.972488933054684,9.321687455634452,9.425765616520732
9.499194878167444,11.96775598751071,8.034967829597464,12.402784606032483,18.558569944668044,13.636089169370306,10.071977745273827,17.453521533323084,15.171760661415451,12.521530289797933,14.123704666300492,11.254058497295677,12.115300250044333,14.362357501575861
12.294668951053524,12.494301476755878,13.164051283348606,11.847718670778576,14.146406049461351,15.188513456388607,12.783636948889232,20.71040656523752,11.908952017027627,9.29133577125446,12.031435772968624,15.047357892143053,13.152762087257562,13.613846122647734
12.455153169041091,17.736464606726845,15.912157356333797,16.29068698923982,16.098033777665737,18.12359356772752,15.665792880764826,15.293931130872643,16.204205819076495,9.725397345095018,11.900581742315167,14.262322706061378,13.105633452651277,13.49472296879285
15.44720535494267,9.613554129577789,15.066462878637687,17.967057791630268,15.796770400354598,19.514767406549314,16.338931582179,13.014508105947618,14.183042301468163,15.489412116079981,19.571417853068926,15.370045190766847,14.16289963136407,12.645890835041392
17.16290821843626,12.149835426202594,17.183485313490262,18.22647009590806,12.541770579175408,18.605202674251498,14.628655044074861,16.45237531644879,18.981743492722167,14.776832227960329,16.257385737385185,16.63835226186733,18.12972282871733,17.82421853257585
20.382868709648726,9.549589593662011,14.44556874176804,17.317793259128063,18.505494775772448,16.88037888137591,16.120121390050997,13.405690884987425,16.8650526564732,15.782636785664597,11.299060121839783,17.980261082672182,14.827647394751565,17.457907925823978
18.978249581011767,14.20302852193723,16.155284325574147,15.733827698171272,16.823237680991365,17.209753679840652,13.333337489133712,13.180636882719895,13.075629852326909,14.319140677524814,16.166454213683725,17.94974658030005,15.14562374153571,18.28516523394848
13.8339810599885,18.687463965122312,14.946230651446905,20.84895949785628,17.038224662039763,16.596782982049493,10.543279808674663,18.475522268053712,15.894984199519365,17.047194891693472,13.429759904263097,12.98453708240887,13.721741339440843,19.72396118605455
15.593444996314322,17.410537145110197,16.326375063715837,18.585602410092875,9.046571864051792,16.052806729521954,10.465851760202444,17.57159795515549,13.0471374559182,13.663868784743768,18.80011719285436,16.555474516902542,13.402965131806424,12.156928863773306
16.16468503805514,9.99323722874556,11.556168435318058,13.941118197430107,12.70159135669581,9.612064975968533,14.126116404259417,16.042396184764954,15.569150366871682,15.741854972141898,14.750380540555218,14.464470614359227,12.423536630366755,11.704458686793846
12.62115986230222,7.564771938500492,7.988515511671259,12.120369876725373,10.497210075726537,11.13526289710508,7.229133435861522,11.161035727624519,17.96301196740438,12.26119820722079,11.340532314264994,15.09051126618754,14.255370318002411,14.073097528887066
7.963190464286549,10.075883444264209,13.918525603912133,10.987321965474148,11.05223030558688,11.504538169417815,6.691273024949345,11.962502453944403,10.739161369091297,7.449733630721439,11.13467500989228,12.586847018592504,12.279047428411605,11.33670479267068
8.547896069483242,6.979437697230637,9.803755432703433,5.6974289055608995,6.915773483664934,11.619376273766175,9.993956504472962,5.693707642821208,10.253573025819904,7.068989238989218,12.916415510286942,7.36755802131027,9.581656635536952,6.752682142906666
7.487466539667954,11.147388374442755,6.8459860836923605,7.950275684304861,5.93668393353175,5.2413259207787375,4.69641739388108,11.881510127575421,10.225587554459228,10.872470968848074,8.099837673099854,2.569069280384915,5.143813207085807,10.830138339919612
6.593585095090274,5.582007618958901,1.4878076315357793,4.1225648860515935,4.64406806532652,6.523968779633256,3.6753106350101628,8.507699842658402,3.4377623402757314,7.757622601776022,8.11601947058349,5.650263534021155,5.48418316648967,1.0071273557667233
4.865466588280429,1.7589936496375893,6.3597614833636955,2.9656030542847636,6.638498792232598,3.4182635280032607,6.699954174907266,1.1220955239399442,3.58670529330193,5.716085317028174,3.5278644661001852,2.9520657854824117,3.512019075095421,7.576068674199107
4.541326298520535,2.2046550501425757,1.5809338784681828,5.575957737488399,5.233469661296857,6.0441369248199575,6.793009202354983,7.620265564464329,1.6251720789680557,-0.511989551861868,1.2423789359963213,2.05593941501811,3.1599437280203246,-0.04983322651295374
0.6086244765306144,4.416863899683283,2.545406863414031,2.896841386096147,0.9806023603666616,0.642220154965804,3.492164511286129,3.6623005067844607,3.159673804232007,2.54537646165745,5.035533491299816,4.799427836612052,5.591611501325891,2.6384054269609853
5.642074089949772,0.478767600333013,-3.0217949230746486,4.416003647675408,0.9136375970597985,2.904089430535946,-1.0385763089213826,0.8958602055961226,0.3827140342576212,1.7271036118594942,1.2394563054119503,3.2877961740964756,-0.8845808255666467,4.328367868157782
5.47360871054351,2.0347228653363336,2.7195278336969975,2.8981634947779993,1.2129539443575938,4.259735593590824,-2.8282112046935035,4.342593450631433,3.753697526717602,0.8335061535598582,2.446874984446352,-2.017957340724349,1.4192626249880875,3.2224607630586446
1.5921067345074293,1.7134169840272049,0.582432696059748,1.6146844972237038,-1.7529003730268116,-2.3040953301656937,-1.5397644979955496,0.997718720761598,0.5547413705576332,1.3550966143939465,-1.2106097000055693,4.511102120823659,0.49466504523178956,1.5439286083352988
1.336176129864152,-0.20602449499996411,-0.06948075251590394,-0.37890293409282616,0.4023028758108328,-2.29453122520832,-1.1718310447273925,-3.317731663071633,3.161590168868074,-2.4526901356666864,-1.0401144902469377,-1.733776381351472,-0.5821053947344468,0.7089765169291962
-0.29689761331391484,0.5173843255966668,-1.0266691781046076,-2.3635272047453633,-0.6660141072167283,0.19585528633050264,-2.858950246295978,2.324622488758143,-0.18993334398593997,3.8817840977680294,0.2650347148749884,4.863137918761685,-1.6912178420401727,-0.13170238973268628
3.516767530117798,2.3885957216399,-0.03286463770471015,-0.31277287454637615,-0.1629301990404255,1.0842361834809089,-3.8823955450485306,-1.3322640620410797,-1.75165400103337,2.899413026831297,-3.458354139110242,-2.5453813436887405,-0.07735920747001435,-1.3209225185559417
3.614103035776174,-5.69579734773853,-1.9903677177375791,-3.7883896698877133,-1.4700301441678136,-0.3956470629625002,0.24349418369586062,0.5019925228014137,0.5998069909580268,0.8474644779455303,1.6559146136251854,2.2241664177310545,-0.4016847346072936,-2.7987461933061635
-1.7671895522358616,-0.8395961903368994,2.910427735764017,-0.7784737866562292,-2.133066568166812,-1.8509573100474128,2.926577582757951,-3.088558177172873,-0.46980430356673786,-3.114562887879389,-3.6937659858001917,0.9527973527450389,-3.0180640409166233,-1.25408248170174
-2.3370204305942384,-2.4531271660988603,0.6232955135110236,-4.554051934038867,-3.242912186412086,-6.684144208516615,-5.214010987699555,-2.4100381861623847,-7.760722849686291,-5.176541913933326,-4.350771562527601,-1.5234167678128852,-5.2819342956882815,-2.5925310418876744
-8.572618780837598,-5.245670929029288,3.542021465807153,-3.632571622666678,-7.474154321621468,-1.0926638549128267,-5.370314348996928,0.3398369396124554,-4.0789599407948876,-5.783803210183711,-2.155419971670935,-0.11397364534144572,0.12602210229836874,-2.710607173865327
-7.788160106633661,-9.188222395566136,-5.818148984009667,-1.3640764919322805,-5.050387063367144,-1.4613638890096712,-8.328262138449379,-2.0641646617996336,-8.07912424032143,-2.2546122166531424,-5.783276711588164,-3.429677760358297,-2.6421742553189573,-8.780596387026815
-8.46353818904982,-3.0064905120719545,-10.059045323324984,-6.345722048612795,-5.201024042461623,-7.355101859225142,-4.004989243409669,-9.55778627887173,-4.648665451338444,-8.086284747318217,-4.756781578057373,-5.4169905357494645,-5.060632055783318,-4.884527428856218
-10.034706508714052,-7.797441653925798,-9.552192289447357,-11.790512242628836,-6.319094224387198,-6.2471490914837275,-9.517962103311074,-5.027862214470308,-7.306696887707181,-10.4045059291694,-4.780026285691021,-2.575947049183358,-7.523670401654053,-7.0994323252927405
-11.141629350187868,-9.3331299166936,-9.972124092925105,-7.463425834629011,-12.254569985359737,-9.702488191256975,-12.468676109820146,-10.212386608296672,-12.12989937993433,-9.839534356180115,-10.737502899339427,-8.901010608661256,-10.82353099670343,-11.220948683602973
-11.225343899045516,-9.029436360572959,-14.187196565526946,-10.563793122447343,-11.737784795781414,-13.616215036697447,-11.03515262467512,-8.634740223482279,-10.260470275835516,-11.702879535673683,-11.631118816945149,-12.848798781929423,-14.77538195506483,-11.37896697756268
-13.46813070826925,-8.604853778139352,-11.472256055401173,-10.623225692666896,-14.738509332071516,-10.897256642790474,-9.550631540553294,-14.186317381650612,-9.133144429370873,-13.170488356918312,-7.662986030170213,-11.692904703160941,-12.032971939901884,-14.685967789675352
-17.132806103406182,-16.11014962958119,-15.26869579209207,-16.18921320779692,-11.796931245530459,-11.13233064592388,-14.261912083438089,-19.268215056002568,-8.326382332225798,-12.998220493114882,-16.170448305283106,-15.77760580978766,-17.30317372176014,-18.533060188419125
-10.007280904863993,-11.75714604342043,-12.90109723602637,-16.242677986796746,-14.782080902906761,-16.626915930896633,-14.509920786193042,-17.201080446998905,-19.346928494655394,-12.199166351843667,-13.345454708845516,-18.209669678589023,-14.371874773395843,-12.241100485270218
-18.036681173277376,-13.234517198190051,-13.46229885375238,-13.697848912370008,-16.472863741322087,-14.203199119933453,-19.46836743257427,-12.514130501854993,-17.908368739330342,-15.34993419231291,-15.309002378591188,-19.15145797309025,-14.272427219422585,-17.256956612686754
-14.309055753185175,-14.349617857223263,-15.46981970771009,-14.324779665647663,-15.268862299553348,-14.902871450044918,-11.89845367691702,-18.931926412760593,-18.50346115246303,-13.7538530067853,-10.266341135287462,-17.03088327157371,-20.14958310051802,-19.2988705169133
-15.405460025324567,-13.211752177154438,-9.997202984450524,-19.030151587343383,-9.440922792277785,-12.887548625804362,-13.077250162630767,-20.74164830715158,-16.489369866887145,-18.29030172009573,-18.168464467023792,-13.606186645177004,-21.474125390034,-18.892703625562515
-15.575532187322006,-17.103283789653712,-17.155880597154887,-19.36332169702242,-18.373718931281115,-13.303204531008285,-16.237308735876077,-20.722942837207064,-10.428018028813067,-19.98145141305973,-16.664619131521548,-13.971352764033032,-16.369412895757165,-18.380340551434617
-14.991660215074322,-11.59233519611532,-13.827290943043202,-12.041378419216116,-16.24186006149051,-21.17944718589664,-9.912516106514872,-16.6304076188318,-17.512140575893554,-12.571260588816413,-16.04792809034223,-16.043671433895305,-13.640915086232107,-12.862365514313916
-14.363389569402445,-16.29333397005557,-12.491638051977322,-12.19426109028323,-13.494501284266397,-12.518599781683587,-8.713576706149219,-12.550741883818107,-16.780783470781945,-13.290955489781314,-11.431437406217215,-14.822464918769276,-12.683795614832048,-11.119014659076711
-17.136062185764168,-12.272788051854791,-15.990682935934654,-15.309348569150975,-15.73758345806267,-9.418506755328504,-15.342368138778383,-10.691782597699973,-7.265518934433116,-14.966969693452103,-15.00106525826584,-10.330917354850483,-11.981934810129353,-13.956787336470166
-4.936477553524303,-9.032080562415233,-9.209601525671694,-9.34327754157759,-9.244191429682203,-6.42482093238206,-11.715651350569303,-5.746362162069971,-6.373452274875094,-12.84237820372893,-9.519993261339398,-12.01299118372464,-9.402591519176031,-11.440368939601887
-7.2738051911371455,-9.895855837397583,-9.241948059591026,-5.951594977090762,-4.330259194182288,-8.797667177013647,-5.958961673322325,-9.38741029227422,-6.982120334572659,-8.575846108646925,-7.212012627770249,-6.198789163923671,-9.977918280901427,-10.551937500316582
-3.1048612297533627,-4.3549550222479185,0.39787507700878955,-6.285680638107982,-4.126383289800407,-0.9051913653197472,-5.9535551537026175,-8.139506116185654,-2.410572223495477,-1.7579032985021192,-7.669333588053302,-1.5851783703156026,-6.86441568896201,-7.044109793029945
0.9194169386009046,-0.5464675234076182,-2.2286246131182352,-4.674583905952665,-0.9999309799645906,-3.701411591997022,1.3385754783077206,-0.5799528369486533,-6.5353275008887035,-4.141867898889982,-0.7120135880276726,-0.6763932160476953,-1.9974450926911476,0.4331954197954322
-1.92959905991323,1.2495615854510111,2.7937094490415175,2.0151390082973686,-0.20806166276908566,4.401515631330306,-1.2307728236700148,-0.38231259955300734,3.536827332578336,-0.3122308721546557,-1.4710394745622937,-3.090755738546686,-0.1976138748148114,1.948493829763993
1.1724997295521087,6.479744777834355,3.2039116074191973,4.168567444647095,5.727387395182091,6.629952761533076,3.4074411256555805,5.465569819760715,6.531218603673895,8.610758841817805,6.022879643164225,7.763169823456207,3.901964977685738,4.4044149482072426
3.9236353810440625,10.204245999138713,7.793362734721958,8.563601991373496,7.823928167001563,5.965550370457263,5.471864057431604,8.321097165502222,6.448178483331639,3.6565376867572383,4.779253590806022,7.7312423169638675,8.473110947195638,8.483922009548726
13.008970191563424,7.963788216016058,8.836711243227256,11.273194406882446,7.5320379403863855,11.132158172368326,3.8946078382848732,7.203832530021658,12.87175622348575,8.731610972486209,10.066316412332004,6.988880545565353,6.916512736924666,8.92019022765308
9.890327660952066,14.109397419863786,12.625221594191917,10.857733124752674,12.200554722205727,15.408947057859237,9.900616489311643,13.579452228044106,11.046828323865645,10.735494541575797,8.452702030236674,13.236097348789851,10.634519781312296,13.021287554057368
17.823753196573964,14.249005677152097,15.505315803333755,12.116167349516601,9.683901574830431,15.98951315732737,13.412450978798507,14.466249346219216,15.59312659516564,11.266308190206082,12.48230449398344,10.827347778439515,13.187015939792055,10.89097467124773
17.884495883911093,17.9644251504291,16.650256928995802,10.626361006692132,15.299197743519766,14.956057653776655,16.556598486121096,15.703554285206542,13.760146173799352,12.059563276374568,13.126058156842374,16.543061728736618,16.154188992024068,17.238508829488374
19.220228152823154,14.715990755238636,14.767312596864468,17.96564090880514,16.7897632697167,16.334113199232164,13.026285857422897,18.78097366652694,17.519864842521997,10.510975430617814,17.303023519702403,17.005703079676046,13.810973008083007,13.285961325628467
13.979489267001671,16.866261021332523,17.344311218688187,17.585493171557896,14.565242892674023,11.570257389225823,10.61268353977443,15.431863266942445,11.411384680924202,18.42433747862662,17.463232688720126,12.50556893126837,15.527061344547096,17.28795978827789
18.19083218321045,14.17947163863506,15.374467508279189,14.108780890101992,16.558019174835906,12.687040740340919,18.887162723077402,19.391394557530944,17.624227659365356,20.018285304689844,14.607574977925905,15.061002332712398,17.270886490585493,17.40036706308509
16.804232723357803,11.21380553697551,16.31353622193401,19.44501317588101,15.97817000569824,13.732133116795653,13.653109034696877,16.375715919266007,15.000230900727814,22.070463909655288,15.695548164202627,14.033327065481648,19.05589973313978,14.77107639861181
14.55483975526814,15.453480400869106,15.04744647389344,13.583040078464863,13.935913214874407,17.432475510559915,16.09814328699084,18.10169726998977,19.234700023216277,14.944352514357483,14.739827441376953,18.4444243770325,17.2216094927089,19.291215856324822
16.35530790233845,16.066010004756098,13.321651429822728,13.60582604757391,10.908746871128685,13.347718512343706,13.630640730082893,18.344062623866062,15.596222660848742,19.19339461516882,20.31805406555377,14.832967217558398,12.353727751075496,18.977654485232133
15.358136872042703,14.887289422026942,12.99960192705975,10.39519256555014,13.092681931725126,9.837899108674502,12.111587903966054,12.595640713945494,12.615235867676715,14.127200357739001,14.970437161243595,9.475909736934572,11.725220074371467,12.702175552387768
14.262457218596012,11.860986223906842,15.38787595842796,13.216050107014052,11.681405395114462,11.148388917440268,10.572695706975214,13.698660186360613,9.67034606167563,10.548573074502432,10.667558002953491,15.143040707407696,8.689856743302705,9.573123396841126
12.299927062641148,11.417962626372821,6.306137355204224,11.457925411016353,8.070930237937366,7.721512783026574,11.506861983867838,8.4490511672371,12.790755907377951,8.148998998150219,9.796775418501099,10.528964540378452,9.84678976516742,11.566671612423193
12.201230070326744,7.58632786048471,8.78424396766513,6.621252621681204,8.942887685194941,7.876965970755476,8.468450289007817,8.61506326504179,12.23879991721588,13.673321863969523,7.218374702530174,7.830997013854723,9.918408961572101,9.10655397966302
8.716746609490704,9.438900308457733,1.7469226622638905,6.467290336836347,7.3044141175032715,7.864682208373423,8.895578045589291,10.027277368224102,3.0536617974848266,6.001297375701648,8.919244032570134,8.610904604592449,9.217776457995654,6.069977015792886
2.7131977772230953,8.639219199595855,3.6451331614956106,7.642459244954284,12.312183023241452,5.406903864511511,6.8410601239505775,10.290987799148944,6.019129293262394,6.16678265010481,6.278712648071687,5.3820677725587025,5.422182124246012,4.085812188065793
3.5465954194431157,1.5766860232034512,1.5343925502819342,1.9824724386901291,4.732618250537508,7.268786467751652,7.1769497854267135,5.787837122291206,6.629925494908299,2.4279560127762863,2.2311848086208697,0.4202699493332487,4.340423990450198,5.760345064314847
9.227077069282906,0.014559321228432065,7.210288010763336,-1.2794866767869184,4.697764286651471,-0.14939200442543887,-3.244274210550995,2.2775406594909096,0.39647231149731077,8.199594417113742,3.3957867152386005,6.406006488380766,7.309242394225654,1.5063165179407711
-2.7035653952744862,1.3994141765960415,5.925770449720812,2.369279704206234,3.7297570930992014,2.4267966434500705,-1.4158702203649849,4.375257019045379,3.6808696672685497,3.7273027909325984,0.3580798003107426,0.07074177010729699,3.791592798146556,-0.14812387051974651
4.436352673217717,0.6615646386591607,-1.0795626142569064,8.546465606766773,1.175767730627062,1.781689478274263,4.7440962588200115,3.402610789961662,-6.623012982164797,4.5732202690216095,-1.4663518638549342,0.23118956770582777,7.312197949579097,2.5712581079562424
-0.18070369432815214,1.6917148822427577,-2.2202901399476644,0.5793402140831821,2.339251010460456,-0.1683213496746494,2.6525512206218727,-0.4492606856765431,0.2940589140648735,0.6284155185674661,-0.0017902177383071205,-0.7488715568474618,5.402726965826924,3.960317859269653
2.380495798676545,-2.8784887477678387,2.1017976794219284,4.695517933117407,3.9092354435890906,0.816018910593219,1.5512901150078633,2.771294028074731,-1.1583713442717423,-0.8655095181463415,2.8024930123001193,2.4490191785041766,1.4927790096091402,0.017516687299682143
2.4288932443799096,1.1772079465648724,0.8711943524627912,1.844175012191947,-0.8747886345597116,1.9657837564571516,2.4516152890130614,2.629694529203332,-1.0105293348168864,1.3578049247399282,-0.9566379595033379,-4.148749557956794,0.6098687382258889,6.671166480596753
-1.8547638994330078,0.44995430240561884,-2.4345843493980226,1.159023972290256,-4.1555053254691,2.163777392447809,0.27370489271305276,-4.349374895448842,1.079637153471225,-1.5516157071827217,-3.115230774595541,0.6652284618471087,-2.216277504864113,-2.586872479602963
-0.1230635862257039,-1.599206442906617,2.8471782904350307,-3.617553472229583,3.6663173800581377,-0.0823146251747846,0.22289527699030276,-5.81587353184937,-2.394408232087562,-2.3215029911829017,-6.739905445615225,-1.7805617366228113,-0.9811270919497115,0.5859517544174011
1.9660157110008072,1.7438074531245187,-1.2835111354096869,0.35119547680151486,0.05882882125553768,-2.348701198170092,-1.0720787963171088,-0.7121368132808251,-2.4566207551260453,-4.173304490217028,-4.029125277358533,-3.4445460437653184,0.47521601219295406,-3.607850029940916
-1.4360039394775768,-2.3667087323615865,0.7793353973818227,-4.65928867878835,-7.953511862685224,-6.146847359907265,-1.2391533245510207,-3.3604320716423137,-2.3151647188032314,1.2671901013337377,0.055205669708965566,-5.101047073281771,-4.098529906835308,-4.457182526096776
0.8083490767883106,-1.7418272445000964,-5.256647706917825,-2.1592938679542635,-3.353425255861559,-6.469248539646632,-4.3850798374821744,-3.326648930307067,-2.4952134143367015,-2.9557270427110414,-0.25001499080348744,-5.228471247913028,2.794408012386465,-3.4252614255234937
-9.343272821154653,-6.63165552311832,-2.3846462975241773,-3.7894795606835756,-5.264718002987,-4.148087680705796,-4.913786401821687,-8.087379075589714,-6.121968769369335,-7.013890337877762,-6.636331164924133,-2.9400892585196474,-0.45489353885965134,-4.367278676195568
-4.877581749253436,-3.3182103154049263,-6.07243969773933,-4.256028444976222,-4.653699082988401,-4.725128212910483,1.222343645420585,-7.263051045869199,-5.95626118345222,1.0149397239984363,-2.098581405856969,-4.228190556233251,-8.45933069458884,-5.569215738778371
-4.011285535252194,-5.827395024876379,-4.455354198069526,-3.0956106957708784,-5.437192998420861,-8.864936160083275,-8.051958403132721,-7.610326979842128,-4.665433275797323,-6.563332622612022,-10.043116359432132,-2.018749896728865,-11.748289788694967,-9.086132897857453
-10.690458812872595,-10.051584828636575,-6.789426409136373,-6.391144726972027,-7.637828846277973,-7.895672769061129,-4.760984257759288,-1.923422919615887,-13.182228326038711,-5.08896627092447,-6.7426434968706515,-9.671960183994429,-8.403556194619117,-7.549657159611807
-6.9954877569095695,-10.540663136360683,-8.586886693111751,-9.120554157799065,-7.266046321606242,-7.889663969091731,-10.243697185882716,-8.904569502857722,-8.630798936539108,-9.86244611768278,-10.0566353525478,-11.062332458981862,-6.40816907805429,-7.94060399667976
-9.226251663797918,-14.980790965244744,-12.218765170537598,-12.655328274246433,-8.013473017106227,-13.101132321262368,-13.386730568993775,-10.321437453690091,-6.5978884386297585,-13.841888856941639,-11.873974381942402,-14.30424021657112,-13.997235577224664,-10.601285415428233
-12.877144614070925,-14.580205564639975,-15.162375366197157,-10.533880103462339,-12.349447593160445,-5.678610416326691,-11.72830921936364,-12.60513321609243,-11.320749582951178,-14.58562157041787,-7.460382621762931,-12.680450025843683,-10.163496398902453,-9.240797965241804
-13.141560811314472,-15.178935356794142,-12.549602439361376,-13.927040727676843,-13.357601234875027,-12.759481204626745,-14.541045468525448,-8.878002690192718,-11.611544196122136,-12.414067710006181,-17.680613338032003,-13.077224690034278,-16.587540215004953,-20.4506025022875
-18.802252865122124,-13.809203809091104,-14.026492084847245,-15.494509986224953,-14.422819667605786,-15.58356476809994,-13.983823808366587,-16.247370724598465,-12.528254723986826,-15.109254877439984,-12.117664114097098,-11.288128991988922,-12.186049913528894,-14.157286242215795
-17.29358901343661,-15.560860964252297,-16.896268347437108,-12.154991196348764,-22.84350414400067,-14.238807216349727,-13.72306034019535,-20.279483678833675,-20.414434002560697,-16.653066852706253,-17.413225964200098,-20.42737501847943,-19.750123209019787,-14.149610814908671
-17.57116488340663,-19.850973476659554,-17.93525934213736,-19.384224677034737,-15.190978402054848,-17.144488151336883,-12.616236028535358,-11.381399178691993,-12.083521226969957,-21.589856424900915,-16.70931962331646,-22.447120180972632,-14.972817175216601,-17.40434272151091
-13.344098968822284,-20.32487171389986,-14.098160428891473,-15.53616135148141,-16.57116214448577,-11.726051958759104,-17.78893236020894,-14.447524876643747,-12.069038699596698,-16.204306406963347,-13.858156534896995,-16.051515308910595,-10.454174894762156,-23.00406287820055
-16.82233386777216,-17.31762249323025,-17.182842234741017,-15.405041285335024,-13.103361569522946,-14.511242560514475,-17.04982608531048,-15.425268617418393,-15.284443606568317,-14.49299270984896,-10.412671465456809,-18.09118900586819,-18.407285481201686,-21.524188162589144
-15.078886252316538,-14.540220664265737,-13.966792910244976,-15.300997649178399,-14.468403653308414,-15.256046467639598,-12.473860851968034,-17.128783301821258,-17.249592309130076,-14.35096255464964,-14.823446599498062,-19.167518153473768,-18.13838028220638,-13.812565313949104
-16.145146932361108,-16.369901060257632,-17.030244516465114,-13.849578562771894,-15.237821478625047,-18.635862555263472,-13.235586060240534,-11.708643980477522,-18.226866421904756,-10.962370580738147,-9.191067913502806,-16.304932002289625,-10.330313891062872,-15.528437786759056
-14.41897411844136,-12.231127844081435,-12.669502206538288,-9.28424277028779,-10.739866721237778,-14.073173235725267,-9.37754142927183,-12.097702706243627,-11.79190940040274,-16.306715208757737,-12.31829054595042,-12.066195166519808,-13.115643972953517,-16.012351203472758
-8.94828815927837,-12.281693219482479,-9.109314848164853,-6.984566594488196,-10.538907370227596,-10.567342610413037,-4.684954885394976,-9.680956974818692,-9.429537475938401,-11.205441006632599,-10.810315055038878,-9.41393993001467,-13.327655386843345,-8.920085413684028
-8.37063321667025,-7.034356831287929,-8.088380165417842,-6.391109424517543,-7.942096433952973,-5.785097281824756,-11.384395055408763,-7.509866012490511,-10.249780841686611,-12.9161444448271,-8.039959801148093,-6.552058921141958,-9.202142021703716,-11.643845634406537
-10.294233863848174,-5.129361716270744,-2.155044083045613,-6.704277828945465,-3.0641039441583584,-1.3128937368046074,-4.967414244009467,-3.802207527311801,-6.342612633151954,-6.811065673195145,-8.442223510904375,-6.077407485273753,-7.068187667375234,-6.418779159995191
-3.457095654478606,-0.21223986294357644,-3.0145377838582044,-5.684039508733864,-2.0886299428552344,-4.757709867862839,-5.408797666183903,-1.172372917005835,1.5426971346225802,-3.182376085878507,-0.34543125415857956,-1.5835395358563382,-9.971684611047266,2.611069083607763
2.8468679934192243,-2.4343994717118456,0.2637795290729625,-0.631037852700596,-3.071606387608857,0.18644324023499262,-0.39861370650633493,-1.6489946535176365,-3.742875086316006,-0.05812896471904411,-1.2319959875354387,-0.7106204576249033,1.0978964428403548,2.8143582178209887
2.3167034454056825,4.708866972781833,4.3067803312950845,-0.5676985262170433,2.634943543725794,0.49161356807692425,1.3007723507838058,2.1120905594772563,0.18937893528763627,5.509419896582287,0.6412315094556691,3.6343597790295354,0.11045376343234059,6.31912673167132
8.878015219151246,5.991630286461826,9.793666535708839,6.687681078607948,3.4085546696346514,3.333208602013368,6.494815611306844,5.4615920084723975,6.808854475311297,12.158253552942691,5.754065861117755,8.559651787353427,7.631751579834225,8.897776219870277
5.618642592197853,10.785544118573492,11.078011656927831,8.791814702971362,7.327163794061182,7.897511577723965,6.3468108251463375,8.506715779842711,9.96531222175323,6.032368797250302,8.446580978795875,14.032765519367734,9.926903415211092,5.602795398598649
7.703227366118863,8.182026583136468,11.419085255672782,10.277187530533059,13.924886499789709,8.412163849412782,12.283923013195261,8.70745598194615,9.168655950353635,16.99307505864904,11.495794021590893,9.36556282044263,8.271166843918074,10.463460268889888
16.312852827791872,8.720449857219807,11.943544534323179,16.062027952138916,11.865212659941172,10.028794665762096,11.24675716026602,11.030347848621481,16.361608181891306,11.87383553586853,15.532936942857157,13.637342029904632,10.736671581932328,16.386531753411976
17.305157838696868,11.276984959717183,15.818683330484122,17.06486802567314,16.489412560921288,13.088321613736289,17.120233902023912,16.09551605329687,14.516490863555015,17.439680732451684,14.33803733377456,12.276575140931042,11.878255764522656,12.239799822068296
16.00209368263362,16.666485389851015,13.848155214948294,17.1552674900961,21.947821386348807,12.243216961427262,16.8394229208304,18.952415103121936,14.136485469298503,15.598212399137797,15.38501897841422,15.123657811966762,15.120938908438358,14.892749271733067
17.18930721131797,11.98226529919275,16.6930264085454,17.261539692891855,16.088422131124627,16.045113901983658,15.694617273252799,18.201343122005454,16.05998943673555,15.212277818796037,21.16616311504024,15.19100940303451,19.25639718582823,15.329187642696471
17.206787931859356,18.85167001126856,13.550567925958237,15.678796775941796,16.593533998819726,9.312077304378263,17.966132343369406,17.02508552593106,17.634316573669732,13.700476565445001,17.87875461776026,16.792587839005723,14.410810152757765,16.577911185188935
12.055596512229052,15.83014327463146,12.719035668279341,17.610049202991497,14.048655554295046,15.187838944858349,14.226493575494391,19.021428114603097,17.247075747325187,15.936751531806422,16.25145938238688,15.698338909609513,17.971547176382526,16.37627379809175
16.882708183890905,14.406755844229654,17.256087520826977,15.755041118940506,13.739571688030212,14.560116121072774,15.81895054601656,17.299387555540587,17.610007042350166,18.656845342017448,15.242968529124685,14.730531189913876,14.996185485076598,16.968711692316937
14.86650325200672,16.81019567597453,10.771663572186508,16.69027623238391,10.87935192643593,17.315806937838676,16.69329765668369,13.872884560276963,18.356456547008342,14.303838831862063,13.325601790218393,14.3007488225672,12.554684011439711,15.048018393698971
11.44959581579333,17.83009156673752,10.281769768856746,10.231787810773671,15.948523977341356,16.099503921607337,9.420812447638506,17.372271734819986,9.860252276470579,10.759639750142089,14.298429884519159,12.753020394197168,11.088948669427614,15.357782309950407
14.721923856415499,12.639616638060453,10.79902364917708,13.936363412372852,6.502277227876315,14.011691070376212,12.367309317601592,13.441092649937307,17.120335978298993,10.989870136960356,11.597939194959123,14.797788117663817,12.306135920383788,13.493619623492494
12.451002527447878,12.005394299998693,9.29296633908477,12.422323791657893,10.041534290211608,7.817601990841713,10.578822178280037,14.61618706900894,13.78894885282936,6.962973067865349,5.3838838119865216,8.03867135310448,7.377271015788523,12.594805411689117
12.569996690858618,10.91654470982716,8.0950405657916,10.282545182914951,10.727971929800797,8.152322313299734,8.046627008152743,7.5153324767647085,8.629694791101956,11.949088901126364,8.170977581477718,13.598694751425121,11.490610422380188,5.770429711168751
9.189532012555361,6.132500299887794,6.556544757307091,9.166033160845622,12.445250799557698,8.453188868300513,8.166591399861629,8.431496916223132,7.452063145506597,8.516554092738133,9.194937335280924,8.61882456595601,2.119930740708834,3.9787222915314815
3.005668658407445,5.199460505497571,5.571911975923948,-0.17550344360494563,7.679753988105274,10.128422399068896,6.614307243071503,3.8729421077995503,4.592238652954203,5.429362795035155,9.271630146487508,7.692877762575708,6.1796374554322755,6.312970491645749
5.469006632000729,7.785361978824442,5.16872889059111,3.0603761496076585,8.184918249598796,5.762241899530823,1.9592909042799542,5.046360998309556,4.545764163550047,7.026634965884302,5.487074645728217,0.5497169920765099,5.589312953665413,1.6686057379108785
2.883380697521625,3.6587002199492265,7.392952557664595,1.4177102974884934,2.5037598557981764,6.898239480830569,5.705490088519709,3.2370994913699556,4.135498516733586,1.812294617923662,4.349104965270728,4.3784400258624965,7.62590443020315,4.737476648411669
-0.3373584811690087,2.5685719170366244,5.7132888765682575,5.821854121197165,-1.984008939927687,5.231894700020376,0.9264991818641928,0.9116864517300238,6.782150512855813,4.3783777114820115,-0.5351687372619156,2.1566523314233685,1.4124822053368398,2.9479753071432424
3.129125855314662,5.5038293668367215,0.8039136628131591,-3.6919541893644494,1.5685261854545458,3.3724744908988793,1.0507992025636839,-2.651805988413746,7.17285390886888,3.3310635653645058,-0.9901415137072389,1.621424160568894,2.0377921068802354,2.701519791407387
1.4928552071864838,-2.341735478527034,1.0797094739580526,1.5290149084487825,-2.650078823357837,0.7159574819582787,0.24571512072331592,3.530679236855859,1.7705472539232716,3.8125049201812824,0.34499176284421784,0.37777193646407237,0.33603836529788156,1.1850469035606253
-3.5663726112042466,-3.0866778630838327,4.497789373077366,0.8797222548492265,0.08818334114921933,-2.9928252070665042,4.204580111508789,1.3772172129526983,1.243641210335062,-4.235844901201649,-1.3337421731559223,1.172311615870948,2.1382656470287538,2.381549320232089
-2.853716174177351,-2.5603971518098376,-2.509512095549616,-1.2082616116162268,6.03877616473028,-0.6128316267725967,0.950667085346435,-2.2567080258562306,3.003796784471139,-0.22163257459793528,-2.913914385373046,1.1896385757978738,-3.251257344162565,-0.16838886301231076
-0.1367983927375026,0.5536975326113627,-0.9943747712044698,-1.989172211290387,-1.9852123697805575,-3.9977713574957985,0.46676729647353354,-0.2397310326260667,-0.858272883762279,-1.7116441069183712,3.1731100313087977,0.9984386420085299,-3.5195671055580102,2.639997530944289
-8.232006487415468,-1.1326456831846645,1.4528608710356348,1.4980863257759813,-3.2946290696805596,2.04848295474054,-1.3033536453792682,-0.6128748877192303,-1.4736120512950746,1.1476157026025566,-2.095652686195887,-0.4218712427409066,-4.888741264984246,2.9778022431750184
-3.1895748508184463,-0.06300438413887344,-2.3739019352576527,-1.5967294104286267,-0.7990910121957278,-0.5718001257790291,1.2371159775096374,-3.742538558920479,-5.127071990526202,-1.7765602386190174,-4.161475862239834,3.7349622788361896,-1.3075158681032195,-1.0688293639800115
1.0521674381568569,-0.6349197684165357,-4.836599699828001,-0.3442095745702871,-4.689538320679233,-6.107966723691238,-3.145016871982673,-2.101059769781448,-6.711005944219988,-0.9168663694418728,2.2748109412011774,-1.8559688728680044,-3.7013593344267717,-3.185162090467366
-2.84119398825403,-3.5098270236639193,-3.054418773078917,-2.924202656124598,-5.937825451375436,-2.9267057793977007,-4.413200662112409,-4.2790987047743645,-8.617302811444937,-0.5636022550153696,-2.9294496956344855,-4.617302730353506,-2.0326136030955935,-6.410076659164676
-5.156041481953745,1.050634285021224,-2.0405395527015147,-4.599709598809488,-4.948454646370939,-2.4397762592697303,-5.096534127817867,-2.570045661593346,-4.525907754152643,0.1737524947871547,-2.267719141570498,-4.37258587711519,-0.23161315851590025,-1.9428035606448726
-6.644815551732899,-7.604340162078136,-8.425948216638682,-10.295446176753785,-3.9087141691000546,-3.378130417674279,-4.060047201607729,-2.0910921475492765,-3.2259376171440324,-3.685227689272521,-7.425459230657711,-1.9799396510466893,-8.936171285476382,-6.731853900687974
-8.959790236876813,-5.477918508350586,-5.3106638872752985,-8.627260406324531,-3.32971846110881,-5.2625656259942275,-3.595523987694308,-6.117754891211886,-3.796654084812479,-7.706219967977657,-6.059464001515494,-9.152119595306829,-8.926954118101781,-9.784300122057918
-6.288550337893325,-8.024740735261718,-9.109101590352331,-7.78059322064279,-8.6495224688136,-8.001244946359595,-3.7592812949557484,-8.431813764160315,-9.73973292552647,-6.5542690284097995,-5.679566172224105,-8.057574090406263,-5.968783375214296,-6.602469995926519
-13.1965667571294,-11.700467197967965,-11.830015902887704,-8.958294756190421,-11.267111677974837,-12.394934475875816,-16.341894540147784,-10.103913624568229,-10.157845537115152,-11.498365604734829,-10.001268774332791,-9.732270723897187,-5.609169018054729,-8.200556332874017
-13.742672403409152,-6.597655381329443,-11.084201068216872,-12.148531183737827,-13.858953187966883,-9.145136078184423,-10.392668409898706,-15.980038684962661,-9.75254746515879,-13.06697593341231,-12.319098846623945,-8.688527359371719,-11.681972811626558,-9.605441797024293
-9.955421883983412,-8.981642980547695,-9.95692414903616,-8.960394649837838,-11.216147687105313,-10.705904066586598,-14.18048136484147,-13.459763358022855,-10.421396315741593,-12.220289410062502,-7.814372714543855,-10.716420324835005,-15.092696518087378,-12.445426038570691
-13.885894201514095,-14.72572289741108,-13.293166474369986,-14.195845258530671,-10.165720514799279,-9.136053883961313,-14.94692611114242,-16.13326933593468,-16.814097684069402,-15.459924013637483,-15.09152864400651,-15.337609160437754,-11.005574872862002,-14.521398764568191
-17.616689099543255,-12.224846523376172,-15.60322628191615,-11.831455553803423,-20.03661717519342,-12.025216465967533,-15.414866723999793,-9.520548810114075,-13.439757990606566,-14.984832619277677,-11.434467600640367,-9.805863723313545,-22.17192305882148,-15.706016213922004
-15.477704534523733,-14.456437735445453,-12.372164097777883,-19.76979679913414,-10.553113338808798,-18.152854239468326,-17.552718116594576,-11.506175786579536,-16.144087260823373,-20.42599733908463,-20.68872937128071,-16.19881303489724,-17.411771837024954,-14.199034919308193
-18.54715719631523,-15.768385170833573,-15.094366931070653,-16.645559651346296,-16.359567937613658,-17.162375575522496,-17.937645188634768,-12.89431241312198,-14.290616072320056,-18.68092570815993,-15.15449102394487,-18.491958319099005,-14.423826647859215,-17.808350218114956
-17.99805231122253,-12.216322283415455,-23.71320964397118,-18.005331873330253,-18.15683961858623,-15.248928636651023,-14.484842018376,-17.55221694981465,-14.059770911116019,-17.981072317353487,-14.692840052179024,-18.4700077791319,-16.443873282931992,-12.887247614790507
-16.334136591732225,-16.188380366721404,-19.602606849600303,-16.033377498280313,-18.76640173035481,-15.264405087912138,-18.243137576319157,-14.693716563440947,-21.973933276101345,-16.64397264445978,-13.244636976399994,-18.73499030044276,-12.887759352761979,-18.405910150120086
-13.503478534193713,-15.535037703202166,-12.436123612182241,-16.77282341191865,-18.641734647921627,-10.376016496514524,-15.705279569620071,-16.758425347190492,-13.076231948421558,-15.961740623900093,-16.79160921978665,-12.830922266836847,-15.643647509170654,-18.551794089954626
-16.924375467194736,-15.618870859901758,-15.105594613874512,-13.701213549940059,-12.33716815449091,-15.165329354184003,-14.256473838745128,-12.507282082606062,-14.749089975784141,-10.55998500108236,-10.839658835490923,-9.792665332799082,-15.628931499092197,-15.445720770662627
-14.132129663340264,-12.553838668916814,-12.714836100130753,-11.104697561592765,-15.636279219123505,-19.0653575822132,-16.579061172284195,-10.702612333434459,-11.770671852796914,-14.504944643291763,-11.853765889160236,-11.890467393954621,-9.089345731537374,-11.894002816379562
-10.734434428794197,-12.026065214351522,-7.1426058465367595,-11.059345868971924,-11.816358254209698,-11.78491526640154,-5.628309332123059,-12.288323403127972,-11.642659795145454,-10.115939930151209,-9.924274615925718,-5.511642541143302,-9.760552577795487,-8.737942557277046
-10.71877472166128,-8.412733981546033,-12.89421207036331,-10.764595382144954,-11.447663205925675,-11.557725981864674,-10.575233522969855,-8.377954682737194,-5.964647119529914,-5.943123441281662,-7.968293269351758,-8.782484003908204,-5.903240767793355,-7.896124102933427
-4.943901197038649,-8.11619444040282,-7.2029311208116376,-3.6065242976893166,-3.9957903492551443,-5.695864864633832,-8.93633112874611,-8.565708122389584,-8.065168631481672,-6.844504719296669,-0.19630790932934516,-6.340856047947171,-5.926838999985392,-5.4350420786797775
-5.3376702519756085,-5.821702855886196,-3.215166843933959,-3.153122007384857,-2.3500164650106097,-4.228573146524498,-3.7818217448650095,-3.367675198141132,1.4581981085502393,-6.699634213398193,-4.460056315785087,-7.231092367074501,-1.6806064252884503,-6.225259136889868
0.8259916084546963,0.03702350804316196,-4.966825028383959,0.13276442714160108,-1.8800382175417008,2.6162115057750572,1.5948835715009804,-4.050357334468581,-5.335796797486836,-5.493452684544664,-1.3308236313334159,-2.3323920967572334,3.7115932146925235,3.215364130335331
2.9419737477053243,4.899763797887815,2.8794291100588465,2.25125768704774,1.4775043199524556,6.099471011181904,5.258043288215497,-2.530035144422542,2.045939048878654,-1.1541109990750762,5.715695359121617,0.9820814349061833,-1.7129766644544873,-2.6549797833495496
5.478948175227498,9.891722368701524,2.851600567032996,1.3156385837249047,3.5014631708559856,3.720667510698359,4.483633422346257,6.710635669800362,1.500170398940405,7.523119288749646,3.8809090190273556,3.814411696623686,4.4407994203892045,4.395647953911686
9.353446280489829,8.401393200762497,9.788310835200344,6.348091657830326,9.3524531515671,8.08397996879957,7.052321155043288,8.824203190343809,6.304305545605129,8.095539602746715,1.0945423264713696,7.0208125936668075,4.039233402755178,6.2167218505946655
12.848498071655353,12.728264460411076,12.656824771891252,11.738058885917528,10.267706842645966,11.100686739500254,15.359801497049865,11.055191860514935,8.95620668074062,11.997984724163032,10.644070575972952,10.41886458164725,14.851135430348219,10.71590550321308
17.881734499024354,14.337660886005045,13.07755906291613,16.490346428245637,16.465223623551374,14.651179005628986,12.392498477969975,12.996886749052532,13.130103607852657,14.756927011905683,7.670241888034288,14.530707286178508,12.503817925517959,10.301956020208735
12.211956313567654,11.111526425120484,9.966304578113274,17.389795478402103,10.716890803662096,12.183202185157329,13.485877514456497,14.805232542129101,16.531457210131116,10.82957530805815,10.204077357541184,15.987439664960952,11.261105852521668,12.875034407625602
17.630522541778124,20.724413529048675,14.115021487543835,16.132499652257454,14.586376371702489,17.995819681515773,14.72746828910736,15.516946434403012,20.107158163492826,15.051623733531576,19.28708901679498,12.47095137311705,13.074548349356055,13.122323654556187
15.87388835828238,17.41323544864933,14.131880482641403,15.48242870573456,17.22766404842296,15.73008970989288,16.52806748548595,12.859620819355367,15.067742944320779,18.36024448587742,17.716623540387896,12.619255283240477,13.25433772276659,15.613192692751133
16.222126763515146,18.090917758537763,16.86938427976319,13.770311607820581,19.804052647994904,14.495357521969089,16.717218524418556,13.371390612326358,19.576237505953483,12.289808406985575,15.659859995010407,13.830761501413392,13.710642436077642,10.847226363156905
14.505706869900562,16.307808762728175,14.535327155340937,19.001530220249848,16.175458644221077,20.20206047096237,13.083814304169167,15.777488649034051,20.24345468433115,19.13717797842703,18.765213651240607,15.817362496291482,16.786126208778914,20.537749436124862
17.859239538593755,12.629541208115109,14.48511474023542,14.654646382545197,15.390259145254232,15.251230844710012,17.560926434083196,16.081174812008058,17.9152474442922,15.483064484822153,15.305308336258618,17.134494318542234,13.393547490385032,16.30959292708028
16.872615067012127,17.53402752231411,19.251085791622152,14.940232648983974,16.940960608854787,19.290009361254118,13.97802521332732,15.502662782237854,14.450657585783327,12.445797710560024,17.29002838921509,15.8534880064271,15.0406352647689,11.156494375171095
14.779781060435205,13.52406911241065,16.340503041475436,15.367325962570368,9.27702632147625,15.462726520598995,15.58603287227957,11.790470698579337,11.89783489110719,9.936117473002183,14.426580603845585,14.038052668193856,12.73499516634893,14.899033228204292
15.304122058429147,12.739108049958322,17.787821436756392,11.028496712396711,14.108505627936857,11.922888618685251,10.165106269668263,11.845269616842282,15.184240101185896,8.318890109082872,10.840016552100437,11.413219103756191,14.067844196114557,9.37518485408209
9.875123153815462,14.513332649125736,12.983484637042466,11.893226928361257,12.335549149075671,12.505292159382021,8.2942306707582,10.658360202371158,10.997665466282035,14.289678309814155,6.6791888523785055,10.027110130861933,10.849750279094565,14.2266102492848
10.935872650341967,15.757829166805323,12.755363416499303,6.990640122993514,15.174737327403339,7.241811812407104,9.815801644076496,8.13713473832521,8.774749910091227,8.79308743473237,6.354829339311903,12.239984139197317,6.294206677881958,8.02702910409157
6.514876985893895,5.990279958625048,5.620995519558358,10.1487769437499,8.984612860035853,5.713848626369943,9.187533702968242,7.283681783183337,3.6067882218318896,3.964794531886321,5.850213571033794,7.489748588920702,9.762606509111816,8.895318244083764
2.922087944746747,6.892222782291793,6.137288209485619,7.701829309279254,9.078729423311977,9.533095167181603,7.310741593094219,7.865426235618033,4.062818808646171,11.596871673248813,4.380474743590412,7.0977370657268875,9.023946532426617,7.208547749747846
8.506878578265196,1.8823523609093376,7.723812084158269,5.371396133085602,-0.2754662571368378,5.340537915076604,7.195040446916471,6.423962239064194,6.714680707436552,8.390295792500694,3.6608133499928694,7.512648197681436,6.301550241698959,0.7303718715324772
1.2911000110862498,3.477451444984699,3.0471587947222245,9.618778802648137,7.571715835562041,7.620900760971656,2.9840740731315583,5.66875647001513,4.890988635327107,5.167982545794423,5.644334740610899,5.797300706403716,2.339320115234861,2.800649729864202
0.47160800513193823,4.636349540189979,-0.9544928063775981,2.6196360186333063,5.177846433848969,4.52447755798535,4.780115653672447,4.155194021126185,0.621661228647465,-1.269183595963077,-0.96079482877547,6.147367241514601,6.0001488849120665,-1.1967007470602251
6.206511163320614,-0.16770259577879054,2.0736297301757856,0.06653825852886319,-1.2295279423779357,-0.040188860046018515,4.325348255998379,-1.3557052841300834,3.558713289994655,3.375968035495318,0.0722028342762071,6.881113992342587,7.5639079936962395,4.579888557933124
0.785271653751862,7.984452532370025,3.5378698055068587,5.505555994918531,-3.335656634938299,-0.3382713743648713,-0.11365844033450356,5.905479068174198,-2.377186303967109,-0.3379712254897125,3.5687170187557076,2.9185257432587806,1.9278256658201185,1.1614709294459817
4.035968927799864,3.7222797018559963,-0.18023478764190104,0.7558837585977412,4.622747956104957,-2.1422565741156703,4.617271438962112,1.15636263436801,1.4807525029905055,-0.6594188058978931,0.11731799269896415,-3.904550482038712,1.2475457995515693,-3.9516824615803032
-0.07200983887978174,1.5503316074392552,-3.417315803984068,-2.69373308564716,1.1834630738016394,2.2806495041634194,4.996784377103205,-0.5705706423451894,0.371395580048877,-0.4303021072086842,1.4497586470045654,-2.0063658181984705,-0.3473785132003948,0.17866757588504134
-4.311220743801133,0.5687856511064059,1.0350347661051447,-3.5328814854809645,2.004401733617054,1.1976127110583785,-0.01767617968505167,-1.3411487429634743,1.0726381187736802,1.1246187773781398,1.8925907375433868,-3.830026203082072,3.1322856092829454,-2.482286407324427
-4.624590924971056,0.5549582945557499,-5.110329039044717,1.225320926669604,-0.7334655717430896,-2.206845383954877,-0.3808318302412987,0.9600914099431597,0.4429919623898497,3.5847851408828655,-0.735418436252613,2.900854797221279,2.1187593141191874,1.345812719851016
-1.286030034320202,-5.987455017864266,-3.80076558456505,1.1075560249779794,-0.29649509828688647,-3.72052478523428,-3.568147375143171,-3.277584072209154,0.0713065386189693,-3.1351113284391454,-0.5045445952886201,-0.44799861203723346,-1.2876175818442337,-5.463534982013531
-3.5822785491443603,-4.05022280458099,-3.326385809829363,4.409049567732398,-0.3627470420405301,0.5636105603869281,-1.453479126542106,-3.416220806854893,1.7730780153418477,-1.2218601354895937,-5.988717283542671,2.049916195523296,-1.619235582575461,-2.582214123037399
-2.724257778874173,-3.1487231290246798,-1.9403251081626423,-0.19947970918642444,0.19675135966847312,-3.196178390582506,-3.961725098559345,-1.3032170707620871,0.14731954505305023,0.9969609165186721,-0.6052310619299872,-0.09563447125451496,-1.516966728747824,-0.4640086891715507
0.22681572554615181,-0.6630713574936657,-4.453006465283806,-6.312670467115894,-3.051937323468204,-1.5635132532100724,-2.3222691235382666,-9.854719826005406,-5.357669905652875,-9.247712534993465,-0.6602412441122989,-7.33256176041661,-4.705908128252535,-2.6075012393645585
-2.1834920198090186,-4.77495953548571,-7.264236897279797,-2.488205705914236,-6.474907337779735,-4.040600395020231,-4.418691655181574,-5.790530269031805,-5.863597901226667,-2.6192828696035235,-7.523760950610455,-5.949507905017844,-8.761891401142398,-3.9603998583190645
-8.60056651548619,-4.0805840689415245,-3.5459003769062445,-3.483635867922236,-4.911350258356501,-5.048939204507622,-7.151072703091955,-3.5273263915244417,-4.346945098523086,-11.706477121172949,-5.227740709140434,-8.498848260312391,-4.29445699545539,-5.046977871380362
-9.903507969766993,-9.901560661378957,-10.853682446117027,-4.922670417714913,-6.531139532130777,-6.893009392065127,-4.289059784000544,-3.8883525400547927,-10.251931582862749,-1.5577727370337486,-8.160663795625682,-10.770360915753155,-6.720657807163203,-3.662847522640227
-6.142529786746337,-11.397227082359391,-13.614893521700285,-10.222937770078431,-8.93982317206159,-13.21648718636899,-8.3314033122956,-8.69858050708043,-9.083033387728253,-7.159545376069095,-5.942878585446193,-8.611787507887522,-9.030912888256436,-8.026289654313063
-14.460283538454137,-11.42006657605311,-10.25092683185176,-8.024532262073944,-12.378407645140015,-12.43963733887344,-12.386621803654718,-11.042077781409489,-7.776534834896086,-7.647745784640631,-12.500559005787526,-7.306600420075173,-6.9788768625232755,-8.449531817158094
-12.185629848489935,-15.022096377462397,-13.08025429341734,-12.846497585219472,-12.000409479759263,-8.739057468424368,-14.385421115676605,-7.579878953015623,-9.526298822267519,-10.582827901961041,-11.256287100025546,-8.89999747317868,-8.273137849352059,-14.723177316637084
-12.399170276328636,-13.921059936874661,-7.492768328852632,-15.842416052384507,-13.93408735532278,-12.73182078708892,-6.13964247474422,-14.214778342082958,-13.707129265178073,-18.65925505383259,-9.406595657371863,-13.074790040702798,-17.684572695500894,-13.453784363732774
-12.430676395665635,-14.500453984373731,-17.963186284419923,-16.058071216861745,-18.178466139012365,-12.714133779269723,-16.033543248495718,-14.254020766447482,-18.419413709362743,-12.721473978822589,-16.652353872554986,-14.95287454166921,-14.943028867527955,-13.102435899816955
-12.11845348124433,-15.311544643970416,-18.258777348756958,-16.93726401861285,-14.811935445800344,-17.95219882246113,-13.707523930455615,-11.624214986997377,-11.40835274242156,-18.630332095848985,-20.982698411356207,-13.986203198476007,-12.85161828171328,-14.692877389510706
-13.443106944692623,-21.578392580478706,-14.775877650655993,-18.308799102716428,-19.511163209250945,-19.179235181726266,-15.923368198024956,-16.383275590040796,-18.288943100602538,-16.4188107313109,-16.00731487943083,-12.301270853600462,-17.58512013932691,-13.168482540012084
-17.08778743407412,-14.627761591211064,-17.15577239838885,-15.535621078520458,-18.988006175788186,-17.65029826953206,-16.761421031295825,-14.60376631372296,-11.758525878625324,-15.886938228341194,-18.175987702687458,-16.420801495671256,-16.445497045069587,-16.967232092314624
-19.572519762012277,-10.725507570596337,-17.915091547597264,-16.419158072859346,-13.281359671621821,-18.466101754868465,-17.907349082153292,-14.49040143990743,-17.434014270744566,-18.605398285381597,-15.594970999868064,-17.098386365982343,-14.54809908458638,-14.268607939547657
-13.413404388647718,-13.469661449513213,-14.037545701550206,-17.590504566998607,-10.592343238309086,-15.95008357874734,-11.953867379284636,-11.907100280677321,-13.406504001962237,-14.667483806363686,-16.70789052816392,-13.294057742324746,-13.585450727133926,-15.08388916333207
-14.098594866706131,-13.156076857305905,-16.840951713762898,-12.884017042570834,-13.443050926669997,-16.944821022505877,-13.74025603522412,-16.886500300052166,-17.248366449622058,-14.640260326514383,-13.996331360309714,-18.509120413331782,-12.65492242268582,-13.855399159732945
-11.451870027548035,-11.548597784368095,-15.946889053913646,-16.188131390321278,-12.322471300599569,-13.226716855367227,-5.809394940845679,-16.830862256386744,-13.861089056256464,-11.915275755114788,-12.56199640991505,-13.840657816112921,-13.848296222820078,-11.05478977507748
-11.75371514044286,-11.966986173465264,-14.17863267094277,-10.333342167429581,-11.485509464569741,-8.313861381580706,-11.786432336499526,-7.8047083990071755,-10.371444511615405,-11.524614980079953,-12.134721066856562,-8.695680875480914,-13.47788848930978,-11.407364360708858
-11.116619680095312,-9.309318118831618,-12.038025509305562,-5.401616932876781,-11.181345521171888,-9.122416686963208,-16.408037710648678,-11.57844008510061,-9.624895357732713,-6.581524830862957,-7.611039510076698,-11.926300202599716,-10.892447361821766,-6.987355156377574
-7.707149550739989,-1.6727946333183068,-5.090208309205514,-9.78829725180596,-4.138534559807251,-6.21636125467291,-3.04240766765984,-7.211530333408019,-9.195923948857965,-10.40733978375897,-9.84790554094727,-2.159802890660333,-5.832500713282932,-8.612399716804164
-0.20642882063882828,-1.0481854517097924,-5.267650612490761,-3.0534921213670323,-7.887691923449857,-1.8900915372986165,-7.364687736489495,-4.017302545399974,-3.3521619839842036,-5.022178792463656,-4.856066121540808,-1.869678961378392,1.9216805339803327,-4.859412423194567
4.055149570999057,-3.296539596389887,-0.7525461274319002,-1.7556697529321306,0.8525573575329058,-1.3602402597854137,-1.09591775944199,-5.488887901194047,-0.628027844982251,-2.0783496760866953,2.2866020512196266,0.17215340188155448,-3.6264787708350386,-2.413283902611158
-0.843847448743066,3.3992431807373107,4.361699185143026,-0.26879527981298423,1.5854379719083804,2.787988008502105,0.03005179624336618,-1.9267080071681075,3.7996694019730963,3.332678631508541,-1.4867035534393693,4.812211387373706,1.8308906130411817,9.23086765413625
7.35079362161075,5.261077201427486,2.1561217439979865,8.319592986751356,4.332359161208431,-1.1285375203530563,5.412464789039191,1.78010217845162,4.068014778174875,6.672630135836666,6.497390170739031,7.474959673232171,6.830322987169615,2.6486041103635607
8.328034649548078,11.503992822170268,7.329646705610317,8.28114197222309,12.473834004250305,9.086619013910239,9.307614427845905,10.318201601094602,9.772499338123044,4.540247457064032,9.301648369106672,3.6841311577965214,4.141482795582513,10.540236120060586
7.512618748552335,9.750434774070035,7.8788830859916,10.7288438687935,9.20117434095,10.244178069272813,10.185559407463378,10.849116999234198,10.248007548633336,6.452275044071346,5.789380390843272,10.531795557982562,10.382045388277191,11.11631447756143
10.0892872363749,15.545940535985798,11.415959301757358,7.427134600859057,11.309389845006434,15.757799515925536,8.449815696511134,11.0257354973803,8.413619576807601,12.067591196089262,12.632228488985449,14.625086951066201,12.538152857554138,12.34875216540729
14.132087198600324,14.048332215404965,10.342673761184614,13.892882055335711,9.642811855275674,13.997302110775234,10.855905183287579,17.8286641410177,14.269614280873686,13.391761940269832,10.003288503303443,20.682619151567543,15.470892921759514,11.201132095096733
16.697788952044128,15.57756542167985,16.04559684007736,16.010436593900746,16.33115819262555,18.955586443671354,14.357410479672613,14.296181664668168,16.056077749031985,11.58235721834308,16.67699375277053,16.402896794159282,14.52139378412676,16.546537338231307
17.565762311172236,13.89206897335213,18.344569240119938,12.076046654656409,15.26983798015628,16.830030746982956,14.776395471156848,19.785380748083703,15.108201572305111,19.589139737257362,16.103052038613274,13.159478977582179,15.037036142497238,10.713777967996426
22.490017513933324,18.14821740189364,18.430408533286805,20.082139139861482,14.40874516685099,17.069198020437,16.60051235689307,16.910024331293428,17.25388607488943,17.49990614372886,17.761703919526298,16.151603697131748,10.284964958637591,10.979236060841775
15.138217959531307,15.077921454423777,14.111353595093473,11.844821981130268,13.756314280740643,18.993715725192047,17.63562814044088,17.08655697906082,16.551955576976802,18.009999005584255,14.50083778662546,19.524632872923743,19.742353539518028,17.72909251979468
13.99784592229816,18.227273169382357,15.104868638743156,15.328958267308622,18.5411341255378,22.64119824302609,17.746764150893682,17.04969808226545,11.424613077291692,16.250033300727427,11.238604087897649,18.888033254009343,17.418668657309176,14.673973873099232
16.787308267645177,16.387117538312193,13.047514336509332,17.11508037372726,11.67624322374576,13.572558803527613,15.7275901736058,15.914420499247804,16.058122682846307,11.323199091130636,17.860536211981664,14.54998156154704,12.173877747531456,15.051428755791687
11.449204992160496,15.355811396017334,13.485204292618917,13.682487826793121,15.431794514387512,16.83467707416315,10.512890284496644,16.35138368865265,12.44059689907799,17.044088701816232,13.345532379513884,18.03988297287704,11.43039115419033,15.37045000730961
12.214373407852243,8.79972946656974,13.221191902096969,13.08711309375514,9.379640740055027,13.239111369860934,12.354076276912359,17.170412060601144,14.116148618532723,11.170450263326128,9.567616523717085,17.84161578517145,12.82604086749532,15.079017372504733
12.615760852901044,13.79441971000112,16.04937300576399,6.303743913352493,12.131810786715592,10.574746028901428,8.672946755104748,8.161781421921676,12.774861533391954,11.784159446549484,12.373341398509709,7.534015169250839,12.14876552666992,9.070918393658147
9.736813657544452,7.207605839465353,9.930166962137434,7.959117121852818,11.104477235830311,7.139536155517873,5.892454089700738,9.709803844582709,6.810289941816051,10.975253857144894,13.350562502387897,9.78384270200013,11.826739579164371,12.136974902796636
13.714077861274486,6.613152950444803,15.34467520820367,5.6282456292201655,4.5823675516612825,8.189508642796957,9.950912989738368,6.929957895932123,10.4737971496364,7.286639966310732,6.114251046883334,8.823051855447348,7.124248394582121,5.488821990448066
7.421858442370423,4.995268238947995,3.4757498210008118,5.319636660695629,8.848462415685278,9.76471396015862,8.830694534395246,6.182513517248736,4.614069898684226,5.649514740770345,7.684289252229574,3.893645196998224,5.03023002582965,6.389082190312816
4.2277778239124,5.460870088143195,2.0558396948459627,3.8929220511850056,7.089576720037653,4.749812107554679,7.4374521260097755,6.972676593555438,8.401044420363453,2.9614738337993574,7.804397020039368,2.7250645468295542,5.992029034898654,5.467854871453236
5.9203824828348255,4.565138066680644,3.6850233095847917,1.9882971933651636,2.8855723061181977,5.265060312127269,2.4866798138110293,4.522968067834174,4.504573497931322,4.234039744542313,2.483315757130609,4.410396968671391,12.556447695555317,4.15730458824794
2.9406581617460623,-0.32542758624653967,6.612644227148644,2.811071750495669,4.479773067651163,3.689363345375515,3.68328128517776,4.261995122962073,2.6352361158529027,3.1913162619210667,7.652847733054452,2.7035208564066253,1.3830131777660521,6.299412040716226
3.2352320607325904,3.065423907211085,4.521815083111264,3.9891646250411665,3.859637889805587,-0.03464324407990471,1.5404765769327362,2.7168271835165356,0.5239120808223023,0.7290759864263354,-1.1501779858770322,3.869622218782379,-3.5663486586791446,7.270165776794403
3.2046372633316893,4.834899061831937,2.6820238213086753,0.05074601066493378,2.113303346781738,7.945692452234797,6.654035264427089,0.5918803901635846,-0.6282816198680501,2.3651535906649226,0.6427356749796554,-2.228809929532532,1.3249931168751232,5.8974820105710535
2.3722081576455727,-2.4905708910439075,2.405442402078704,4.435965405351819,6.269818564813981,-0.8470958588091475,2.118746954123382,-2.6620872261095068,1.5104749536001845,0.013958839025865588,0.6644428321662672,2.205391770778079,-3.13698818364202,-1.1940556985422086
-2.817856242003203,0.8880516156107543,3.762119260161616,2.740023338301397,1.822513146888178,1.1505635714739102,3.4676159368225257,3.8434744949696014,-1.456666161581432,2.3069970585768944,-0.5206514463729714,3.6270573678233973,-0.0438263368319286,0.27456870153062973
-0.13679115245211085,0.9654358535724974,0.06120942246810959,2.8606939721375455,-1.7145389110538116,-0.4002864303252563,-0.5145903707575865,-0.7811470706937851,4.47849722919104,-1.7029135822065575,-0.07479959204388674,-0.00510799588010602,-1.4529019831340297,-1.0141770867405346
2.4332592382682616,-1.6159177858061275,-2.9741745938934754,-2.292691768376822,-2.1369380836540786,0.5225651307847177,1.285377188323423,-4.368837849686901,1.6438435603175534,-1.228947111689482,-2.068142083802714,-3.2180602718038918,1.198912028301101,-1.379041441573761
3.414789084156499,-0.09286212185962373,-3.069729845622778,3.2168835205703092,5.33531751574713,-2.554302399313572,0.5315376281157458,-1.9524174103158418,-4.83541056005097,2.593462092790603,-1.7210309572607743,1.921407014768051,1.5692962175507117,-0.017678664750974127
1.775376073926144,-4.144386000928107,-1.5190721267358829,-0.43139357338551365,0.17633977522963518,-4.543673912257894,-6.234910153469975,-5.018550026529084,0.4627914150637853,-3.232572286487648,0.18219917887320092,-2.5815856284629546,-1.9067435826883326,-2.6589222643894166
-1.6049210480757408,2.3540936069653915,-5.8367396856640426,-5.29464361356,-1.136293342155651,-7.524358429994346,-5.3470030174556955,-4.100196415052717,-3.4120483611816765,-4.62303045946023,-8.801600150237876,-4.414371211269232,0.5682732520776401,1.7850248920342118
-2.595947746190324,-1.4912970288558896,-0.5785788836142354,-2.709332316853115,-3.677772011735115,-5.72163857944312,-3.244021803108614,-4.232863110705762,0.010805191258932645,-2.515653273406943,-8.629377993305374,-7.326150680417258,-2.7374136585886406,-2.616303724526662
-1.250962194983258,-4.832533171178996,-4.9568138779713635,-3.6450485545854017,-1.5299260114255073,-0.5144608353440496,-6.669349826772801,-0.9142246381725312,1.3476675135352263,-8.637197997340456,-2.6871487904503577,-3.1033844270186437,-2.284806228592286,-5.004251587700391
-7.171743715126709,-4.761657030890101,-4.651097756750692,-7.5502745150938875,-11.466387969556564,-6.633890179835966,-6.047418448307064,-6.970311382043,-6.784530550892774,-5.693482138015804,-5.281196155519328,-5.387734155937384,-3.7800272035114544,-3.1655617364399675
-6.399012286227302,-9.143327950512234,-5.765598396020479,-7.180931039985787,-6.667645739417495,-5.801510116038518,-4.063354173638752,-8.861352722605092,-2.9532695999613026,-5.042602757967998,-5.677236237151731,-6.731459117715733,-3.1026636155044756,-5.6677760672971775
-11.918336587515146,-6.953984045339287,-10.161451138396778,-12.93602989243507,-9.844173278241021,-9.817188701176017,-15.137121227340163,-7.6149269210569095,-7.448346060091388,-9.066980803541657,-6.789430127208402,-11.126232154586495,-8.061240502835982,-11.582072031701594
-10.004239354021234,-10.309173455441993,-6.7156502172005315,-8.234122755815735,-10.324992694204425,-14.46410008780207,-10.524527742508111,-10.651254453006995,-7.961037808029098,-8.687896970191913,-11.481020894323652,-11.664960513722356,-15.247545159017092,-9.994480715701938
-8.702694695093026,-12.949357143860574,-13.86800976126723,-16.365886286355064,-15.541607694292022,-9.26041408663863,-10.96527537617558,-13.244218271567865,-12.16848622844021,-8.943307943803578,-18.061521058828774,-13.159447410389609,-12.187665289667846,-10.532815629389706
-16.39374293326816,-9.9849214934372,-13.217441979644962,-18.509533715653184,-12.348041270490505,-13.56339319661308,-10.29016597124095,-13.225381815710865,-17.217317185558315,-11.686340047430795,-17.47867838056871,-12.220176449976119,-10.138830277423185,-9.472297897114384
-11.810545524529148,-20.095822171031514,-16.447009378659107,-9.4385671981962,-15.537928291065768,-10.658737000925658,-12.93071122942569,-15.720587310043278,-14.835587510148024,-12.627393067835722,-14.539860172531746,-11.362008114044624,-13.335289842741124,-15.838120900022115
-15.44324588412973,-17.274906467490528,-16.32369593235671,-16.43182473119072,-11.896521033758503,-16.315464205845473,-13.799029630806551,-18.024666243851037,-21.260763137488127,-16.905992823152825,-18.16173003505722,-19.83223190695594,-14.671944537442316,-9.093428970393836
-18.890055166966988,-13.05326955391545,-13.685007964178306,-15.665320300169807,-16.85524792413068,-19.971025396918858,-11.500033253668278,-14.349532670133618,-15.917408279616849,-17.11363458591883,-15.678729031656623,-14.272873930361943,-18.109495440167418,-16.389270603915634
-19.473043290352553,-15.605087003058037,-13.122112363043053,-19.830700443852475,-16.047046856982053,-17.279246849577707,-15.889904942359198,-14.62563739353414,-24.50662638121458,-17.47787790107055,-14.803377827348625,-16.939218943147406,-19.403947794512508,-19.503749142382453
-17.501688813780838,-15.769726784699658,-16.958721722367823,-10.258427964694617,-22.669252756931385,-20.346040029556924,-14.96604803708421,-16.278966100511372,-12.75848026635498,-14.485712627342416,-17.425604551569563,-17.261274058054553,-17.970445131675554,-18.672036223030485
-19.402753236993917,-16.404236758991146,-16.2065936588469,-15.129260818560212,-19.179173028614073,-20.64580339178379,-18.476434039421815,-13.832858102455674,-17.434803247784135,-19.90730642485764,-17.64364062597032,-18.796473954178904,-19.06431792070336,-17.61028213902345
-17.77205123408984,-12.895629208268456,-14.724381678591493,-17.422330863602948,-16.865551425568512,-11.789527105907666,-12.167259624058774,-13.508118700805644,-19.12700631460919,-12.3261286387648,-13.861618367650452,-13.677629814570441,-13.04519847979997,-17.2833464433472
-14.400300895927778,-13.732984957279397,-14.07803831663319,-14.895833170665558,-12.369312587819023,-10.450487298905447,-13.08822967550904,-13.29359627837403,-11.009262608015483,-12.014344690300124,-11.881088058941396,-16.450042477644956,-9.901667476749884,-12.330327517931341
-13.188885035450486,-13.111347120680838,-13.75220868297037,-13.164035667199208,-10.507588015202636,-10.40262603576221,-7.597219008072042,-12.815636233388814,-9.847287092276765,-15.521378381189813,-13.566797566665576,-10.222601704012648,-10.723974988838341,-9.050613883658954
-8.834140213797298,-7.658056740027433,-4.361818283154813,-14.717035409478918,-11.249122824599441,-6.861952758300275,-9.378254623355604,-3.7449224107597257,-6.430752501885847,-9.715306923892497,-6.195782218513302,-13.49490748289382,-10.459801653357285,-9.650326112534156
-11.444466051876091,-8.394333787286138,-7.881397816482623,-7.2245990917560885,-3.26397726654762,-8.478187841669826,-6.8825080532260206,-5.104044423089916,-7.8712096482317335,-6.241653797454059,-6.994582065677857,-7.063020269568656,-5.84340087240192,-6.600938494242259
-0.2550143794437183,-0.6495249116745399,-4.562531585430828,0.1692279654916975,-4.509102509711842,-6.333691800790399,-7.744336194873492,-4.714316137176331,-5.022326742615279,-4.460360054495538,-1.591685256242072,-0.10348583571150272,-6.199909875631892,-3.7564248814451564
2.41791480487557,-3.8537767004509345,1.915031658399922,1.9535551506538513,0.2765126465578174,5.4483787757166215,2.32545179999258,-0.5518251443562933,-4.24413538241048,-3.4012060766992587,-2.1738626914386807,0.5542555680947494,0.6084283849248495,1.5359866583034054
5.302770368268764,-4.197554921224903,3.1620935749967876,2.063464830691578,-0.2879201975325594,-2.039893559912207,1.3702241103624677,-2.116023728294821,1.2511075747520144,3.000248066278914,2.099204168975205,5.330930673024552,4.383898239849649,1.8894943875187633
1.99063149117314,5.1653792684056485,9.780014852828966,5.2263359261219415,4.2895569820413035,8.740399697628021,6.491498697242907,5.3398528444141204,3.6228307455949933,7.474545012256038,6.586239084024852,4.5937022273790316,8.189116244636278,2.298826853054256
10.620288062027978,7.887464201536345,4.679987044474551,7.410323700158183,4.229943709320748,7.76573383928259,7.256712383011011,9.411231927716246,6.472825453116436,8.082371760430373,9.202933964919822,5.440135932479301,2.6177798197542783,8.482861758167058
10.183257767924482,10.999661800533907,14.653985179554958,7.353522277381005,8.644816049179477,9.7512746045615,6.751385482271336,10.892916688812786,10.497437836884068,10.879520440388582,2.4451472771674254,9.58816731224615,10.65558824918253,10.465283986182005
11.933811218434396,15.011266651717493,9.01795513773751,7.6838664364279445,17.84444938416916,10.273772549751355,9.668343814226692,14.16508518400802,15.86218339913238,17.63141839385608,8.545377239307808,10.694899997744127,11.36046688491883,8.35380381764529
13.00441932940955,12.689725838690933,17.454432788466523,10.076863557720532,16.934786826508994,13.015129579590306,16.29588405157086,16.398473227310127,11.97686391946302,13.317599067284558,15.835888461682053,14.224144721045214,14.285543301025415,10.784859284509485
19.43150568816365,18.54253157518791,15.866634467343918,11.963555604801634,11.309786976164995,16.505708128880652,13.886015335480502,16.38740337231789,12.351101885828768,18.48233909097891,15.476701361409306,13.892213236047212,15.146391571261614,19.538345683129243
13.273020350146313,12.225767365438248,13.884803644470997,18.756782081898663,19.029653056780692,18.926419321927806,13.824932007422838,13.814292441207677,12.418129208816747,15.367475711172304,18.70225460182571,15.264183306210038,18.831418554374025,20.067668642000285
14.26291823136551,16.558869325821536,15.656373546225288,14.294833380947093,17.932078462471857,15.397312935317533,14.803638385169997,18.098002120630284,14.483147648902834,14.175238981621856,19.11347471361691,13.471201705778277,18.03822292197627,20.6109777046539
20.237692260615887,14.344615210613842,16.74627086681176,13.358816745993087,18.752925914285193,18.164904416363754,15.930735269437502,18.679530667138305,18.73306300742883,15.260443956609455,19.66660848179573,19.55551439349017,19.69187427608101,15.67105335071378
14.314890687520478,17.62414523447212,11.28421108945732,13.276463961326083,13.34432798429647,14.812421389014048,12.483721853718372,15.073604416105898,14.726697452919032,18.033836779614457,16.4482610107655,15.528157753154577,18.096366944938307,15.748881277023319
17.387307055153855,19.035215626515544,13.317439088893792,9.724919543936299,15.853770883733207,14.669910687257252,14.978053219096395,12.797819682506002,16.916011738037962,17.48528167627875,15.110894053537406,14.773032575126063,16.23697896030903,19.227819873237536
13.143395418418883,14.163392799661608,15.791305700718167,14.061169870040645,20.183002822417805,14.716473398789441,17.25927253646132,16.955423011287074,14.870930835240966,9.147282436197251,12.929651605840455,21.524308739316965,7.7878569524832475,13.033017838414041
18.761188077327716,12.835699550649922,6.895754986422184,11.75788043827994,14.705866987363502,9.984008749470037,15.812948698959275,13.665910059087924,14.170273779085354,15.455147577687894,15.859258556767081,15.378005247355418,14.781416997111673,17.988490618876266
14.52743369552591,14.236751480443578,12.127973039369111,9.756262859479897,14.419119462094912,17.122706752997242,9.586989749395828,10.72950993945083,12.420965131263168,13.830198125294396,13.621799812520946,12.00842085168338,11.617554146110123,10.712825815257458
9.325159064596209,4.084452296541615,5.372677721093139,7.335146830003609,7.968705758475485,12.754025332838964,6.065738334318769,12.115481378553127,11.301133542290835,5.989857576197704,10.268240700395191,13.209608057859432,11.559608715888753,9.338143250256014
8.352640610126892,6.364042697391403,7.262042669325141,9.90353385143182,6.9275566928021854,8.777295027992718,7.432709540424804,9.486310956078405,7.415636338778803,6.949165985902688,10.224332890836752,6.678404118300719,10.15999106767421,8.023764897177562
10.6267357637948,8.897405020869261,6.092128087491363,4.616142765101273,6.444235235465238,9.20828644849964,5.790251021898694,5.122559450226295,4.558797512578471,8.198806684104243,1.4976708047047271,10.242051989125402,8.381522002782269,7.475422636330788
4.188021276324935,6.9141887291005135,6.581209052670073,5.856085144800646,9.59708900853977,5.096301644422072,4.804257172276243,10.75530034535754,6.047895924141199,1.645159947894757,10.906550371845297,5.923615186902296,8.356176034897915,2.773583028318841
5.105147441917947,4.507789849319085,4.444453839316233,4.258836760893946,4.266904297416603,5.120187942375574,5.318882627291101,1.3282406695994107,6.153148057184865,1.0807439912061918,6.026640212774721,3.110225723101501,4.462173242320591,-2.822662628418877
1.7986916648770483,2.758864600142825,-1.0772817402349748,6.796592653054555,3.9091046811977224,3.4393761876530906,6.074808223818438,1.1298233512934996,6.877441295136389,1.2662993671563205,0.8300650141489223,0.750266715384063,2.7150939717454317,-1.5146497899516023
0.34023444346139575,1.9625822388524656,1.0322494505368722,-1.3487963643499272,-1.0380231622249845,5.592963718974385,2.637229336321515,3.9552906934983696,0.842882260093017,-1.903619359010035,-0.9110515457246109,-0.3591924001986766,4.977261992572654,2.996179085922724
2.0389701068276,3.972380885318298,-2.1507706492495458,5.292833785782849,-1.3366584762796716,3.2546534586785545,0.7728950884885146,-0.28334448251967226,5.656845905451434,0.037105105205264444,3.759302187150678,2.416996353957332,4.120163957886885,1.7949895184058533
4.04283784628271,2.015072420106545,-1.6830431889721043,-4.379393043853763,4.486601778313574,6.107100568803155,5.798498802580962,2.3905212361617707,-1.2151545398218193,4.525232084703357,0.9630769446844072,4.455102758718756,5.009784401835512,2.18496314348996
-3.4837407763983066,-2.3800649434557024,1.719789167752688,-0.07531575502644194,-4.443657266270733,2.9033400017696556,4.388584995973537,0.5390756530816772,0.7935238459838146,-5.198082300259847,2.286962664258401,-2.2122097653027017,1.5305131085977677,2.4356964245581176
-0.6511928427527413,-0.707208898781758,-0.4276749248434376,-0.005788749038167479,-4.432958219598911,-1.6033094182949257,-0.08422838679854608,-0.8960728829706512,-0.3991733853290928,0.9005261817421609,1.603209335919686,-1.1032515453738378,-0.15753521276966587,-2.6157194949657185
0.674997205982625,-1.2839786100164159,-6.708189465788157,1.272923226944216,2.075486342117844,-4.415223277616281,2.9888212083595054,0.16435389563632108,2.117303992482846,-2.681713622501234,-4.0784880754040005,-2.7429667725008775,1.9624935723437742,1.4631799246174968
-4.948204337032152,-2.6665394760546235,-1.4094039587399398,-1.7690688787012792,-0.1624396103918999,-2.3428869561796133,1.229336827506509,-0.0588356101718015,-1.0246952889293286,0.6999651218310636,1.4531535932076403,-7.496047873858721,3.6924275012221663,-2.6087430491729835
-0.7134753284452832,-0.7674638544358883,-3.3980842184851356,2.7450462385356467,-2.417533449647477,-2.467277907380514,-4.377728204111348,1.1505301194192272,-8.013413573064046,-6.1053251266766795,-0.8283513805587059,-4.173274854117023,0.9033518175505293,0.22790274062688765
-1.146732659324115,0.19757119810535517,-2.784350603931178,-3.0762898839423194,-3.5982970885758063,-0.19908401717272417,1.6828291981370764,-5.332058954744796,-1.918813989060248,-4.362876857616564,-3.562073392485969,1.613605791290782,0.5317980198679759,-1.5297683806109885
-4.638882570929368,-5.782344566087563,-2.9313157416759412,-2.6790535277795238,-6.6464928018079235,-5.372985416320249,-3.8281247239776386,-3.772395820965671,-8.74569967078525,-3.4328314171816983,-3.1250320511378367,-8.730177877646103,-7.718895320000298,-2.483608511590293
-6.084990890698419,-5.895244800997445,-2.057508777674494,-4.136333616642846,-7.212375784639412,-8.647339086858327,-2.913797703479358,-1.8457640491307399,-6.789871438216183,-5.973849282706175,-5.870419752718473,-2.5596930921066092,-2.486573354758736,-2.850761943245416
-5.377833787428438,-6.2224051248580565,-5.232771966522658,-4.070912533088193,-1.2765636857327776,-8.513416211053505,-8.775230738142088,-8.255994325000735,-8.107267343175657,-4.874449044147332,-7.183791286523395,-5.3797711076303525,-4.357162482879199,-8.554385443419608
-4.82937229042234,-3.33470338133989,-8.134159154970924,-9.107406610845779,-1.0065561819459328,-5.170303539631649,-7.061807604447336,-6.67417527319752,-3.010294351970077,-6.214178933830911,-7.866056833470994,-2.7304462336318656,-6.9096297840557135,-4.826031498927092
-10.885586157268113,-9.705239783685482,-9.336203380335672,-9.356655274820064,-10.55006772342477,-11.735422111735362,-7.272099935862648,-8.265229861047798,-8.755731968069428,-9.871392670431685,-11.99356971511416,-7.341490582260343,-11.999661552928838,-10.19702432326401
-7.8070113949536415,-8.3221792821359,-8.814092149815743,-6.099195608927593,-15.068365648185267,-9.536031494465487,-9.881371578465224,-8.128481266716955,-9.267925407415502,-10.629396939639738,-4.582370045505053,-12.059803988648811,-11.281323835350015,-8.42928097750913
-14.13654275560993,-9.892915255625645,-8.245082246182164,-9.566634861759365,-12.078865782540133,-10.638554031453255,-10.97622151849282,-11.644555669107378,-14.410920142959563,-13.762743147763183,-9.102835993349746,-11.997531652279873,-12.257015443900192,-8.625978216612184
-9.697443535536554,-17.201285322033605,-12.169089565993689,-15.306312412072401,-16.46263929716907,-11.74805626009498,-12.287239661090767,-12.117738240907617,-12.949133686999003,-15.106920160283101,-8.884360179371324,-13.818927602882932,-12.33590047848091,-13.244632775724464
-15.713084699099596,-15.285522191357426,-12.347977463154399,-7.973609110042024,-18.044658486346016,-11.799183435501877,-15.595268820939449,-15.449165403242683,-17.98711607006003,-13.090105665592588,-14.52709815100834,-11.999623585385216,-13.44412506239823,-13.574998819155905
-15.282386961904137,-13.896752401178823,-12.695175239175008,-15.693306669160457,-16.507145878460218,-19.490891243413834,-13.018503992684813,-13.621039326356778,-15.295788927858375,-15.620473260729115,-16.420919604399153,-16.353759135951385,-15.47598844481931,-14.239055387025934
-17.513220339918178,-21.721335369927367,-12.51521823044838,-13.084342511075967,-18.656252932570048,-16.578969596051238,-13.83452165709777,-18.098751160316603,-16.86941617357435,-15.251912118476383,-14.628273593293235,-15.988511340978407,-17.284734160503042,-11.348376541661533
-12.391913454880628,-10.803147285773647,-14.769389955472365,-17.945531147099246,-11.827804570748391,-20.21480448391753,-17.896988163709363,-14.736408815819523,-14.641946677305928,-13.69703537233337,-20.956849158744177,-18.529999911176994,-17.005666376817977,-10.647260550328333
-12.902851603679656,-22.178450388521384,-17.63914639396645,-15.628660879500528,-17.242240484958423,-17.38325391251291,-15.48520017451068,-17.52330459887124,-10.35013097759294,-19.086269913334903,-19.29180373942392,-13.335112999876955,-18.02911699594822,-14.31842476196707
-16.547355164660008,-17.75089357846816,-16.686927484475067,-12.09658804235393,-22.457481792173784,-15.098541252164617,-19.30847286199516,-20.245471718973807,-15.771846673998569,-19.992586153157692,-9.553482039490303,-18.244155799125256,-16.406998964560568,-13.099238590829287
-12.222746049795617,-16.626373038804502,-16.108934183869806,-15.114899103245463,-14.806980130951887,-13.620334080783122,-15.226936800339116,-9.412325618857778,-16.64859508167235,-9.59392963424068,-11.699797791865727,-17.498114413134648,-12.161454692978108,-9.728203299140915
-14.333875633989576,-19.114821928738586,-17.841505206684523,-16.705604429725838,-7.466001386945198,-15.262451755448133,-15.882370761907742,-18.24645852173247,-15.720126965937517,-16.477849100841425,-9.788194923644351,-10.21067126067539,-14.700681925772557,-12.622942357056468
-9.445044432519284,-11.491638311706396,-9.711425379933626,-13.017355312580145,-16.864994191750696,-7.060626642279815,-10.765107063977537,-14.06598396594261,-10.50387718352501,-13.628759176447256,-10.985354755956228,-14.391586098388688,-12.108621379727955,-12.704584508707024
-7.698236049277026,-6.197264386227358,-8.2996071191914,-13.389558397498817,-10.718519611078587,-14.50664147886792,-7.569811505894631,-9.888330726218083,-9.455427616363895,-12.068184498821072,-10.840646053193144,-10.310785925845591,-9.568426111806403,-11.236565616531612
-5.225882069876501,-8.949065942357981,-7.290386503253539,-9.239066353639267,-13.018292805280927,-7.264174552924073,-5.373315218484471,-7.865436560616251,-7.751575122246168,-9.200564170279291,-8.139311481124896,-5.7305911927434146,-4.416945408310275,-5.330279079178037
-4.575260315344269,-4.14274675643522,-5.375173182806261,-5.39874271379891,-6.5331721520630985,-8.17990043544033,-3.8099780325078876,-6.697707494271139,-5.1359743044973865,-6.976715601908037,-8.517798477647746,-6.957308113007246,-4.086670760389773,-3.5515307848686137
-4.933463674661428,-0.19445578125699114,-3.820369045688542,-2.2260266014008057,-2.2743749988004116,-1.246212004836249,-3.988302135346685,-1.5979779102616567,2.054927514129509,-0.35018232289328544,-1.3982084507148944,-4.397704173986541,0.441209787024351,-3.5911575158482867
0.7559871638252308,0.84517588095293,-1.3834546970972423,0.7986589823978352,0.779496913629275,0.3533263876587507,-2.3057762019400165,-0.6057269404716255,-2.5424930217663,1.616149685479268,0.061691624644325094,0.2924706853942298,3.117374103017574,1.082029662962251
-1.1438077560777504,1.8352874978247296,2.779889731072119,4.070724698176911,3.2860523671391295,2.3515951679752995,6.748939030600058,7.49851964188232,5.590123860209223,5.664284785950085,4.185461496409455,3.745472946735264,5.792091502138199,4.794558597587749
10.3555745948376,4.929782534769668,14.572644429576155,7.120937815915773,7.49147980608279,4.539102464599242,3.5832811746700552,2.81940614652527,8.859871095422855,5.966960019210646,7.5011017407680125,6.777297313217284,7.795472779372283,3.6209836133321827
7.15776954815721,7.074518137063111,10.950780585083486,12.518573090565384,8.134572586841946,8.480574556308373,6.710528028801343,10.809451430261014,7.3390683891938835,8.366193273442097,12.370861048719206,12.096247825176295,6.753822287547875,2.6367318380539313
13.2150556399312,10.19138822204566,13.632137175999668,10.758363158899048,10.891680480558605,10.447872999349197,11.23768802509545,13.666179992189692,7.9166308810642825,12.258073119407248,10.592823762748072,9.716680608321841,13.800449550960177,8.939085876217703
14.409143907974233,13.55065209341084,17.390016127822985,10.9616863103333,12.81235267420397,10.876714908483345,15.7672112554414,9.068723697135926,16.602237102464652,13.323633913987505,8.331523814805388,13.291002330534408,16.597508104704833,18.353377892054553
18.59954779657231,12.333309291274762,19.8692728942856,16.45205596742164,14.317200472181055,11.902716914297017,13.425829620521545,21.786038229998947,13.860895681354421,14.38918588889721,16.189830052589773,16.225576246025522,11.805773860944262,15.752746432936716
20.829840099919885,15.409952863360356,14.185951972747787,11.928086491215693,13.903944405809428,16.51489854408022,17.11219668698079,16.03875750404971,18.851233627481253,19.150181685732157,19.741623247070752,17.36985340929012,12.299117101375842,19.732099769900852
16.99926090850539,15.989639448375218,11.407737254534734,15.627115776139496,14.523298651327181,13.532577823906244,10.946882606464147,16.461722493165908,19.05143620115567,17.15511782922303,15.567163003897258,16.54766292319013,20.47231800864203,19.339790288950866
19.992056583542396,17.525364494517603,15.119148162926074,16.970670199116462,16.506791691677375,14.868007969391819,17.083333677635572,19.036647094708627,17.749845004726335,14.409181376379346,13.377878049162494,12.453676759357169,20.375562712078782,18.512821856121416
14.045492075671879,14.988306752014724,22.452293279760863,14.707304818297915,13.387625653033755,12.71794280632118,15.844172063085027,14.48202813472269,16.77960819407823,18.63065680497523,16.560591880615057,9.661676547963113,13.997114411209097,11.850888887329612
15.601582967981837,14.15654617963641,17.838715697524503,13.32376095911772,15.295192985009917,15.682587502328971,13.70760025742875,16.996951831117048,19.471537157950912,11.890584565902527,14.631636354932839,16.645765069058736,17.967459701309522,13.997930605007712
11.944828220043517,10.464139584566494,12.288106708484388,15.734011812702333,17.92189650619846,11.336629239997716,15.570631295716767,11.59622885464968,13.533593814161645,13.509779385878103,17.114860886233064,19.806997150872874,16.25453184820735,16.491783118872924
13.811769017019767,12.984365257874693,15.802853156859967,13.19457478334941,12.548889497508112,12.984710835239312,12.479509799867419,11.073342917585485,14.802445294554255,10.089560577821596,11.047369915269568,18.359490053673532,13.45081057028756,12.252736996016276
9.356353273982705,15.277853180059232,9.040510925966398,13.145444540260915,15.39275014913481,14.86994695915107,10.764619398099972,14.897819756447438,9.338016686543828,15.017142563037163,13.658352219909048,10.254391525192453,10.065712951543897,12.185619042448025
11.525786259805788,15.705006940652433,11.159127481907444,11.063396252313106,10.741284546401575,6.22664931409835,11.305205555000967,12.688860937300394,11.295895076912922,10.344475150459898,7.358381491980804,10.135993802642181,8.49867972407782,10.83292309166016
10.169562880667591,7.1572042521292465,9.68996673040613,6.88628470171157,9.7881390072745,15.772252909794396,5.436520850309853,6.1994906435205355,7.849699381768424,9.695677701225192,7.188555739508136,6.245197140201102,12.47550290280626,6.985035753998036
9.010046283093192,7.001735754430855,6.478678983580008,6.370855632842638,10.294502051064491,7.9797061903361906,6.680345804353165,3.641000943915592,8.36936148547888,12.119252749979594,5.158997275512504,5.344614974746382,9.125262432122224,4.90088127461782
9.085667837466284,12.788527141492512,9.159764326004169,4.901688354826751,6.869183611012341,5.724439840308842,9.207770084262645,8.614766425292352,7.01767567621563,8.855318855957286,7.300710046864133,7.782258741154466,7.636003305844807,3.7617740155052735
6.978005707812628,4.849322841832423,5.854773857315837,3.8267662162632985,6.308551706008105,1.6581990147841124,5.35253328519883,4.306706544588709,9.311103559540335,4.848113423039103,4.421279301517409,2.1577725684521356,2.6422800610267547,3.9786442530340613
1.899063289367652,3.096792079930035,9.171827597690868,-0.5577752482053748,7.058484407069178,0.9952287545507792,3.5463142084796226,2.1591356500061805,4.78445486762135,6.0320960708054825,1.6090044562713224,4.040162289275229,5.363879088344332,6.077200299431583
4.455392284982702,-1.5843978974318,3.8258597783214485,-0.7210557266712936,6.039527060200941,1.4083125757029742,-0.6963677878901358,1.7333762009290483,0.48346392145645023,5.427096512591162,0.638699525738911,2.7878092487568775,2.434876524218431,9.283001855584086
0.5703178565184888,-1.243310278381292,3.1857861998449293,2.551549768289201,5.513080986262517,4.5182406874740275,-0.05103280694033052,3.229651385161242,3.8895782571508315,2.9172854867394538,0.4891411280316098,1.5326312406642848,0.3272171427910868,4.2588825017248775
5.303334631309081,2.162221905673094,-1.5282446143077615,5.737305793088026,-0.34349580258122936,-0.6620218938181379,2.224322272687503,2.9070812350362836,2.697247835691788,-4.370159603302391,-0.7824150957159,-2.5096464833896173,-1.297112778618982,-0.5186512082172059
3.4537757332300445,5.724800622323226,4.044581954882805,2.0972980607657656,5.078552472807811,-0.887535131904233,-1.2705788972024759,-0.7856769217373205,0.7941799861147296,2.5555823381719263,3.886702947947261,-3.322278802872774,-5.567962206061926,-2.694430154685148
-1.8652747351702519,-0.6078954229635547,1.9840596966270116,-0.3227117550777382,4.105631021439448,-0.1716962740513394,4.409767624199995,-2.055992659855633,2.3238559678205655,-0.529430073837231,-0.7917687540824259,2.6999940093206383,-3.8255478546932826,5.583846007703401
1.8699211292565352,-2.5201782848408945,-3.761541445929095,-4.427212043239425,0.06081296559713667,-0.36593898473422903,-1.9929724056135505,-1.3716421452982086,0.3684162435693741,2.5746103991537144,-1.7498988234389607,1.5551884501013813,3.743796034497292,-0.5836069056753074
-3.4045922754143083,-1.913598682608811,2.3715434243503566,-0.9871754742898345,1.8822007694930063,-3.283053468452166,-0.8056822639002161,-6.917780413974889,1.8821678377907678,-0.7154224005314835,-2.305382146869378,1.4701571251549908,-2.280958465744545,2.4678557750577075
-1.206553571729792,-6.097910185081186,0.6796422795044581,-0.8446220104716827,-6.914811052019133,-1.7168476561650048,-2.0554925600075227,-1.2533140122994118,-1.3410630959873164,-1.494658933188412,-1.9624317634923791,0.4710045672919536,0.9934732522573597,-7.022358816242954
-1.2996920066502733,-4.895206392643976,-5.1494210773262665,-0.477141798404473,-3.4626747419926387,-3.201005379076063,-1.899834035381698,-0.5046773557220037,-1.823218902915686,-0.38783411854838334,-2.0208490931277168,-3.805886400760917,3.482008613632366,-1.6716953096874498
-5.456043876179323,-1.5123231806515782,-7.524308200896958,-2.672987538180805,-3.3641851578655864,-6.469502461801623,-3.674318323401609,-5.640772410000354,-5.904614502359172,-3.9404511436541987,-4.8770895304253745,-2.5238756232887187,-6.269435289840704,-4.226023933853293
-1.2747833573444898,-4.312569412247917,-3.7387735297408633,-3.600687239891101,-5.967337273761945,-0.0022415115548133357,1.0982984657036088,0.6541051294291336,-2.6119802699504273,-5.260805212549891,-8.239324234914434,-4.256041769532283,-3.2833790250200865,-2.812603647661539
1.4485364229508875,-5.645234262035604,-1.6788862794654542,-2.6851022651171625,-6.218986479727912,-5.6241340888007585,-7.681412319423194,-5.0998283894730525,-7.528093682901801,-9.194964079907443,-8.900845537857023,-4.067270293338359,-5.473716177264717,-5.248784377748676
-4.052143160458973,-4.531652149044122,-7.0822727480315875,-9.237062683943831,-4.924684018494655,-0.2843098462750717,-5.86165290400081,-5.613504363167946,-5.214587517998849,-7.436855532658046,-6.669501167490131,-1.2208277981483935,-6.487990119950772,-5.498817070246572
-7.863577592130375,-5.029292938676932,-6.571620179165114,-9.8113798703509,-0.6866619772876739,-8.711258895991527,-7.313917932044681,-6.828845026300944,-6.052577354088459,-7.697583326894556,-7.1763135482934155,-9.426177229415849,-8.355966386802024,-7.40946855775725
-12.695416942764883,-14.237667530468123,-9.618758538881055,-9.93882204700877,-10.832228861881244,-12.28220538545477,-6.92857506226352,-7.122600607902596,-11.484428575711405,-7.992323180491235,-7.555053221221199,-6.953315427608253,-11.240512396531567,-6.493329787322434
-10.605961203198758,-12.859344750054396,-11.185193213031999,-15.431799573841843,-14.491070515524331,-12.553504086676721,-11.398334365913698,-5.90711271720065,-13.16641166802638,-9.805310093167936,-14.013413919850974,-12.351601915833616,-7.924917352202317,-16.082923136486755
-14.03745787014413,-11.5219578349954,-15.986137426627236,-13.425847153525691,-12.99347763017157,-10.196403449846155,-12.458830866695871,-12.493184994514523,-14.327256177993123,-10.206658195509046,-10.925268711486343,-16.305770153781438,-10.231360311149874,-14.961613110976892
-14.84000650531902,-12.751988752139942,-9.502665087060313,-15.779033524842287,-14.62911069681593,-11.835516823039784,-11.043898129779208,-12.314113149320077,-11.003002620863887,-13.676672148491761,-15.590612325487267,-14.731911892211953,-13.93445906539744,-14.651519854091136
-13.007154434662889,-16.940440022012098,-16.75197517518875,-16.72457685870717,-14.119453299686137,-12.850240423867568,-19.030566082884427,-8.641801327348231,-15.16997893218348,-13.02128617307886,-12.042894471247456,-11.980127652941814,-16.914369110330668,-11.32720275406282
-19.83819784503455,-15.2314406365382,-16.79482741262636,-16.287150053335303,-11.45450754900427,-15.867260596401517,-14.551883994711709,-12.538079209770435,-18.531645545524537,-18.659820834059154,-15.3280751967539,-18.394464285827773,-16.1152080519675,-12.282547503380757
-18.132943617764628,-15.631561738344267,-13.824751916180777,-21.029751503579426,-19.222173647339012,-16.983783078113554,-14.532363887290048,-19.479474321008635,-18.04609369488923,-13.94986532067175,-13.154216728433942,-20.717444831598968,-11.781786724998046,-13.124353074506306
-14.52788157713736,-15.284307750998138,-17.402673308170687,-14.977833662923207,-14.581712784721702,-13.853511617534597,-13.800039243915354,-17.777518248968597,-13.063486452264641,-17.835962856520283,-16.238118190888294,-16.19838722197738,-16.185352262982345,-16.816967765239134
-14.058569368989625,-16.438200671721237,-14.988200876684747,-17.758853709702056,-17.49604378387087,-16.170091085600873,-14.57366917682336,-16.22670103711174,-16.48439423257197,-14.392127579382617,-17.995425987228877,-14.421794169393237,-16.54037931643987,-15.865854713894517
-14.612142085203146,-15.05879164214136,-13.269058078863496,-18.34810940097792,-10.645164071035673,-14.103256486895779,-11.052488707137748,-14.420370369186877,-12.327098242219783,-17.48802140516617,-18.04027889336353,-14.67012025364159,-16.529752217648934,-14.156956869415245
-12.922167231319143,-13.723204415547908,-10.939892514697826,-11.824324766929912,-14.544132535225115,-13.787161219836578,-14.455201037631564,-7.830581410978996,-12.734926695500498,-14.307827997203422,-15.255150609327467,-15.846289188052948,-15.176885188879844,-15.750232266030949
-12.78808846192211,-16.824875591260824,-11.311960427180875,-10.876886148060382,-14.05930234928808,-13.71952111748128,-10.903542816018378,-15.861750442161503,-8.249958317331366,-13.29284817377722,-13.768979918800582,-14.45811943814368,-13.722189483302419,-11.340149223898079
-8.055322037389132,-7.532084337150621,-6.721896146371385,-9.732887176863246,-8.313143410590829,-10.860188324668723,-11.471564234012297,-7.2873806395291325,-9.034529279189261,-9.838571151176541,-14.100193778516676,-15.00378941988187,-10.339255524115398,-8.147524392601081
-7.486368893352392,-7.377570453400605,-10.544207972490497,-8.429940013902959,-6.41997690776156,-12.075338965233161,-8.228914852372727,-8.58581641160546,-7.0641750373668115,-11.54914073792205,-7.867050370069806,-3.9911714071323128,-9.891748858583192,-3.8519503193941844
-5.178923250639989,-8.498094814898714,-3.8688880979801032,-3.9679769261341478,-5.142023574549633,-8.92194619441851,-9.317273558264294,-1.9440386678875554,-6.717148248232835,-2.779682621418242,-5.075706053169056,-0.9983035674332577,-3.78738156250688,-7.6563770989611815
-1.7823616561632916,-4.003056975616953,-3.8386812625562117,-4.711527511266819,-6.301585104689756,-3.7711969441556823,0.05341827294568935,-7.385374453184219,-3.481219777872287,-2.827994625429879,2.590052573900156,-2.6433111016180675,-4.147495552091283,-6.274122194619446
2.104096336730803,-0.7135076506140883,-1.3463076747387706,-0.2606076216838009,-3.0780661234728925,1.1633937229733773,0.360189480912067,1.455229470284043,-1.1868426193713013,2.8232664631772773,0.761930051440542,-0.4134209123767656,2.789594806936803,1.239996729506675
7.0820949134213365,9.250897635242454,7.810438902757447,2.981179459885941,9.135124302014889,-1.8758117842983713,3.9397327518570826,2.9100606314342037,0.1945652692999551,6.700156427906652,6.172340736308945,3.1591477120069023,6.291078980972122,6.108243198670548
5.159324912399595,8.171055215244484,5.5659827008030955,4.4732667262548595,5.114437833614968,8.231003736413877,4.735925028914481,5.805752144161137,2.7846961032965267,10.719043933820874,5.363819400219242,6.897886031162061,4.422369568520789,5.944511986167098
8.192917829784944,8.025760248811107,8.787874314161863,7.758270326736412,8.445941347809065,8.37662910626794,13.397705902337082,6.917562030726144,7.547404029795664,6.79565819046387,8.042937090467436,10.680129898128929,5.6647134631136975,12.90239021692562
15.61196851470402,11.531105493675517,9.063921361338563,7.923174696663195,11.966717404082823,9.951932507618157,12.242101895524875,11.23822455091482,9.559265794412656,8.856915718490601,11.310237429810496,15.558901748681713,11.75887918349677,8.90894969753909
18.59908883284521,9.286276055663734,19.574741276395716,16.224683241444158,14.013489142901243,12.957479017199258,13.031145571540074,12.650167290752476,11.343394844873245,12.453324916906132,14.402859716323563,16.715655178101287,12.726189470149162,15.251863885399679
12.517489898913762,18.456561064394915,19.424522034536487,13.015917151957133,13.983173464956863,12.862075774880829,14.459088712008594,11.95319210244242,16.84433118178708,19.784018465818328,15.099216782463877,10.993814226333008,16.915645326494474,17.732910140317124
15.657526233493643,16.349863457092233,16.997900340235322,16.264140183886735,18.416495299644236,16.442686486155786,8.174584802515913,11.20296166033043,16.469438328337112,9.88398176673724,12.065088634808674,14.313964119981822,13.746625593150842,15.463565852823793
14.782155273054267,14.6349447475453,15.857842214555252,17.636375922150272,17.861731544471944,19.801890999087597,13.11139268855504,16.633041972301335,17.464775368813413,16.473129237388886,17.824662259603034,14.633793248895948,18.329084884207944,17.935993023752857
16.218595989625822,14.971580160478963,12.472204674493247,16.526638154600164,16.898742563283605,13.829828542152095,17.038995446518836,24.759562820317868,16.221607221900722,19.154787373268558,18.23721395743591,13.074623796385081,17.736590213754464,20.184059324720558
16.86829934389466,18.046696880416768,15.501716567137917,14.496679593440966,18.10930788719713,15.526097574891432,12.745556291013873,15.150769914672143,19.952434029955075,11.295158659549923,13.799639242152987,16.787375334179558,20.106222118410912,16.900175698286002
14.424113449759348,11.792439740543507,13.644302448411322,13.847444433574122,17.11122901740887,14.992000653429876,16.439031040691443,16.83277178016481,13.54176335257244,14.231399720674789,17.128482834350667,16.914011757463452,18.514590913058235,20.506303334531676
13.314284590655777,9.815105348047847,15.164841592429356,14.152224562534848,14.434065177129785,10.856466799739149,14.42339940717963,14.083994410687458,16.00072347016468,14.078160015610415,15.6200503027159,12.085010183342977,19.11930021133706,13.867104109915337
13.082777583883775,11.692002127019757,11.794397815794412,15.973505125995676,15.00363868231409,15.723798669772965,16.912186209666373,14.66141290530317,10.454752884004083,14.627493723631027,11.32865187382833,11.010074765935538,15.769916194101889,13.455974404265172
13.705547220375388,9.28843629316661,9.435332621060008,8.63868835186784,13.220400771281598,9.629029637736013,14.650781163972333,12.934686672072639,13.83350612434724,16.195298317860775,12.991197404460067,13.653340456660512,10.568488147199233,13.868994517354727
9.39665065066571,11.126777885850146,11.409590680122154,13.323592561010948,11.601657516684833,10.148716264034471,12.266969198226318,12.908547361458252,11.557509454875579,14.149467872170113,11.770084410971958,10.475622500716316,8.053797346250938,15.992887203855844
6.14693311319952,11.44848037980668,10.312819879344383,6.168279998246856,14.068537445716855,7.701281125427087,10.368865017984927,9.032451665507654,10.857032367810357,11.912210277366386,10.246384387264133,12.715480622750894,15.062723548007426,10.919257967507084
8.354781718295094,7.744858730209177,5.575920176562805,7.555860220124279,6.909971141626109,6.277072849639469,6.5641951056320815,12.647259610133002,1.151718294436181,9.43598465074432,7.889418605539072,8.399920513235845,6.631001060605699,6.107232575098843
12.943514789499739,6.801378726531268,7.839870959106316,7.180527793199128,3.113366781736664,5.163243279775698,6.458813840281514,5.48350778630479,7.571930200076955,3.0940395720111473,3.1136777785777126,9.802229510808978,6.651982889250417,7.652773582618074
5.556777493021553,2.0622422092140336,0.4134630201087637,4.4221810427682255,6.733813924072172,1.8799425474627602,4.93097105690088,5.743261967463203,6.312210801058067,2.873306674896441,2.4340322810719037,3.6965359419871495,4.826293148064387,6.640295904915085
8.371068937297377,-0.46557700266125757,4.151424169774053,3.7246843349490644,1.1617975049241127,0.12362693851197903,3.6252363327779773,4.428616028119207,4.501430451442389,1.3291821840618483,3.1639425023888332,6.183160123089639,5.947076599846062,3.3166746988957376
3.1006567530591806,1.4638686024087755,3.1050392611297366,-1.1875102766992303,5.180858790262912,0.49267598501714627,1.4500356369308744,2.889029748264756,4.057968170247932,6.081535487782148,1.896373528134648,4.799087982297559,6.778246195071556,2.7946353908878026
0.9672091715633928,0.7763038665610036,6.162367116499397,2.7465063936735707,5.632690979214523,4.729158932511251,2.9914165243940034,2.0789225233858475,-1.914994830633327,3.3419350186779555,2.0910938172404077,-1.2040534552920166,1.3543724034604472,4.16428058675441
0.8039693308322281,3.578095372727436,2.839171797249781,-0.5218342537418565,-0.7727359418798345,2.867029122033438,-0.9146428856691848,-2.7887052737281928,1.562540502539168,-3.402680347490723,3.251271058936237,0.8930227498687751,-0.5413708259370957,-0.2978378033702116
0.2590269229127167,5.789592939647905,-0.693679701559615,0.517528181187529,-0.8251398258984715,-0.3408622583597404,3.212265686896018,2.7778498516583,-1.1444969898681698,-0.6010789477834773,-0.6055249342453133,1.202487101637526,3.0333243208906278,-0.8857566424766361
1.0086812949689667,-1.21237827512486,0.3677002292824463,0.31988760921120973,-1.1618191600653596,3.654810527649804,-1.1164181550141592,-1.4154549305143314,-3.745075982551979,-0.6386921595216797,-2.5453375952275947,-0.3893168070029658,-1.1808097859451538,2.2892104770170283
-0.15713907894746182,1.598848459095632,-3.116369303382452,0.5022241822198671,-0.7339319142129382,-2.573980729981354,1.1571608605429842,-2.558543895175295,1.0926949133981105,-2.495120721530016,-1.3184364297633682,-2.08312021504032,-0.21037456994635714,-0.26392729745623256
1.2703423818241113,-7.246514582408027,1.0812203546101007,-1.6310196916567024,0.48565370675384667,-2.8970774047779435,-0.3902775777283872,2.926897791206752,1.104957518964177,-0.2641695802172723,-1.3618599131435793,2.8867911542419,-4.175214443904212,4.163700309387217
-4.585922590619521,-1.6832704654981272,-3.047882512457789,2.8641933894523213,1.440433549335152,-2.987163222398375,-0.20407349565890565,-0.8646247658693227,-6.086466324263037,-0.9960231577566485,1.7809735228860468,-1.1577017701879644,-3.0091644010094316,-3.02499335373923
1.290266335520562,-4.690013947896411,-3.4799490094075214,-2.3219327340595344,-1.4519531275405066,-0.9376592390006362,-1.7744394688207845,1.4705580080125054,-2.413164985677421,-2.4777273869999856,3.012205803769888,-0.35914799615944193,0.2804837033116323,1.2897266652881614
-4.426440971312296,-3.7492454097869925,1.040095830263529,-0.41481716045076356,-2.7436137541967494,-5.376077917020085,-3.885193775203695,-3.6414748126069654,-0.3030120943981549,-0.6332471496870671,-0.7307566069128599,-1.4051408666433312,-4.342269576539981,-1.6625830432695468
-3.6337488149998984,-3.744416178923286,-9.810947582480463,-4.087928356301511,-4.423326144203375,-5.304425314753158,-3.9775258232606427,-2.6771535751868614,-6.452071177361001,-0.4186450588062929,-8.252105674122653,-4.514171864417495,-2.3189546418733493,-2.5958706604997923
-5.551288131180535,-8.428686362906767,-7.9533261272948605,-6.874631108599987,-7.096085699459037,-7.936258603855579,-6.430721268857312,-11.119819280393893,-9.767929668910826,-7.6143743744818995,-2.4289483062802866,-4.701766641075157,-5.437641670293696,-0.06965414441379902
-6.718338883817893,-5.875921103494585,-4.772850320058321,-7.515190427651228,-4.509608962432134,-5.625069544075431,-3.3409052643244577,-5.47051724355175,-7.644502320161658,-11.803968360589831,-10.057753377321031,-9.241519460454281,-7.142782547540792,-6.6002299529394115
-7.485367897105179,-9.177984673169725,-8.39412779597304,-8.91880528654128,-7.386860676927326,-10.220512343929988,-9.353150857724705,-11.787618974899685,-8.390894255786268,-5.001844024717709,-12.568674566639775,-11.360134440443902,-5.605917406077258,-7.944832363198182
-7.165169684987932,-10.562213156608674,-8.583719267147394,-13.763219797985538,-11.507718746195774,-6.365340774578547,-11.920673111779722,-8.381369497122225,-5.730091822385844,-13.205999503969213,-13.34242616661902,-11.974507514034794,-11.540760334575763,-7.462700033081172
-9.998416274445185,-13.048288449017484,-11.284588931366605,-15.318942928474463,-13.434958870833576,-12.693766063341876,-11.398089955983346,-10.556981161771361,-13.232983371700278,-13.773171889850051,-9.123762180789152,-10.229356421427669,-8.825147962031595,-11.016734966139333
-12.70248335240944,-13.391058123025804,-10.093585046676615,-13.380838296573435,-12.115150396079319,-13.967853088584096,-12.51794800661915,-12.053522784947539,-13.012042048436898,-7.446592669412741,-14.79997348395426,-8.650252346945138,-10.40370060923614,-16.166956530125567
-14.438732763111247,-11.955994486885851,-13.485675234061917,-9.998879518627616,-12.820396488302423,-15.07036420580661,-21.594116031686426,-12.437942616408526,-19.407204911698976,-14.903209946076764,-16.494307712722392,-14.577365036000687,-13.670330484819706,-13.657450446646509
-15.911553588686617,-17.729512595328217,-16.944039218728165,-14.818769765181141,-13.17486846695925,-13.856960183462235,-14.929668309429006,-15.279690894971326,-15.579089592095212,-15.554193934749982,-14.342143618220966,-17.408274440914287,-17.846637611043093,-12.522956016627411
-13.314596376983085,-15.482589435254965,-15.04804346858491,-15.798790812036561,-11.549252605428713,-11.361499996008032,-14.782318980434095,-21.636777720001753,-18.563751173672966,-15.352391177509444,-22.022079622589168,-14.842868566462718,-17.21886097399607,-16.946244706617843
-22.659920242046415,-16.36633009762252,-13.82073632585885,-14.503713166805392,-16.476928971465874,-16.021630607074847,-18.304533234443788,-12.580495488862155,-13.847907673291559,-15.086844849858245,-16.565199996802136,-18.35341351260871,-15.392890624491935,-15.312725523412526
-16.896145986338315,-19.017886146866864,-14.823399721644481,-16.80496102514435,-13.809697056807831,-12.510400536353721,-21.35833882074437,-18.699106651229858,-16.220911660734682,-16.922739677519072,-16.41882071147516,-13.273035117525115,-16.68041476718124,-15.423283004074651
-18.302983552200722,-13.935408116818767,-13.649614189885348,-15.4654643057929,-19.3619421421637,-16.458600477251295,-15.240370949211393,-14.848555638037077,-19.015248734813085,-15.67522915936791,-15.869612076757727,-16.580069297815133,-12.18897414259411,-14.52964478421455
-12.504158094293311,-10.51748248755055,-17.752082093677597,-16.75733727332839,-13.058368636310934,-21.201898690328008,-11.379544202054753,-15.383886875965944,-15.449730275134437,-12.349691511817683,-15.340599140934811,-17.70557984336462,-12.90128570812969,-16.323641691176157
-15.284233150677757,-13.559249991196708,-16.18402443888152,-15.4970573366143,-13.996024856119206,-14.259392229753937,-13.847331058841103,-13.863690863261626,-14.828103510731879,-14.639552696723705,-13.135384647531486,-10.742066946408505,-12.690424718315983,-13.709126701516261
-12.325786130401585,-13.04566786874373,-9.4440659719399,-11.929932512498883,-13.124497315302346,-10.394197549451786,-12.49020306441917,-10.652627941594467,-10.302942641319138,-13.257872588112429,-12.949264210547991,-16.21799041820656,-12.542551141577276,-14.535744403489453
-10.790694258859249,-14.951715679351839,-11.80278648107884,-15.260093111898374,-8.784991973633336,-8.085887679072675,-9.472630368841386,-12.274456756469114,-12.002662504920822,-8.709886534617018,-9.609077199046649,-7.395749548399152,-8.91707090156202,-14.724287134147055
-7.042903624047325,-8.153451215506387,-8.732146148171672,-8.316232808650737,-11.035968261827403,-5.802510384738042,-4.672785304366305,-4.304057963737579,-10.015307349314922,-4.453966544427001,-5.858541674205847,-10.15163396377432,-5.729502572062785,-7.379262343801295
2.3036887145503053,-1.7466912132864034,-3.0031394785445387,-6.801829341466482,-5.999341398086636,-5.690744719111375,-5.776245695500526,-5.012317763487826,-2.28267197263234,-2.767791682136434,-2.4414754651025,-6.849374366019503,-4.918597546575062,-6.114081731304634
-2.7136450040110995,-2.9325520172377857,-2.387323528847421,-2.6546632483310195,-2.210234614176778,-2.97285222036625,-3.3252853442664634,-5.272553971725429,-5.417469162192621,-2.7823485471224103,1.3332164522612766,-1.3602795553140032,-4.514008301734223,-1.5105881379449217
0.537460592984114,-2.16246145245404,1.639861078519993,3.059777794974518,-1.5514173238874704,1.6106696214493834,-2.7403344677996775,2.3965055701609046,3.6211617009075905,3.8069723422414263,1.9799761769751747,-2.0962989569125914,3.413196855934154,-2.4172569698519166
4.56499640718406,3.098869346715073,3.503883063922532,6.48588725307456,3.4059049572774844,5.254445795502835,2.792088754821458,3.8688614955100604,6.474236422763063,1.8131295403474736,4.32776647230896,1.7107951547554825,4.605930829708723,6.861532107442796
7.836710055783504,8.970770061554994,7.340419161946331,8.407691751887755,8.993049577339054,4.691960015223675,6.3690414047415,4.714274630024768,6.5501839843093155,5.689913191631839,5.868964012798002,9.862660901891653,6.903243984193757,2.0414546635770483
9.959940826285754,10.522302797394389,9.263746320493548,7.728953296116763,5.243202461287975,5.060883796677258,8.110805103134483,13.558991265793255,7.619704419015579,11.755236373566175,7.883732429912417,4.800516176238061,5.870661468122162,10.075225529100663
12.826770172861906,12.657851712895553,14.047776299492005,14.619228309390298,12.312834417002966,10.178602533924119,9.311839730250032,11.56261321178596,10.734981719554286,10.785633725759867,5.359832111185393,14.08441149315259,12.579964773170264,16.283861995171982
13.696944331752183,13.448099478470734,10.943682474268698,12.752740868272191,17.479153868570283,10.36772938682563,12.968744396835884,14.991788564018247,10.89136000904646,11.405203977797905,10.195908303500651,9.91591298750475,15.256629448047766,13.112297077667078
15.717415426538357,12.73641471692561,11.166375527371214,13.863557340644908,12.769341287452706,11.453252049631637,14.164439971231284,19.298550599113515,12.77723360931464,16.7324121978284,10.68565064722149,14.413131066892399,16.576389141912195,15.111485068848673
20.103864515823016,17.92256301374128,17.469935824400423,13.529530555188982,16.383521396583717,16.44354360159654,12.8876938452836,16.534799696745583,19.780250109349968,16.75593232618594,13.2386708961566,17.609885638653793,15.857599547990327,11.76834455267662
14.912542494646672,10.343349679420761,14.201655376586038,14.945395318585089,19.521123328849047,14.60886723573333,17.730499810541275,12.834377795783013,13.823618775375742,19.703375680219985,19.602183331593533,18.811142615357138,14.804526183741423,15.996539744613969
13.50631155338395,16.05436293857601,16.495014782911184,18.04075598650566,13.782087897768212,17.62869382241199,19.62977879665248,16.58114567583027,14.58870253118077,16.477564962816146,21.82446601434196,19.461697613480165,15.26843560732006,13.261487381420432
13.68517626281115,16.08560155096014,21.348565991136333,17.778867896966542,16.51993895887992,9.35871435830208,16.343080183625823,19.736626779823506,16.777626357819162,13.636077892034837,19.85465546946835,18.902335881284984,14.037873296988396,17.9818568941758
11.447720823995848,16.859267671895257,13.987400466532938,15.060893141854212,17.29253269556984,19.43848905215423,12.635561642096048,19.05974300168136,16.99075532847298,19.42858424911352,16.903327133033795,14.792512939536431,14.722637201470569,18.29701303507666
16.70361710199077,14.51565912259563,14.040376375968206,12.078030380170272,13.802391619019778,14.961389638940716,12.875105301305904,15.678439833072996,15.330592646878966,11.896615003956043,14.553631431510164,15.806999506140158,15.180990965791311,15.854052535613697
11.190196608801102,14.715818669614967,17.83356935158986,13.099969015857933,10.186165230865905,10.248096910892528,15.393180526543034,12.378478418644246,12.651511643844216,14.804791451149306,14.83584138753231,11.98001225136091,16.109383668897735,13.50057222390668
12.64909897632177,10.08843842953195,14.59837371150489,15.894498930694612,10.95016066972939,11.425326738736674,13.733173498847604,11.750518725332647,15.320960119294554,7.339724799255417,13.537849480968005,11.685161824478978,13.24316497840614,11.649392220382689
14.829317624541952,8.197566904576128,13.215053701589902,7.73784515343346,7.355552527294333,13.235889970893108,14.23763137079036,13.203273897923197,7.663868670261002,11.626955565988936,12.057407279500694,9.726998189020355,10.057714422430996,12.856177112043104
9.301293208196265,9.718890686419435,8.104240775578406,5.618621086762191,6.619710607318189,5.696089386134481,5.4841038603499666,8.678878516424708,9.023332470616111,13.362905383765284,11.547197144371767,5.7165300438633375,11.490320708601711,7.077071976251252
8.252004445709117,5.267589990512745,8.966352178853958,8.05871626600746,7.382615698272534,6.280125412066076,12.075172372823248,9.470090303544694,6.175234507759931,7.621570854250214,9.949368543037975,12.38107086882312,4.3341590940225245,4.653334491322843
6.602086440925575,2.8833522894193226,3.949323267473918,11.15327942153148,9.655535744591356,8.06758569711727,7.187193965895759,5.216305557199712,3.0271275702793643,2.408112680382888,5.480828497012716,2.8686746908388274,6.696451507990494,4.785119322466075
3.302149690671409,10.064043083933395,4.386503857116125,6.9762091016470205,3.9873388792607374,4.532361503857386,4.470123979301832,6.518938303686081,3.894806961109284,10.49922100527616,-1.970872021659022,4.668645244813031,4.419172777786057,4.118884196628923
2.22692275921278,2.7538360779270663,4.276492678590698,9.148547915185416,2.4389145972093846,6.294148530339138,3.3606177492322407,4.081352307004111,7.652802378890848,4.456406570781791,5.588613939324694,5.233834028616595,1.6672052839672893,4.063095124261906
3.8973966029333926,2.2348617512429305,1.2603696631712236,9.534056689378687,3.5594563120476552,5.33895111407856,1.4065163739513207,5.304602831568821,2.9813222752781616,5.32754859053944,8.256579600864713,1.1508412995380424,4.868477229408671,4.255803887009753
5.9247341026451394,3.485040591650103,3.1200033555545783,2.300386557068103,2.319286640118927,5.289457069878162,1.0357514520333937,-0.7402118682397396,1.6905634851867573,4.032463493781453,4.672385021159527,1.8283337467977787,-2.597673077670774,-2.7039508767730105
2.744921661771113,-3.4727030427360126,2.0135569028011266,6.498233021772837,2.6760839091922963,0.3037155143595667,2.1442998805886906,-0.6478516228109401,-0.20186512990157568,4.354656992218155,-0.004224382370103363,-0.8010952363925994,5.94464750331702,1.5969430523608148
4.626706076713415,-0.7600806415137138,-2.5160915961886756,0.2608822029274726,4.221632588448857,-3.8380421023189415,-0.46679175669239403,1.5778083430113576,-3.597618535722085,0.41214513117895624,0.5875299699935558,0.47697002146798373,1.6226840587521774,1.5766230283208125
2.3875835127704716,-0.1645525388598763,1.9765740395912106,1.9211339373851417,-0.8667328266153586,0.7772775775849765,1.5602831552469514,4.979221949436937,-2.4586092422228556,-0.916308876337956,1.1464520427580909,-0.2940050452087327,3.6916395460021705,0.9435476955458165
0.3001770164383226,0.09736817967125522,-2.496510115514403,-2.640967300267847,-5.443930681683995,-3.5956400376325544,0.5067387783995964,1.6767267982229725,-0.28852399843926496,1.7592804978101526,0.8298250769224357,-1.6642177047271938,-2.6686121085033134,-4.0788794452988695
2.5505395058989326,-2.7490416429248263,-0.35546913600295155,-5.382206010175265,-1.2819909789745116,-2.3835087918072326,-0.29273142327537394,2.697904689524437,-3.1854453743418016,-2.531081355124132,3.785917445843405,3.5382850830384416,-0.7361036735787689,-1.6693087173093462
-2.434114197490606,-5.1205741927,-1.9764233062620762,3.072905122352501,-1.7423300605995464,1.8489301160341376,-0.8220121526452125,-3.6920537785989915,0.5081245609944443,-0.4473025983660228,-6.333640640485129,0.3694627889423592,-3.5670313947547316,1.3141383824166946
-1.496515048586684,0.5410797007247625,-5.176220669989235,-0.13221966011595554,-1.0717533128128007,-2.9887407972790445,-8.079647498691545,-2.4767297718396244,-2.408542990846988,-1.5565543068697791,-0.7407157016975257,-3.3001448762374177,-1.7719700489506884,-2.6351655852334765
-5.532693102084816,-5.001286479824833,-2.3723553059487443,-0.9921394084067912,-3.5500404095212277,-2.7421695406421804,-1.9692421293283269,-3.0230918208375206,0.04507179324493027,-4.6935654711494,-2.5531016709235033,-1.7772946544421764,-2.896579872453038,-0.9020284598933683
-4.786996636183202,-2.725376993561892,-5.760827301891322,-7.027718851968027,-8.355605262737757,-5.492496794581551,-4.383622751956907,-7.737454477694613,-2.8731746788481436,-1.656495008478485,-3.715380286669665,-6.176415842953561,-2.632627186977339,-3.260178614461521
-4.572106197984225,-7.509343159526116,-3.071611122930247,0.36352920430315905,-3.2528166604154984,-6.47312016707143,-8.210589580547696,-3.7942693199508186,-6.3931142767732165,-8.357540050641683,-3.646391701600769,-6.221853245906799,-5.41795487631719,-7.339541580901798
-7.480044145692107,-3.5138873392391545,-4.1324014073302315,-9.174444541003048,-5.6151866115672,-7.021041582604758,-2.8143157549217244,-8.477612281677576,-5.262979688401539,-4.254577849919795,-8.79745437748677,-2.9482259082552096,-13.498524289894116,-6.5985958799133035
-8.183138925294207,-7.929777977119502,-11.781768090284867,-4.866751225779836,-4.937368074470735,-6.520729842671199,-11.181903684274516,-9.704276014472848,-10.161325831782197,-7.488734057992815,-9.170772617961473,-8.047697515924156,-7.573918408771316,-5.454159164592301
-12.29043482965893,-9.05675669720575,-6.269590644787283,-11.220460843782334,-8.457064985773394,-10.761730371932144,-3.7869986517799967,-10.088636099018915,-5.968762935135741,-10.466201512917307,-8.438420129336347,-9.130404713845204,-6.615648624042447,-12.305946949387817
-14.995866251436212,-11.495574452790404,-14.528640264007382,-12.168597462220866,-9.225922058237344,-11.122499831876388,-11.612260681013566,-11.73168968852799,-9.050300076723357,-14.886042432263594,-12.571513858828466,-11.217450464278356,-16.757407101090102,-9.477419946821149
-13.42365316930947,-12.952179559667263,-9.370003585128272,-9.748560616166202,-14.946301944134312,-16.425595899659843,-11.31212510980756,-8.578809775417298,-10.767178914879599,-17.499275246948024,-10.716219431963975,-9.711507125511389,-11.416291394223874,-16.314010572392824
-13.725895221595723,-13.557431858778187,-13.944672571189459,-12.57069249827073,-18.002751038784574,-15.300033857455992,-12.223525910523135,-19.710994442456386,-14.644023713490466,-11.850415977378608,-15.200557484792174,-13.66536295406149,-15.434978810468028,-16.431907625099626
-13.571846770270561,-14.931338006211293,-15.980045578476611,-16.4287189951955,-16.81572402293748,-20.249652328078156,-18.611033129071515,-12.681028136166967,-14.760802923872507,-14.905120754857604,-11.810669820884577,-15.113159395491973,-18.491906819083244,-15.986058726569802
-19.066200950724223,-12.404563639417265,-18.128859251483526,-15.30725204415071,-17.304563332149367,-17.78473102737605,-13.069778017087206,-18.11478555454771,-17.042656776137488,-14.150725730425071,-16.801453093700815,-15.283390408423065,-16.11506962856922,-15.728023935047068
-18.295529180374647,-14.935310743809495,-19.948114370760003,-16.518815012878186,-17.585775306371147,-18.56215094201864,-15.604786731925827,-20.391153916193844,-18.866209490809126,-18.036045491084536,-16.840631627532137,-15.455323779403233,-14.434434279879337,-15.640562325669242
-19.084906780584106,-14.116442427906508,-18.35705390872977,-14.795242897521499,-14.608392741918276,-13.941770669277382,-16.189664304734272,-18.34262169345154,-15.733236677036055,-18.509713175369697,-19.241435209422303,-22.672952772984722,-15.237573257566982,-18.80461568059922
-17.82957303984121,-17.059691484427923,-17.08907853486213,-15.226078661656784,-13.901393067420988,-9.94976833000013,-10.403885266397669,-12.07180239762078,-14.516856004058123,-19.61075972833566,-17.898801122264324,-17.86249045196104,-14.977509199655756,-15.512528455002608
-10.75808886085462,-13.273648385039445,-15.177674727772606,-15.138837965999738,-15.874481586656447,-17.404272830576762,-14.378865375855073,-16.561357839636276,-16.1205621310479,-18.15419936043008,-12.60123855499441,-16.33244334858898,-17.42371887196832,-12.024078604315433
-15.082878081075846,-12.342174316689771,-12.28063681224918,-17.284132264382322,-12.837051462796937,-14.735974695526302,-16.767165270149075,-14.352261059063144,-14.272271498629998,-10.972932330216523,-16.105442315596576,-14.525838702109798,-15.820963746086099,-16.697101182654833
-12.67178097123558,-12.952675791792203,-9.963923667175509,-11.645133640255704,-13.872830689962951,-15.89400242748318,-12.486147991591906,-18.78540283696699,-15.320752173578622,-12.815328740374664,-10.279666520446366,-10.08830850371025,-9.458328359328146,-18.476573235793612
-9.737302486772975,-10.354785896890982,-12.789667578568846,-7.912358976999315,-13.842937226118368,-17.63668680101221,-14.73987930154073,-6.2705475007973455,-9.892069574839143,-11.834071380238829,-9.197201129022572,-15.07012300323913,-8.663571318586843,-9.555261361938255
-7.5179327204692585,-14.458113262344,-12.342572837397352,-11.568971172104044,-6.712186456102521,-4.999791503157748,-11.179130346010606,-7.085376178911206,-9.41724292903591,-9.416839114554637,-8.415911610205205,-11.936305831751355,-8.450944924141982,-9.076048663850154
-3.5633476635912387,-7.082474912531685,-7.737715058718294,-3.182255477139363,-6.622550235532357,-4.0889563124318595,-4.61136418370714,-5.99863138894596,0.6228941952019245,-8.976389941753284,-3.3664737710430352,-5.331951513525079,-7.17031269700451,-1.4787295645948353
-3.267895408275301,-3.3941808667437705,-0.1833428868813427,-0.7261832017751746,-5.150654710726419,-4.950324169783397,-3.6217473759623484,-0.7042622027762557,-2.4335541570980075,-2.8769087413887426,-2.545088041022926,-1.3870698762554616,-2.289175249911704,-1.8472933550654937
0.9081791987552208,3.332668767511278,0.07800105449823437,1.5224093661883211,3.181783873924886,0.11409944428657944,-1.3088615752255301,3.054656436262873,-7.126565520962813,0.17700741809015924,-1.651960474847513,0.9297198846863832,2.691943756332646,1.9979901837914675
6.7862107758258245,4.002540554761376,3.7641314558696233,0.015221211154563097,3.550673009239673,1.383188960462463,7.117729499163854,5.158196249189302,1.1065136016565538,5.296114903911347,3.4637826815111765,3.3750035085739993,0.9664902753409339,5.4990003126661655
10.48149991508967,7.047423670729693,6.119311202862659,9.08853405231308,6.299569473423966,4.950100714022008,9.096181821699446,5.973909713377974,4.571386285892087,3.901913692740285,7.094327801587343,6.763593596121107,4.977205896245283,6.8351584710543865
12.712847370008072,12.13448182307036,5.884615345481407,7.306090055304496,8.317908398937607,11.73939248581085,11.611414192510804,8.696845545172373,8.822622298208735,4.490857775257031,11.632896106729717,7.987629920038771,7.620966863888281,8.434633302650242
12.223001228504096,13.00671150881289,12.5159073427393,11.202522950345395,14.76190344426127,12.295730405729106,9.374646103858538,7.434534072128791,6.142235459650266,13.945514949209738,8.170269100534078,10.31665839535792,9.460597424096552,8.541778943258866
8.02299330403628,6.19325766646149,13.980982460213284,10.666120475095997,13.285421069875067,16.1803368343708,11.366196082328605,13.715762052160612,13.024640648234783,13.58292670205386,9.094246595528604,11.99924916105772,12.418025199522537,17.38522274640468
13.035535952979096,19.732695366692738,22.014989689370864,13.076814933098955,16.15052698870344,15.76818391791364,16.71464080664894,17.427233968385067,12.260177375957399,17.5314964536933,12.732131155437703,11.584237275059122,14.006712471474417,17.48908138886912
16.366794378367214,13.455415700194871,17.492126271620933,9.442686538001885,19.05653643148545,15.462598949209239,11.557649730946785,11.967921879811474,14.025222588016744,13.91446349412523,15.50047991381986,17.996820909383146,16.893385987149976,9.923675263030402
14.103918754186953,20.547487290139692,22.4933348598967,18.614708770038018,11.729887338134787,16.384538327512267,14.720653133426623,13.5362973382272,14.400614050116388,16.185377144939462,17.954484675945153,21.73669692060236,16.12818628133324,12.399340097194557
21.072820310453835,17.56094463967431,15.09189556379081,13.434400587978734,16.44046694099405,15.155472085429775,19.237670183292085,15.942635229392483,15.73011011464958,18.20134526164057,13.478050892622804,14.339444761133699,19.03440455913291,17.646798600235986
22.117713146614307,18.16212889402102,13.525026710853215,19.853902414193104,15.57671325653843,17.424503953644148,15.403097307089082,18.218925687156062,12.475608327509256,14.472880393002896,18.83348924757813,19.950812807551245,19.849315583584332,14.304061548345764
13.168380982453925,16.082463157537394,19.171652789601197,13.557006290958864,15.280068849583108,15.296402251111004,11.748259253877993,19.192204864003664,17.388010387838104,20.26383559433048,15.636672111233116,15.177233633413241,14.487599702800662,12.696269964707302
10.456504010899895,16.37571329698029,12.529399451704602,12.372479721357262,12.24662544757,12.15813720911262,12.598921611963203,13.563392395872356,15.353387619602135,16.803313302002685,12.749608176605177,11.852920687327938,14.900327499518372,16.592323724279012
11.55150082880745,15.936663192947591,15.990040735465266,17.69660726462108,13.166526220683195,14.768193163829809,15.954495973975312,15.402731361902752,12.484934790689376,13.510148518295352,16.561233787052608,17.670269581087176,9.716544216772455,12.11869021052709
13.282420853650335,11.633088048773832,9.302202949884814,12.669996221516897,12.136898930592636,13.133483691424887,11.487570316069657,13.628463856376946,10.331355946765886,14.016138254687121,10.549369579109188,11.819934680784963,11.72561505631889,10.28834489293224
12.045144629039196,14.854865109399753,10.240437908689684,12.184922115856418,11.647487922633088,11.13118530301827,9.619221086590187,10.203577180168585,17.05932558088842,13.391478956452767,9.84602933574878,14.1682382935249,8.245491435650687,9.520222178888906
4.11693997296652,10.547079680433487,8.507046102018109,7.423258019397358,13.541094388507718,9.124860212657534,9.89969506600002,12.302126661856645,9.123886225822798,12.067923470059089,8.662845495573412,6.9843034283246945,8.920052356901934,8.214061178603542
10.356456501285402,7.266735749653078,6.701220545027901,10.130422724963454,9.152761259447605,8.643156900735903,5.744745110322963,10.79105202747818,10.269309330638045,3.5437589616272263,9.20178662698762,10.612056736180046,8.88049058000318,8.503992521406849
4.102962124101076,12.833439222240623,3.641606431564211,7.1246420694628165,6.307501028688633,2.4173848554808526,5.082562587683198,5.647378031792756,10.15203350366809,7.75428238323812,10.561291650212365,7.231951641519943,11.015374761215167,7.250797040662455
4.512125564991949,5.6526229226933475,2.557145053553832,6.155280434996773,5.871940800208048,6.72002744250429,8.381955523686713,4.03555772505217,7.4844589106404875,3.812276200401055,11.466051647095751,2.1653196538644504,3.6760087441509017,2.7842389711813356
7.04481975227031,4.165156361617272,11.07112705173637,0.6822138534871147,3.1450744902901553,7.360143025364513,4.434491501903172,6.1722810442387,6.137227002672715,4.3881475775955625,5.236071321599255,7.834380912572513,3.3735595004785752,2.77684308831677
3.224016911405591,6.5123957965945785,4.606341688253888,4.365514623445961,3.3154469754649987,2.106889452316648,0.38288340019517486,4.514323596791526,4.241456545526569,4.834465774601398,5.875266495460226,4.427274340603957,2.2475469540138064,4.489863660663824
2.6342987808788885,2.51751626150827,1.1062420911564952,4.869869433960946,3.0780270497575857,1.8498953085121146,6.886293031750327,3.8623143438398895,-0.27481034922494096,5.188316433059011,5.499819334384884,4.457604875267691,3.5787126498023154,0.012737126438393531
2.477137874058733,-2.4469909514817965,1.4892064245483292,1.3093357359149007,2.1693568092663083,-1.0158177094112095,5.381266081038544,4.618869775939325,-6.584635588838593,-1.0387014079567467,0.9120407797222717,0.17595864550641482,-0.05354443305435774,3.523409645636939
-0.9560882873562522,4.344711449386121,0.47268188816184054,-0.45507530697249576,4.749670684715067,-2.2693104143534586,3.205688127732404,5.043525796872578,0.43937175820582924,-1.6878338981826393,3.2028203903743693,-2.2944455029677067,-1.3128125794363443,1.1261031456138448
2.3031782520938675,-1.5261431103678669,-1.3974862524628966,0.707311131806859,-5.482079021361653,-0.031122475815936523,1.2499625936200731,-0.09595928474413562,-1.8218910887707884,-5.266573530317251,1.1206170613214148,-1.5578469384771516,-0.591710482553627,-0.2118766406131818
0.6218523825045429,0.13914332177827649,2.5277275651890783,-3.0711355124019213,1.6085284838095912,3.0092235449089584,0.46018061577013203,1.735055161675247,-2.2153206101558234,0.476404410675647,-2.5010285064214397,6.1306036736623595,-0.008200763919561815,4.784515856624935
1.7449039039289804,0.535704112801574,2.938036952497568,-0.4424709806008404,-0.7652217658300381,1.3547576991456438,-1.8418065558545837,-2.380031046321621,-4.98918893195548,-3.6633789177103937,-5.287965965074543,-0.42205592996209657,1.8875715852708406,6.496809284107368
-1.1106666858982732,-2.0393085513570597,-3.2294042282937676,0.8454381501036519,2.3774789007305275,-3.62136678776098,1.0426881073086447,-3.620751401891089,3.812521008177429,-0.7451408196630298,1.1265640700460118,-5.254394600952338,-2.4553266778083627,1.3292263921818637
-2.183085717824079,-2.345809265904953,-1.7449083833085273,-2.4559022806174786,-0.8853451599409898,2.0698588078858626,-3.4281407806445223,-1.669120204346709,-1.315172991855742,-1.3707365870858839,-5.073188173669597,-0.1069012152147848,-7.06170445652452,-2.0646822968306173
-3.028318562739883,-2.086622366355345,-2.5387254380516833,-1.7605085603560762,-1.711950541790435,-1.8292423210721895,-3.088626974276702,-0.8200234633874446,-5.556299359356713,-5.480035496103767,-5.5959973215999685,-4.091293666558702,-0.12809545746307816,-7.373613722553917
-4.046116664247695,-4.784341708525119,-7.82903935716513,-9.628632578087231,-2.059139099480538,-6.990712183158243,-3.3190233488172494,-4.982064382144918,-1.8511536958868215,-1.1558810357442102,2.7324083379471436,-2.169276995100253,-4.1155107257709505,-4.059693782080466
-7.664461789541532,-2.4267334717450626,-3.30940661994645,-4.5895303256114435,-1.8008857645855016,-7.073977324031537,-3.2545917168816145,-3.348727909313407,-7.417438969622754,-5.372387068696702,-2.2383185302468096,-5.101860377607798,-8.321783382063892,-3.0907285502507538
-6.137223673540172,-3.666681938518122,-3.1757569928661704,-4.2427235402884405,-2.571428382981474,-7.500245674318391,-6.412058958460719,-5.701744579145671,-9.57166205121232,-7.885883007778379,-7.342642309497582,-5.2657870546290955,-10.800399005312268,-4.345246178972329
-6.02556073440628,-9.319996010965681,-3.408686896002548,-6.896080568186845,-7.726223396335125,-8.017757052072767,-9.2049281119935,-7.64486667325887,-5.841790780959846,-3.184103238802715,-10.423533392421247,-5.6714097698596415,-9.469539960485244,-5.97423676005422
-12.358475073550167,-10.352604634912533,-7.200358026952974,-8.88742081811447,-7.060133202329429,-6.931906435484975,-8.609290105585147,-8.66554273119031,-9.273485085694162,-8.387975687468163,-10.588164819589194,-11.107633933179034,-12.633888908751693,-11.336097596491783
-11.988489822757915,-12.468152501337816,-4.79932210457412,-13.10843506718759,-10.842567651834928,-10.411336903039436,-9.795475049829804,-9.145100523874886,-9.263209583458933,-6.512981627107696,-9.32378808584814,-9.37260401233964,-9.696749895083853,-14.624919454590456
-12.747504590080798,-12.267705644983032,-14.08977007890035,-14.565509616172811,-11.034921899713432,-10.942098510871547,-11.885060260146007,-15.41493389763098,-18.219658289886162,-8.571509327752004,-10.288422922394206,-8.717829448645226,-13.643128483692598,-10.864821171511073
-14.439038130127765,-12.639355657843268,-11.053378469672047,-11.095803284972678,-9.857785688889853,-9.573914387536693,-16.6692358404333,-12.043279958830603,-15.21505243750655,-16.83547869045429,-14.598951123778544,-10.357017249882603,-17.610695527581044,-13.875373711970424
-13.476828197765304,-12.419187517638179,-16.10592074474538,-18.014379288812687,-14.377053062756977,-13.317865298120873,-11.735002254614272,-19.17930310041994,-14.163043497778538,-13.698334820646426,-13.820966439684275,-21.12453312866525,-17.279346398664,-14.582797295554048
-13.885974545491532,-15.640442717240228,-17.284521240486626,-17.287668280412866,-14.643728489490451,-19.355573120844344,-15.6524436849775,-15.64913407863361,-11.186832190773476,-19.047590371442773,-14.968511857385163,-7.459355592113145,-13.220531851923724,-17.505487922385846
-19.39031670778887,-15.41178926301087,-17.53190227630439,-17.176320401159213,-17.05848659403988,-19.47648139067308,-23.194285041304454,-16.307519360156704,-17.95673129372191,-21.491496844496833,-15.812342882554402,-17.44929538460289,-14.767988614916387,-18.656763050326585
-18.20119416449422,-18.352502370037868,-17.417790542336416,-16.88158710349438,-12.58239812300014,-18.871857205572088,-17.276660053268383,-15.756680760592056,-19.310986873925824,-17.49722468079332,-19.15877610489984,-18.36118677504312,-14.24806696363836,-11.215881989636413
-12.86855991929688,-15.844215583086903,-18.55402824215546,-19.692320346383813,-15.588914017599306,-15.595033259869163,-13.173356229539827,-8.620407893301497,-17.036003720802086,-15.314198005066874,-18.150559126844705,-15.233706841799021,-13.706039953085291,-17.29289608006895
-19.465573698179416,-19.971956121467922,-14.830802429310197,-15.849035150383559,-15.709477640413189,-13.683541762562152,-9.338331397542976,-14.372690511329482,-15.182689774894774,-18.923681949879295,-17.708207580288498,-13.219094497493614,-15.211043311770934,-16.29762142093366
-15.747087383164697,-16.962356629488053,-14.258244777704276,-19.887948413918107,-12.126545111185234,-15.575813732618082,-15.050606132633117,-19.340759571210434,-16.359063703746337,-19.088971466543804,-15.289586227914473,-14.808291854403747,-16.700076139443958,-16.759643848895042
-13.219798111099697,-15.862605473913067,-11.647692384302923,-15.302610985256692,-13.956017602726893,-12.550555909050384,-17.515142467295085,-12.888331536428824,-13.217312827311012,-11.68748106333506,-11.477696425342256,-14.63632173675034,-15.700919139094072,-7.883070231273582
-8.78931203369416,-8.25777519104962,-8.669130459691402,-5.360034488798281,-12.838310714740198,-13.455572525737995,-13.693270098502607,-13.578014145227032,-13.936461595557578,-11.712947103994257,-9.488720528544007,-14.113125283171957,-10.313888357451857,-14.127709341822213
-2.4162063199354167,-7.832372899584366,-6.518290180014171,-10.37411463213003,-7.726970811248531,-9.358909755597638,-13.491644757797218,-6.514382996713579,-10.65832672508847,-11.68355509303915,-6.372720921190282,-9.975157666934605,-12.515162386491538,-9.124229562432726
-8.313839935803438,-5.418526791308451,-1.4445629817609795,-4.39200321301977,-7.291602875804243,-5.1850551523109925,-5.322379295799592,-7.829501029558175,-6.924076627269265,-4.492994875755459,-8.040391463764411,-2.0857776913784587,-5.058117701932407,-6.39501039156744
-5.007144193921748,-6.860886915653347,4.47322145880931,-2.710868810256565,-3.3402136364387163,-0.15683658947981138,-6.872119746774024,-9.728748014871115,-4.370824142986499,-2.3447386766352993,-1.1146976047640824,-1.2814180787787657,-4.974575212083792,-3.81589854433199
-0.995854862712686,-1.4129875895725887,-2.458356316684874,-5.117377637581843,1.5455274844912665,-1.6014857262908535,-3.6344180836351487,-1.8913818469073114,-4.79656201545709,0.5762599700879055,-4.256842254637685,-3.623113584797783,0.6933890855306138,-0.5330739665833606
-0.38614370372287166,7.20109728102789,1.8152358186297564,2.4505991557291735,5.470553711192554,3.484760908962101,6.7330526323422255,3.280451469368228,5.482196953605903,1.978027298459189,-0.42916464188926806,3.3075043112115283,2.627680671902089,4.334305169103823
4.556454285965297,6.32074964598938,1.1757838726869796,6.119549257588475,7.449132128481375,4.409060935453453,4.210631526643102,4.660563788685677,5.661195712565965,4.465583354740419,3.995691050227296,7.387411134857777,4.584543205547883,4.798121811338328
2.516253410250876,3.0756473700197358,10.703738866580592,6.957007300146253,11.663043415304434,7.776700169368105,8.701121099521252,10.27640536180458,10.386450999160735,8.942438318310295,11.829027737837368,11.891150043059,7.4430722726939615,10.70334622820881
7.061803950417517,12.608753405833738,12.922178733420651,4.7294832194515735,13.169543967397942,10.865489615620646,10.68496060189694,13.098880386282442,9.114263938070621,9.519688801690227,12.320745718678142,10.865665356290746,12.193919438363157,10.109685062366045
14.636113555871939,11.386569991339348,13.828517294268758,15.275186857371718,16.30086862531805,10.971001653080421,10.988347575525234,13.729739677835632,14.919536764656042,11.72509920012814,13.71738426326192,13.866723360611404,10.524205062167884,12.450554172066306
14.004068262114473,18.952522405028564,12.36345879567525,15.552042091433647,14.555982106958867,12.383524521483066,10.833310530416433,17.87224304397589,7.884728256583296,13.475053992166151,17.801576794207055,15.169498641947522,16.539133413085757,15.077852862145035
8.478249717961479,20.2059901397169,13.525336565714454,15.959207495750064,15.80232460859193,12.631474136387512,18.731750696276155,13.215383742673593,13.743995524898486,11.74899002547306,22.13347069376205,14.341032582760132,14.503079201197684,18.784399942922057
13.17146120191633,11.554803221154273,16.999510107457954,18.72659618512273,15.564216628892312,10.174218161540399,19.05419679454738,16.99163324418922,18.23611443510415,14.157860398928642,15.328820855259313,19.27668006078509,19.714647396361148,17.043675079289194
14.138620296818074,17.045827241117937,15.24465486872728,17.268542334416978,15.317076137477924,21.051699325138962,16.59866294959877,16.832094832951405,13.880611496926516,13.446912053680277,15.685670458286607,16.54399216245101,16.324298967826277,13.785250023342453
17.120443555000932,16.50902095580333,17.030349560272064,12.04362079937894,16.66789946426193,13.967085956779615,18.88795602875193,16.108221134507826,11.786065170938366,21.190244883367196,16.81285216722213,18.67102954557717,14.352599431138387,18.097550785382495
17.589485355177388,16.488496256921934,18.33936864003473,17.9370861302818,17.23821922744882,15.797228869158506,17.893130853254895,12.71140280777112,22.792925990554203,13.095187842499765,13.272107504172094,6.5726274052399685,18.99591315331414,15.766617478457475
12.973773097886017,16.319204021473375,22.934660045978628,14.556808886277327,9.167876543256218,14.03127296598553,16.1453441340461,15.416475221878423,16.219971597812787,12.334353422368757,15.533287081974782,17.240164445945,13.387006209740143,16.058976550186188
10.143907420711034,11.392574306583112,13.185059074925507,14.967404943403457,14.14854691651668,12.00675948995305,11.261322463799184,14.712189943840603,11.67209990273911,18.456246402587723,17.475671865814945,11.99884276567494,13.416863184862889,13.532980017837302
12.136357641990298,12.913332949687224,10.772763575768385,10.883152926128112,12.888583596982597,11.677924227664164,14.457724996141676,13.801893720259718,12.146516932998466,13.329881104998513,10.162470362083816,7.063685699984435,8.565768978836083,12.559757570779972
9.863148432255377,12.941557875031387,10.41344412879674,15.249060266356357,11.230857002362448,11.612372698445006,16.231884760052772,8.846674915791532,10.462046067253917,11.196377688413232,6.421602748396819,10.99335359542173,13.416994580389673,11.23213520509036
12.16833255036801,10.663842319083182,13.97619304853928,4.69125829725963,10.319012882141076,15.025595450669972,7.946517280262017,5.1576984677735656,9.85322370289297,11.507350312302233,8.331244091519784,11.023063938436536,8.434865983996655,7.726111208523288
4.331464266760447,5.8796530260364435,6.691349684897673,8.21173173861033,7.573149504933931,12.647380696076917,8.945417527188475,5.162923615472448,8.804212959634059,7.008279246157936,9.859446338796568,10.609125200407808,3.3163038899385624,3.4578149915565346
11.486976744318623,5.703914921954458,4.316660071986828,6.286652817673559,6.3354649101681595,10.193937383322124,9.718119244012698,9.704247279111343,7.805947512682219,6.212542605274456,6.189883241781203,5.592777969547592,4.756467588954587,2.6700394307438575
5.879429499077906,1.197171208308058,5.774575891065755,3.8743246724609994,6.60169773739884,8.7286504934534,8.994854573902874,3.0285292371632124,7.583289300060625,5.034402490087966,8.439200424959,10.121777955328264,8.423170073630438,3.3170519631391135
7.0300900625703155,1.4230506311504212,3.1660220310559373,2.7229786807756717,-0.47877232341896914,4.293094040377846,2.773880780060082,3.4991123096593197,6.495429354659696,5.756617473201825,6.3566794253306576,-1.060372855679958,3.1278926280600965,2.943398705092118
5.628889874318823,1.7103213344879944,5.16118853749898,5.579923912046722,6.5597748871552675,4.4067989498352,1.383746525503539,5.418907572175509,0.40050661697357137,1.1732330517049063,5.069955631462383,0.8440257790757228,5.21156193614358,5.023336872838273
3.630282462722225,6.693169381204047,2.629234589667892,4.395243021013214,4.0500806509944995,3.0024940155596838,0.4862797258571636,3.9049973967185285,-1.2791034271814938,2.602449010516675,1.425175759354326,4.471523918522532,0.005815745215063561,0.2807827555484492
2.5920276041140733,1.5041137401043367,1.422319084406872,-0.5494218423064208,2.0261758418656033,-0.6722246969356571,0.7650566821765273,3.4022382301839595,2.022036739700348,3.0135887744562253,1.4490671361697767,3.584713081245739,-1.145343640699842,5.301185915312786
-3.0647153203777195,-4.774287450902738,0.9841382415790064,1.0374334191374932,-0.9228358796494263,-3.9451674271774264,1.8294925246633276,-0.5846471097342492,2.7072600422851036,0.10492006715152635,1.2850158557279272,-0.8334235868502184,-1.4628436243152771,-0.6198143841701
-2.9664275540925606,0.8855691841481891,0.7772115360099279,-3.9571948146562304,-0.06662604781746895,-0.5324331045523854,1.055071704226717,-1.948590442565028,-3.81583505298124,-1.5487166855837566,1.4317721923004538,-1.19418851025718,-2.6251901900458328,-0.712497537393047
0.8398849483492046,1.5742462890333941,1.1547335753849606,-1.8559701861123554,-2.3814029165378345,1.7545253984691902,0.9536619631878982,-1.021141559089062,5.544833957273797,-5.594340333533247,4.264077916514243,-0.1048596139379792,-0.02927620664728249,1.1384049616727978
2.306871144233407,0.18925093551996053,3.4743113617249732,0.7363499698322953,-1.3304607850321282,-1.6387376496510442,-1.2213851785590621,-4.0102782323686075,1.9252954897966945,-2.548871518841074,5.397724923549518,-3.064685858311528,3.309357226072818,1.4780057180218034
2.000418183086203,-5.261274588913716,-0.6611734202403627,-3.5931189965884514,-1.6358319117646198,-4.127535954648232,-2.1640457542489306,-1.460796364284005,-1.435818578903775,-4.123074183340599,-1.2419690787462532,-2.893745663320314,1.623194775252688,0.8547884039720786
-2.065220745140578,-2.507985513129549,-0.5808096930209934,-2.476411353493012,-2.344584450585378,-4.45324306171622,-6.7276660231869645,-3.769842173665423,0.12260121065286333,-0.31056497974709063,-4.050292325789394,2.3846570380558614,-11.194522959472149,-0.5488921975995493
-1.079462915076904,-1.4289027525495388,-6.838746646753412,-6.606718627968398,-2.018762424479451,-1.5273302104303117,-5.293606357100639,-2.761787263094279,-2.2211732867010134,-1.7929228619778472,-5.096857985410479,0.4320883339733834,-6.976239158124009,-8.113890468623946
-5.631372054195317,-6.343320498455672,-3.647045219859907,-6.080540094625311,-5.045587591012577,-5.360100438304158,-5.223003950772454,-0.2290137566366921,2.215510233955098,1.8354876125851192,-3.740288619490041,-5.828590137539253,-5.58458801726812,-7.023290803653065
-2.7747290028324345,-6.570425648532188,-3.2600066545299327,-7.152588655746961,-5.19660334978708,-8.92102953262251,-8.657081990620146,-0.5944172082473775,-8.22792665225986,-3.8859015765370284,-2.0216510211599283,-4.669789753097085,-4.7238422878541755,-3.643787259507897
-8.213262669025212,-6.135629469803436,-3.5912893173058653,-4.040281194242964,-4.679503995401866,-7.1056960591905955,-7.494753886708068,-8.720571107539847,-10.373301169703756,-4.395809484348945,-7.666275738509467,-1.3217802779770569,-3.5956202749309676,-4.912652694948637
-6.716242660371675,-5.301310226902507,-5.459951660164334,-1.3931033765813385,-2.5959704338695264,-8.562889359697262,-4.368976657688407,-8.244259339104913,-4.656213261092763,-7.12693877035498,-5.147892339560521,-8.108643670142252,-9.392315136618326,-7.972556912485988
-7.315016496311181,-9.781740010457504,-9.518585759578844,-8.577141262875141,-7.806976370824658,-10.666454457122567,-6.089393066544152,-9.454342039341059,-9.698019228319751,-12.73128521279789,-10.260651866575293,-11.55420132738136,-10.527843042907296,-7.805962502633465
-9.949411845749449,-10.186464837515807,-9.823847567401813,-11.152234537596481,-11.639152458267137,-7.581627167611503,-8.822615033386116,-9.528549629921567,-9.008640015673947,-6.978393292571656,-8.618136059896258,-11.791985046126566,-8.172055353117244,-5.978685224953891
-10.142813413110774,-6.101078016818706,-9.974894624570155,-12.111166316994256,-14.625625826788358,-8.752706251915324,-12.990632358248675,-11.89769950681721,-17.144883780174975,-5.460550655308074,-14.47790950533711,-9.977916289588965,-9.30600891833777,-11.393690657339182
-6.51726065654148,-15.893005816709376,-16.54514354513753,-9.232112057382464,-14.72937944654903,-14.751605234481298,-13.696461356074037,-11.001820072027916,-12.50782189347268,-10.493624352876212,-11.54314143305042,-13.505956828276362,-13.682703932021413,-14.677556767828285
-13.134637331138723,-14.91421035048481,-15.699226196225542,-16.72558546470643,-18.682829311307202,-14.777124959823096,-10.625225256498926,-18.97499355802239,-12.67981034808349,-12.868937989084312,-15.052474985321275,-12.327696927704277,-15.354949053633446,-12.912388436086612
-15.643181355026647,-14.215056699435817,-16.599387571467258,-18.742943852097415,-16.44411832076006,-11.944480532604803,-10.20436636573587,-14.54079701932355,-15.891481732398807,-19.274325345151958,-18.215750057205923,-21.28310144169324,-16.837936647879165,-17.32874292409395
-18.66141370327342,-12.346581456654773,-19.948673975245445,-11.300537587571718,-13.220867823258274,-12.959165534212689,-15.637918684681562,-17.848269087662864,-16.401072863980012,-19.82092214305017,-13.549460286674767,-16.576348996715552,-12.40544296811455,-17.365253022523294
-18.561943256573,-20.7669513598561,-17.08348986496522,-22.53705018371462,-19.507602360014715,-16.18220163874355,-16.60243012339525,-18.15445492251523,-17.713135579057976,-20.78669212891878,-15.273666463254647,-17.6800477615146,-15.355070570839551,-17.386042918180888
-16.111791711550588,-13.488743624244957,-13.198972658337794,-15.517372304736597,-16.039670566832736,-15.433515401103964,-16.719340021445753,-16.881472369137903,-16.165671634501923,-20.186346754302456,-16.352698257358803,-14.204488235438857,-12.340716755367685,-19.712703547350532
-16.78426735121832,-16.959849618008747,-18.145073793606432,-17.67322468066678,-16.362552899247788,-13.125246390087712,-17.505511181194368,-15.198747114724828,-16.712649834152437,-16.85616534324869,-16.260139187460766,-10.012758676107484,-17.792569040170186,-12.14341374178894
-18.738271006830015,-13.391132172288648,-11.90779213573554,-16.26619650492083,-13.14897024529089,-14.807728532271254,-16.17656544575098,-15.25142873968764,-8.73800547635045,-16.570413619154817,-18.73117348439864,-15.985743606957257,-10.287513297772076,-11.330594382852851
-11.790413197916589,-13.286206614610053,-9.671012344762866,-19.130710271279966,-12.930610237488978,-15.576807583563511,-14.258256975530765,-8.818000420579246,-11.927959105438754,-12.349173188045265,-15.96260154467414,-15.290315874258717,-11.69729011332351,-15.061621897400626
-9.33973791251662,-13.188215080189812,-13.825469677910139,-11.873068818635982,-9.076053139542585,-6.574281808987332,-9.66679846230094,-7.486069123433109,-10.832008003911547,-7.954463119402514,-13.798209010140912,-13.428267408938023,-9.07875884604856,-12.515094927370988
-10.550214429900947,-9.656374595250837,-7.7666913438224405,-11.383174155459775,-7.969427250702026,-10.759189755698293,-10.16462342002524,-7.95915314479422,-12.085774077725645,-7.710337906375036,-13.88881676876911,-11.768784541913707,-5.399689444373294,-6.851014431235159
-5.062757955976064,-3.286246913758907,-8.98029733043214,-6.195823151702595,-3.6099181722334075,-5.684116645667493,-7.636463372696816,-4.790084502991542,-7.520323428375115,-5.66292161471111,-4.072177570684648,-2.894636737777782,-11.188924775754234,-8.86238577838167
-4.015127348706646,-4.268349335151582,-2.5728831421192258,-5.536659138763741,-0.344971730577619,-6.2473528686793856,-1.2022854905867213,-8.543920501482138,1.1965348990675375,-0.5337770284985295,-4.372762713106768,-1.5134043852723256,-4.06116820447132,-4.244645026643358
-1.309948779676998,-2.2441721622073243,1.6244403305330253,-2.4428887769489336,-1.2248608692000966,3.0518162464968377,-4.005913606823757,-1.0929043922844541,4.104735775154417,-2.245234601451478,-4.56276159899118,-1.5288061105659594,-3.573934492162763,-6.282192432829827
-0.04112735317022742,0.7043798565550563,2.9057134088473733,0.808737697836956,4.499581936240171,0.1375029905335372,-0.37340811392728823,-2.717416953042216,1.6359738145085478,2.004713752312078,1.082670822006395,4.251231937123266,2.9940902530130615,0.9163113830138268
11.326340307893064,3.467153179346789,8.214060598353147,7.0672176529856845,3.9822936432066895,6.302947621578641,8.719701308848242,2.3146625160753964,7.896076635858652,2.692340710636349,4.57804018473762,4.412512565439227,-0.6623004614234578,1.7922298829501493
9.816806208997049,7.71856210381706,9.06056939096672,5.108034445641617,9.488465900092589,8.752180174913477,6.4618569474307925,4.88852457909977,8.71055912063391,5.504692958025234,9.934982015864508,5.889484114003735,7.64804930840079,6.310134327341587
11.350877959844256,13.272842689964904,11.725637450953576,9.447414741646558,9.827605431203871,10.350497209862114,9.833804241366778,17.998080728751532,12.844364062434245,8.504083415853444,9.861155098709569,11.929607294542132,4.15611495920313,8.553797880497793
13.597376800933194,15.26448764890371,11.827894417032464,11.143013577065526,11.02371293684415,9.46960547219125,10.567210473265717,10.724023408449419,12.77432677009352,16.07393221632337,14.244600997665179,9.08841020082317,12.589641724608487,11.279605108347713
13.086413296144633,12.204608739917447,12.7449873582435,13.82018997521069,15.363947077327254,16.704507237042307,9.592534552518337,13.638868371939639,12.53732774597656,17.08039641458079,10.968518344881529,12.916509511275448,13.762387890176331,11.582616143551764
13.254808619476226,13.155016897316855,14.946862621993368,17.23396667493339,15.442925043101045,15.249250798566676,14.642089011560918,8.531985130186163,16.636094433217522,12.864200719537703,11.289975079516552,13.490325602507927,16.135043715491967,17.240522373031652
15.66113586881003,15.025890642538569,15.363144497647511,16.721994574528914,21.52859783462252,16.9329879932949,17.003517855980274,15.457693723665361,14.249821516116587,12.01344292447459,17.784921477801927,20.47296918308518,16.813795900876553,15.65428959552868
15.448622381072186,16.272638640190017,16.91643901960309,17.540780661588514,13.3474333764164,16.470201233725994,18.736267667591495,13.14621126786049,17.872623731780212,18.214347551196585,14.680885842034836,13.245469537494584,12.722491941149666,18.2217531245284
14.538975889454273,15.930289220571122,15.821557118331564,23.884678071450818,16.652276307324236,14.984453513329452,12.648055979777055,19.616010066760275,24.64021241748086,13.275462196868023,12.267390670066895,16.873278968249103,16.940692814559412,12.615453456031585
19.951959295911692,16.9233121523543,16.717100146932868,14.43949812205979,15.531137081656587,16.0916206653631,14.362494398696043,15.238759430330756,12.399065794957146,12.62635000798281,14.80361439832043,13.662018683024368,13.220118146758395,15.02171864643926
12.632501743992863,16.055495424592724,12.725569439190291,18.980720438005438,16.752566579705952,17.76124371194387,15.060960187809911,14.849866399532507,17.882553600245938,15.526931646173391,15.449546691383478,16.876711200952514,15.945867455840142,17.721730075134793
13.80446830055001,10.674892643026611,17.989671364805837,14.50339400916167,13.349083119676672,13.012765680362774,12.105355452809665,13.051614271991653,13.887342317955243,10.586661724461706,14.612747237605692,16.565100357548204,12.210622745784438,14.752917630952478
10.128075588203526,12.379769870852298,17.332540630087696,15.146957395660426,12.917545021329502,12.863473862467307,15.010216481827516,14.90368228323298,13.710118833248218,10.962276669351038,12.222645659555072,13.467216871276227,13.96784180399536,11.606441368794753
15.84211115573385,15.42276502736887,7.480523311232385,8.40907771072277,10.572016507377853,11.661194841700622,14.218308831106697,6.815343951364264,11.577351575579701,17.020648181365566,14.912822496720038,13.005902017196911,10.747899803511238,9.060714300064856
9.11928515759637,7.87308912542396,11.293057978485178,13.716471215413396,12.570370424035104,13.109153612927539,9.001244640375447,6.083910586087581,9.678796845171252,9.21434157975248,11.236755362854558,8.876088446010257,10.130180554472755,9.69085739895974
5.63065985512882,6.476277035627356,6.8649585617869375,6.58394346976943,3.00521841244851,12.155836892319364,8.969235898468833,7.6521095367253835,4.286296635953136,9.829749264976797,7.613463759001989,10.923944515582065,4.8857029197863175,5.15420023709674
9.156134798532127,5.294599118417752,10.800605324352293,9.954935888476017,6.570772666870548,10.501764621515756,5.6031096777041505,7.5016431336367395,10.436735114166709,2.266324219005398,9.977325418142684,3.6972674130183605,5.176574252249721,7.750188538578151
6.962855339150775,3.05146612221251,8.590474995311867,5.989167642456301,8.072550459361707,8.377200849342612,4.993288021222045,1.5101017906039536,6.513674318413945,9.216960941578552,2.002557792013703,6.222413979242287,7.520313435667417,8.128610438583914
6.522214989149641,2.945922628288381,3.4427336906273887,4.98455423726841,5.449897825787733,4.742720634598588,1.5419697211780448,2.297906303330047,9.690915979950878,3.4841347371454257,2.899951576415279,3.8468669642651694,3.7659389666299337,0.5203094545765516
5.951777220334547,0.633472501128824,1.354295517656639,3.459097542921734,6.564114023823824,2.367008997975255,5.882594970120943,0.7167419517929976,2.455841032207455,3.4572798833448015,5.66370390550613,0.04258646310993974,2.69844465826249,0.6913212041904915
1.5790144584838681,0.6331180673568655,-0.3296586893519935,0.9549554048099549,0.0685692728369669,0.5806115092173234,2.593684056718237,3.949296780443342,0.24694637963330068,-0.22213972426735928,4.120788670555095,3.8902211552890735,3.5809356755016664,5.359095497196532
2.6291160690493145,2.9266086854971,3.3472441572362195,-0.8773378212750611,-0.9641112290518001,-1.652574033387971,1.1358652464906172,4.3078421296285185,5.322238037056049,3.0989644224148543,0.5754457519594438,-1.5803122258724631,-4.7310960187208355,4.531795770221928
2.3546388188849057,1.5679612037734265,-1.1577498472286103,-2.8111728286645232,-1.0838989290110268,0.47611519302624694,-2.3590926020039737,2.0449953979968156,0.5311193174761074,-3.854165855549431,0.23128477921501112,2.604852996323282,1.3422750591142056,-2.3346010613644417
-0.4352003902032968,4.605035535315098,0.14605779575092137,0.5269692073121495,-0.38828496116923217,-2.332544382361533,-2.1125547668631075,-3.8158300324119123,4.882568435031007,0.7727049227693535,-3.114918153005185,0.8909302045535856,4.353500043670789,2.4163046585201995
6.788151863781727,-2.4200515987648057,-1.851070257050964,2.1229728650540185,-0.03160867372418752,-0.07227662822507736,-6.850477134034481,-3.412288755476226,-2.873661192510405,3.3949971354444037,1.9885997201563566,-3.9520199469182264,-0.7262336359902205,4.083277477714191
-1.3375903644839746,0.5662517828020315,2.592912833955775,0.9070165623436788,-0.2120227090542804,0.5786274903473636,-0.15691908160213847,2.7498400276838155,-2.76738590872494,-2.870847710231464,-1.7087357279964603,1.0846360925955536,0.04901440652079525,-2.033975254251313
2.2101954690693484,1.3746417638321855,-1.6471299818935334,-4.570847169479367,-0.617899544073345,-1.87829318650553,1.0654465897307883,-3.376409602281246,1.3195815508619626,1.617167743512717,-1.074144594669141,-2.700451021426903,-3.0105065041950607,-3.9955023637799294
-4.8364541087337765,5.035971329550203,1.541046310064603,-0.698581278027931,0.7131057190499037,-2.1756687587339307,-1.1429870522597616,-0.42309680572502417,-0.6046977880906208,-3.1591568079474586,-0.12892450384107046,-0.977243013567121,-6.314384505891643,1.215229227228717
-6.622117089193881,-2.5708540625729523,-1.9132357484416425,0.2570549553911192,-5.353922891042872,3.0139723608196602,-3.067206733069872,-3.7095552725652077,-0.26000915795249924,-1.832084480890134,-1.4323561506341655,0.39117977195666676,-4.708145658193754,-2.6774735073581883
-2.9221354456845283,-3.086806906024492,-1.5828505620015454,-2.1023398911175053,-0.6814409580006262,-5.426956471027151,-1.8691664337897063,-4.473456406313832,0.26253460846035326,-7.683183737335963,-5.165152639847862,-7.579343226324951,-0.11515443273312487,-6.904258975982685
-6.635967302429983,-5.062462991413983,-0.7772809385081922,-6.279362030387167,-2.6387188558718306,-6.816251565180886,-4.850809511625499,-4.225966956292735,-2.214436163957231,-4.501148910591127,-2.54020804805728,-0.14427599249930445,-7.655690310504504,-5.273309243389539
-7.265162855316869,-7.7139523710237015,-2.9871910026862087,-7.100339186732404,-4.146644344134566,-2.834346657067038,-5.807276127738877,-0.8491930026961017,-7.786004979184835,-5.519055822488543,-5.393384171920568,-6.869228261637722,-4.8189442035192895,-3.291928018285222
-4.641574518787947,-4.352043869032039,-4.8983759312928505,-8.873237702966726,-6.6773587159574905,-9.034731367780562,-9.275073397796088,-9.056635257823903,-11.030707619010823,-7.4148258715224,-6.83511443894996,-4.921153723602609,-8.329413725060672,-5.063201048505685
-7.658168158686124,-12.054700483198296,-4.977197101223004,-7.288035980107868,-5.731409096149556,-8.155130180451938,-13.15423846898431,-6.463642974715082,-8.14339731898824,-10.003123415868371,-10.827422068552073,-7.910121082918583,-8.90254889993761,-9.953566351323289
-15.025810837957772,-13.423778557993954,-13.424850777868901,-6.102858515254255,-9.325577051421082,-9.453228053112285,-9.40531711558413,-9.147622765641753,-9.545174087153075,-16.339543050783842,-10.113521207296872,-10.00552358380414,-8.710021619972025,-7.269577182429051
-9.021637691201706,-7.9876101797789225,-12.051331699220441,-9.889509838646267,-9.890064731403136,-9.001083021261657,-13.04192312273646,-11.790241382693244,-11.750526224628256,-12.916106203327393,-14.233148601710013,-8.584568670295287,-11.903843041500613,-9.135029641204135
-14.159011044965816,-12.657272523430672,-14.02314144617,-12.424790570502257,-11.330380966719712,-13.203848728513728,-13.590666144990118,-13.829701187327458,-16.646474488380765,-7.679687598585961,-8.727361563124626,-13.70938507624021,-14.667345873614092,-13.704633522768047
-15.684506089893716,-12.868169705208281,-11.987278561712184,-14.14522482709585,-13.708719950104689,-11.76031445743145,-16.60448530646397,-14.090768265093944,-11.477607915954206,-14.053046789485856,-14.14440543465518,-14.07156146010909,-12.56512146844291,-9.599297557114852
-18.24787896333422,-12.357340421432433,-11.596486517716151,-14.782097600996273,-14.056255283844834,-7.6388428270478075,-11.652038142388971,-13.76293568589416,-13.95320317518452,-15.654934854590902,-11.909650308732967,-16.240129655663356,-12.965043547576881,-16.296608330116513
-13.051939269373786,-21.744238917144493,-16.810501386176554,-13.958839448629439,-12.777984718453387,-20.67222609659099,-16.930048803876147,-18.37573080760586,-15.769336432709574,-14.926529402743162,-15.303185521049361,-16.454581510614652,-14.370057552302788,-14.34772767595042
-15.59877918606812,-19.978704428528946,-11.90885348675005,-14.99047564926592,-16.621688207880872,-18.120116418263017,-14.158904352320736,-16.890696821210224,-17.502041843572286,-20.42805212388713,-16.197166948956486,-10.104512069102265,-12.189066986258808,-19.208676002765447
-16.644788464945066,-15.44050174587209,-13.739882777574564,-17.57046413432624,-15.66117572731363,-17.71077485521857,-15.499627190468834,-15.18611182544166,-14.410542025576898,-19.09803256862076,-16.400014135750396,-15.052908048518379,-15.656746169477962,-21.385045157548312
-14.108939365969977,-17.106958192493085,-16.51286827607998,-22.047599359371993,-20.145481516254275,-16.47593568376197,-13.499147018992701,-13.506069593031825,-17.021604672121793,-16.39854406574402,-16.006822054168747,-14.191458518307346,-13.764928016471089,-15.110132522718141
-20.11650092202992,-12.785057838878515,-16.507547257681942,-13.496690385659518,-15.980813771945085,-16.874530724299603,-18.2113026062001,-12.018371947099471,-13.240247564596254,-17.139269412011853,-14.48575846187189,-16.04646141106208,-17.480468182799402,-14.589620028609723
-15.174263738784358,-13.65475582524838,-13.076636249951648,-14.565789415179399,-13.758876737841154,-19.455607053091338,-14.439074385144426,-14.860904843279018,-12.95537955904479,-15.494047377567782,-13.000699348745677,-13.754953944632176,-18.293046226513525,-11.516390327327791
-10.505683290861306,-12.390305444384076,-8.76608215870073,-7.867542616020973,-13.993203240121268,-14.418671770173313,-8.97201335939602,-13.004009372632861,-8.89333322716568,-13.44964928957299,-13.500177093588409,-10.714987500707828,-12.336550967967394,-15.271159157695585
-5.612640344400543,-12.782361823648134,-11.050749777762423,-12.838306567178691,-8.965168563768863,-12.869325106504348,-9.53522884184935,-8.60260369748154,-9.752095476300944,-6.817244409487483,-13.2541003702363,-9.462535424125022,-8.166062327025443,-10.22596754569969
-2.9592910692003542,-4.643029804666897,-10.44841248233928,-6.592413264204135,-8.806456512639755,-10.172817821396944,-5.10368999803819,-7.235862263803325,-10.27383772555311,-5.701054279408094,-9.417241452029074,-10.975322264633256,-8.843065333640997,-7.149311466211279
-6.524564950356827,-4.263586338187082,-7.1027412146201145,-3.3908720571265025,-6.316463989404749,-3.1057197901034055,-3.5277171182558007,-2.9830875106612624,-3.8705539050827173,-5.64909325953435,-4.076760797313389,-3.9806901488072794,-4.687834320952678,-5.948334274415682
-2.212579665659403,-0.7820788067918644,0.009854646880482987,-0.8816162192248786,0.008236424141110366,-1.363282954240636,-2.7898704964247694,-1.0974342345594503,-0.38612280588517445,-7.549289527316681,-4.17240050220266,-4.448322057750387,3.791271005849833,-4.196070514940968
-1.9379861625329964,0.2386835680555266,1.6986977318084853,-1.0055769828166499,-1.6962842985983673,3.200239877378774,3.0994341782554287,4.51238250271968,2.011480883630563,0.32824358254569597,-0.23505448769540171,0.35359388368200095,0.5042182533294952,-1.0538076527375067
5.153391426505593,3.6253468778831435,-0.04969622627207393,6.859709711322036,4.2798593900362585,10.707777132743427,0.43356450378270894,6.976831731916883,0.4480116622438266,3.523298237464417,0.5571829725583259,5.794561994301119,4.981598966106962,3.3099046131701613
6.738077216842336,6.907735917195115,6.666132038616392,9.601102082620937,5.709278179010033,4.235070352711678,5.279157196484479,8.527096030666726,6.477045888632613,4.664913140635114,6.563265212029514,8.076745994131521,7.850546749451383,12.724479499206346
12.977011140488509,13.042004966904578,9.011010857620498,10.984083628814156,8.98057807329888,11.409894479824311,10.48394256027329,11.9113084316513,6.135063689667334,9.416122736767399,10.179567563607895,12.166092269298886,9.506650612840863,5.2317533054659
11.720173436405405,15.506193340754024,10.36832497271732,14.741118934338203,12.503182308701549,12.30394278104786,8.383157509962182,9.743812805259665,12.333562589966306,10.768523925615096,14.285206726105086,11.456113246756566,12.412715308427972,12.3930845540774
12.034290940069518,16.608042900168,18.755138599867124,13.37767175053752,13.82656293830045,11.690548931940043,13.830060438795327,9.797687833878879,12.770982877437355,11.723071842054608,16.93421770294516,13.814102302314357,13.772303531918162,13.576375918147313
14.439325402588073,15.138976305066373,13.567542488332805,18.651757284881004,22.235721645052433,16.18167541740518,17.817793013703493,16.562861141191117,12.363902304777689,16.389683791699586,13.088950040130932,15.718123690132819,18.18117386948753,15.482058102855694
18.659603326143614,15.177140833382225,15.818676401095773,16.19955677495714,15.190829125387852,19.344007601839802,16.897453250956126,17.238021427914074,14.305440003028954,13.231979999777668,16.222772935685597,15.605879127682574,17.81666648448292,18.15394021621137
12.871966159680005,16.38640466215101,12.852622188043224,16.806510110975246,17.8358926734316,15.48005352493972,14.643934703127698,19.553183655729008,12.650028083313039,15.656964350943218,11.636776001554423,20.124553855319753,15.486919295315788,14.577651216129288
19.204129170065386,17.295296884441317,16.532922269338716,17.702863786525516,14.269031306150097,15.85128469796908,16.587552778806774,14.868247196130461,19.14275722309644,21.72088844010781,21.337694484643784,14.913912812680131,18.638863506390404,13.842563786745743
16.08012442859962,15.865939451872523,13.768052911772749,19.342163231721834,15.693341130668347,14.811339773041,19.982745526410532,18.307629887237866,14.648387237654743,11.687604257227097,20.638736322188322,20.964216257700958,16.89974013095976,13.437956815954209
15.985782468749568,12.072490210564006,19.43890185334859,12.612496521154432,19.194259184108226,14.359159040946697,14.543688792189414,13.458277619138471,16.934000134993074,18.371652375090715,16.076365547204258,14.496637727927242,13.745038615070179,13.723289236149494
14.555490119667233,15.568751413289297,14.59571282699054,11.87512849759613,13.246057436209906,15.598831861801449,16.0144368859357,15.219138138914243,16.698187695510544,14.65270214499249,12.576173621235275,13.148515804266998,15.14032009888083,14.001812111998698
12.321563857495939,12.09356111245723,13.451496650593553,12.909614689857612,12.52010571921698,10.911246671682498,14.77933012454315,18.294447683661986,9.84378691926854,15.40018506067397,11.779317143897046,13.473785888682595,18.576700670252308,10.073651433098824
12.120560255536638,11.724755742301168,14.288188452248058,10.098118651490758,14.236823762311328,13.051485953969252,10.041140078915634,13.199171299869962,10.8256138977138,11.325523091227971,10.507372133026978,16.151186132929183,8.631000080133148,9.69836010582876
11.678322771569789,8.58179600621217,12.027293620857055,8.900251414323838,5.369072734735341,10.762711332699118,12.673191801468247,11.706102553861523,12.30286870616145,12.593140077352418,8.263024859556054,9.260189688801077,9.890558583757972,5.552734707812206
7.403365538856611,7.333735679816481,8.174699790287903,9.066045004493883,5.756420762891818,10.292716282118352,12.752549673154334,7.182349005295606,6.850447176907771,8.751858433973416,7.906172641938417,10.716611978994628,10.143267042505537,8.9470913227296
8.009693523996205,4.592114214099029,5.651566939435552,3.0530114827649992,9.937131211818317,8.016121184639896,10.663767385674308,7.449275345229427,3.498359368173429,6.156292253464981,5.381406874561927,9.529295618868696,6.821299988020481,7.925260801802868
2.0265504640781185,-0.5750193449287817,3.9213091702511407,7.577822492349744,3.14186620603381,6.301153884950171,3.7091147652006096,3.695423641329173,7.188500956179788,6.444811608486882,3.342796142270382,3.51055726201235,4.6263575129242955,3.487401547181672
4.909603462879309,3.8264907084747204,8.261761542530532,3.0920114689584466,6.630259650683836,5.626419075313948,4.350626500938202,6.855810541251739,4.165543808691123,2.6569639966563985,-0.3468451539456847,4.398088622966201,8.674103735160879,2.6597600102593213
5.240954324227029,9.966161688778191,5.719509946189759,4.2847225945475875,2.750617790575131,6.053320082624112,0.9106949835113771,1.10890595767024,3.6623389685595855,4.556974717552928,1.5663990716507226,5.555393851496013,3.3955283085795283,1.0972544666830717
2.064148197667995,7.005985178591413,3.5298983641312502,2.8717607914583922,1.0951102316071406,0.4364197464961723,2.180984171697764,2.6834765484206655,3.6838843305412468,3.806781049026842,1.262601629728344,1.2562057192293588,3.8006521594123814,4.540084933025976
4.236129206164318,-3.403093815771387,3.337431564009507,1.8121616102553977,-0.4840552616230158,1.0133054979905267,-1.8287992295977453,-1.8285050507862786,3.3937216720078016,1.5224243397984574,3.234715278772001,1.8263099418997644,4.995643203320619,-1.6594349673790414
2.683695214148437,1.9734242500206844,-3.097612863333024,0.6723324717811826,2.5153067034122323,-4.057153916058786,4.160571626139992,0.06665084821182199,-1.9918945635778802,-1.8112041975751247,3.425190307101806,0.2390981427465242,0.41570062947335806,-1.1186083176887287
-1.4503289334978424,-3.2630891120031293,4.692420296881841,1.1613965673418871,0.14804212554515778,0.39691771472736104,-1.5675294380841711,-2.6259411338967102,-2.765002087112256,2.0331742099756287,-4.987327058057434,-2.8014630882419485,1.4328293244996981,-0.4515989067458195
-0.5340829761842594,-7.1413362006242584,0.2147281062193496,1.516208907321134,-3.628551596513,-0.7881422633464253,3.7213808262222696,0.26532438307031436,-1.9549484626593374,3.720279477663922,-4.634579244222162,0.8538323904678711,-1.4356556567337349,-1.7626830305019474
-0.856960083298386,-4.59566556446871,-1.6011879430333575,-3.80301375978664,1.1312894684809311,-0.1342889494312357,0.3626753899752595,-3.825258655947078,-0.4705933844985477,1.4281430373832167,1.0419074356457638,0.9296442158637221,-0.8270903101222077,1.1230279020214413
-5.406856021308922,-3.551068879756932,-5.017072319485356,0.7028834865976092,-1.4124893845332496,-0.40249419161811617,1.9385432966602405,-2.0383213013625716,-0.5294465761347116,0.8835387901388698,-3.361622226937369,-5.005265245348006,2.604925709199281,2.5464748276851465
-2.715691327570644,0.7227306238851181,-2.0657278282467155,0.3319980425091562,-3.032477168170405,-4.996700007230563,-1.0790705191042278,-4.290312400402689,1.4852168821275153,-0.9682932432056567,0.23626171839688137,0.318231751940101,-2.4357278727143763,-1.2300474139513609
0.7821374252241324,-0.5041824513539006,-4.520483757815577,-3.5087855786741393,-5.1352044135462585,0.6531030574771015,-1.993502536789045,-7.395092511296,-3.8628122541491297,-0.9376948579655364,0.6144716280667373,1.3425252712728737,-0.5930198539138043,-5.094373728358569
0.9808564904431316,-2.613856719232377,0.506137120713519,-8.960804149718308,-2.7652662040355116,-5.105039270796386,-5.808183348195577,-1.8847795308097663,-2.145346282738637,-0.5545987334932172,-0.23751765832680993,-5.653067160885913,-5.358917199087815,-3.2369487513726023
-2.8141098741250703,-3.4354750859783665,-2.8384923882978192,-5.558623201925185,-6.95018987871898,-6.316772384924495,-3.4156858168067723,-2.026654798550449,-5.1520128504239535,-2.3913127194721735,-5.71475046615908,-7.162527372114003,-5.961619338350914,-6.604198907628113
-5.644203129253023,-9.458434396638657,-6.458639380827593,-0.8199591457700812,-4.572263244473042,-5.000900585887345,-7.249024400979405,-6.347505043085432,-6.950515783518382,-3.771093743304856,-1.928591515928602,-7.688998976161882,-6.745080202543213,-5.085865387187168
-6.695106269331254,-7.701169657024964,-8.802438661396549,-4.395763251712312,-6.696549597852531,-10.402824530432609,-6.49702215451132,-7.164798772178432,-7.04473195049937,-6.340847687485476,-5.325306397479981,-9.022103984295285,-11.689294394889831,-7.238271743530166
-2.725513023181957,-5.699319155135714,-9.358267094535067,-7.077978743612794,-13.98498741137437,-6.558116364007763,-8.437702298833617,-6.8215450912231,-4.100481124745665,-10.98612238793431,-10.543281389498372,-8.060815938953745,-9.944051846642282,-8.525177823758778
-10.71307699666344,-10.013198383491376,-11.422755000276569,-8.473944215818863,-4.487339003865005,-8.831125472265393,-8.063852664938702,-11.761228857394128,-10.374399484679106,-11.484949121652246,-14.179267106793638,-6.760874972633916,-8.544714296712804,-10.871131633619301
-8.714736738453428,-9.2036783724996,-10.645668642300423,-13.597196676777283,-13.899579207625965,-13.03542820644635,-12.445245717081601,-11.214656590537357,-16.41325063125996,-11.800273015783244,-13.735793165714052,-5.7431007730289965,-13.436590481117873,-6.981015466939285
-12.22145077162273,-10.867320169473228,-12.641569194724957,-10.182842359597574,-10.682935306150407,-16.349588997165164,-13.112717423992853,-10.87772818772176,-12.759077885995262,-8.518874933264726,-14.143546189617783,-11.713630693345285,-7.9149363708546225,-13.680210196719267
-12.061599955967692,-8.559438966411928,-16.40905028071644,-12.422349269514473,-12.9718567986142,-7.599424683285931,-9.756612610499499,-13.007772692746887,-17.895802853420424,-13.0772700155187,-12.286524424307217,-20.16527238156187,-11.526616448528998,-12.587125308034384
-17.429408348756475,-15.624216361652884,-20.647692328451214,-13.265376777907697,-15.194619966649235,-16.439619519637542,-11.045813206449075,-11.537057206028011,-14.687375304565592,-16.351638260949915,-14.886629130901511,-15.931030174752387,-14.341675329390714,-14.743833230109598
-19.226925632940265,-16.80588288346427,-18.267971913420897,-12.723384758657676,-20.00087318177811,-16.181781690881255,-17.999652640449778,-12.680853902710869,-10.348876761415955,-17.492508392983236,-21.115719688583717,-13.498083138356053,-14.325930774740193,-13.532381085415432
-12.037581459517728,-20.990788773005615,-22.277680011710366,-16.644704287619373,-15.092488739400183,-12.986085803458957,-13.37888810584088,-15.116197151559769,-15.325767330105808,-15.992348543214074,-14.594835903144759,-14.812798483892525,-16.679679878683014,-20.17369517658051
-19.312796163508107,-18.995695825057176,-13.07053464527383,-16.30960854887426,-19.365569045219104,-16.51686997091524,-19.02961367736967,-12.519811686804186,-18.204086757967826,-16.506531771611396,-14.622661872794113,-14.304035524496786,-16.419204464749512,-18.27933150191371
-16.75509580151567,-16.407379425361697,-19.98776693494508,-16.95817439508329,-19.638787404476208,-12.851702721886621,-14.790549116662746,-16.150418045786573,-13.77459906460653,-15.559593734010381,-16.47744873640992,-12.837661368030883,-10.455399044559039,-13.451199769568015
-15.344987834880335,-18.0494640979665,-18.842787621249638,-13.81462088823116,-17.837671804234454,-15.574397962990531,-13.999724821314961,-15.001227256902448,-15.942559988932006,-14.279699825284435,-17.917328180745354,-13.773350985961418,-17.70307001647651,-12.637823731998335
-15.512146836166721,-14.493383535350555,-13.337088684145609,-10.419203921022781,-8.48301219336475,-14.298030153644952,-9.943796665789922,-11.708596529980662,-11.288279838417129,-17.887687197756527,-18.61089745630222,-15.622980075053253,-16.591989983592256,-11.92382064164848
-13.764022597524812,-14.425803105284107,-10.451088950241237,-10.910012251492649,-12.463653609952438,-14.320637898265907,-12.583640550857465,-10.539307514015023,-12.688050876861759,-9.262321859756852,-8.127724110896818,-11.900252205660603,-14.17943033948307,-15.23534669654372
-12.765039432264729,-4.001491818468799,-14.640390100576406,-10.787751769616028,-10.025994627151068,-12.283753261380248,-6.120487687598329,-6.2161613321303175,-10.293795923250956,-11.783401504248534,-8.89235592754461,-10.853657865711318,-12.613149859717609,-11.929135771104884
-3.255531428126284,-3.9036842365590405,-8.415079102330116,-6.863101939153444,-7.104445225881833,-5.142657397908115,-9.841883645702687,-11.590973575165558,-8.987943293063742,-7.341036228957938,-5.181616040348954,-5.663099769546838,-7.954094895594232,-6.531638788570368
-1.3777604813978575,-5.876517870327761,0.09316949771183491,-4.018584705690246,-3.2382988879400667,-1.466249362567459,-8.002159090112034,-1.8283458289218606,-6.578862164603633,-5.7848973760870575,-7.044657632882474,-6.55716264978894,-3.6412603495465503,-7.036133577644953
-0.527286914784328,-1.2298194298302307,-2.6207298030280404,0.3607001800025562,-1.0556092079316732,-4.41711923139173,-1.7935083973175006,0.6165517600178945,-2.297420812409527,0.33858993952233063,2.4198324387608947,0.6115694058062886,1.0444400559592542,-3.2834204745707165
1.4154407358059238,1.55508957425999,-0.604643734855286,3.3461800417000713,-7.127166276588847,5.33867326342331,5.40384906057546,5.963882274262312,5.270466524704034,-2.766355974078327,0.15455302852440833,7.666250999543687,-0.3970945980245406,2.364736204325931
6.531824148459605,3.36367271628195,3.2774217966389854,4.201072093460827,4.743876941146014,2.5593109464844677,1.3822173572147678,3.7685259007966985,1.324677123856382,5.772354362914323,7.361942444904849,7.903845700630284,4.084356266336179,-1.357374300886872
4.128322498598653,6.106460747158902,3.1467130162025274,5.444700589573462,4.732831694375829,10.98686315352817,5.233284263883309,7.280661623907338,8.65440001027822,5.599862028105044,5.026235141775426,2.17264020644064,9.151658037900255,5.695832818884807
8.205178249338296,6.3534051947899215,9.204606722665565,12.8694312929414,11.26774658991809,11.448187408274526,8.220577408165267,4.968310592178796,8.471053224038679,10.46580437284686,12.562203798855938,12.79875365785983,4.8724719560046985,7.625162298664641
9.127511994964696,14.160939496959253,13.752401153397209,9.9566904965057,12.321754873593003,12.244501237245311,10.599846068367604,10.667748352668273,15.992620157271066,16.47013704014888,11.485987022193257,10.522142292910265,7.394130750289169,9.133482900718635
11.149471513751227,16.45209508868264,11.519647943773073,11.181665320416649,16.050674127982493,14.164836053191525,17.043744294918767,13.159760169627623,12.335824349673826,12.757952837916111,10.97129429481922,11.057692978116656,15.292527299675918,14.117504567026637
15.900393048690983,18.29992707923778,14.875093531557464,12.246046180826982,13.269909829424568,11.314335086934804,13.593227064390723,14.257156485287682,13.616128142975294,15.99853281913514,10.150254126049205,13.88784709160555,14.017979223085389,17.121485112942075
16.31497188946684,18.329902070007844,16.12421416873628,17.32005360695388,15.232379958561094,13.979816608120876,16.59002454707792,14.46690952246841,16.170576309212233,16.36463097342614,17.981017997325893,15.155573254827914,17.804062915101873,17.59624498746212
17.794018486100086,16.721307505540672,21.39652394303163,18.219719990014326,13.986908879784082,19.281991661741053,18.84702356191027,16.56595374949911,7.458137735724108,18.13224779302843,15.19179227629827,16.23779339895387,18.0491570937301,20.168185293045962
13.101615548515914,14.63884152416926,19.016492896473434,16.159679099037394,17.083619417392555,18.46772019513833,17.68478341534993,17.44274784071326,16.848268661723452,12.10796715974164,18.41993165659429,14.477332838495618,19.4724646152493,17.68888460276009
16.34761037086472,13.213167261467392,16.008814105836077,16.1123673570752,16.507379598202917,19.773604169856966,21.989404379360145,17.3383171261785,14.58977435502713,17.625512796122447,15.816150006095317,16.340389356925183,18.13495772124508,18.28983629531626
17.867860782926844,12.732601037013488,14.229552338667347,15.472860821062735,15.45408739459462,14.08193825900318,17.542363511350093,12.971081438481558,20.153907180025147,17.636101409832143,14.827676002126097,18.8235148047385,15.115375043747388,16.450116512788668
8.277873441703647,17.057342295271184,14.711764568539099,13.078431854069766,16.06214187051421,10.849588096410404,17.661062518624885,14.727702882182166,13.482832524713285,12.948356355828096,15.70581667048629,17.91006350648992,13.680024059938393,13.318143175126963
14.54429857898745,12.934945085228904,14.12907130387344,12.95187965602004,12.526378797350121,12.606251954896246,11.960177697304015,12.647463284820091,12.22445054563935,13.686703525530225,13.053112299647777,13.369712571143564,10.537676390165652,14.133584223174898
9.746939305720966,12.661755533388579,12.283764201614305,17.75570732763622,12.080903672115795,12.224670304052836,15.559133791212307,13.320202416904941,13.06966801752188,10.49515989406072,9.72997999113718,10.539279315727427,11.115733828136877,13.468004063298538
12.463071078586449,14.355550623330892,6.749167684399926,11.276186889170852,14.539188165848884,10.598114072384195,9.91601231653724,10.55816099912977,8.448407305035385,9.161277150770776,7.946057134381017,12.659596293118282,6.6744387318958704,10.972633077263254
10.339354938160506,15.896319026197615,10.63270336115595,7.299401588396988,7.291914634904842,4.143604238514909,9.601087243433264,6.258484162794992,8.248953298835136,13.404600555761462,3.791498213818178,10.00145450081226,5.79885846901952,8.510526528579511
7.6718633842310835,7.981239276394761,5.786153842301513,0.7843990839524473,3.8570922423434695,4.84718659284526,8.948384462266592,6.465797619513105,3.2530763615455047,8.53322065991131,9.094912755354304,5.229847670404771,5.0203733262635994,7.793629038155384
5.563196967901745,8.293424066128937,7.883085025373921,10.290184560917297,11.76212055110821,2.3974647473604196,6.172448359362391,3.321919080351165,3.2693398308085224,3.4397379647236828,7.259219315426652,7.163419846871406,8.29619672037635,6.74083717482401
0.21603599323807465,7.252696871253564,7.117469363232913,2.3757379936524856,5.928819160319049,2.6534620793153323,6.999798772130697,6.632146940773569,-0.15096781806795523,5.6503491436762845,0.5212110553090259,2.776231941238203,3.2043548412253737,2.1355301004755605
5.567077757103017,4.063059530148388,5.622004544671359,4.8743829017679445,5.221674571949239,6.157000627640278,6.88231842140432,2.5976818766810954,7.078153030839899,4.86995386112359,1.6437451782756807,7.802387752242264,3.0825393072885525,4.578726451641641
2.950676699267564,2.319196709538397,1.6162714303501988,0.7216039342485612,3.696512470665421,4.045254021863251,5.789324341977227,0.26114573347907033,8.932801694513845,2.1976112685092777,0.22288794761092712,1.1472553917008046,1.5702816154765664,1.883698685686561
2.783678473607656,4.886047172153166,3.163948911420807,5.858077271473239,1.1964757124087764,3.6370522748855767,2.385791436426368,3.498113471659524,-1.2620190868083143,2.2160388656326373,1.6225905755730694,0.020798911467783565,0.178519212294856,2.1623506879183196
-2.685039685802836,-2.7498159444809955,-1.7870929940418696,0.10601910447768548,1.6472000832018114,3.964786208835139,-1.2614899229808594,2.2151706246604848,2.216641563843327,-0.8803987118949759,4.6408852738033595,3.0470559112970683,1.8289071647157815,6.229685518525639
1.0725506488759213,3.2918119627005717,3.5093897414888735,0.6116047407419181,-1.4340282259530481,1.5997662800069472,-0.4090531049726185,0.6204014497121965,-2.200261904022268,1.6004957341149042,-1.597423016462262,-3.2796113242525378,-0.4659633247656354,-2.030683194465235
2.4075239906050085,-4.365454822065288,0.8802520808017037,1.3395483191170399,-0.26252260608505695,-1.5543960824531733,-2.0425387840099645,0.39893436447286734,-0.903166708589251,1.4159011812116136,0.7387151610005772,-2.6853219085220457,-6.339673984253174,-1.6517914341381743
-3.9572984593687743,-0.8434008519473216,1.7518357297061393,0.287916535127555,2.823791638373801,-2.2426510860033284,-3.312403093073861,-1.684001271849361,-0.2909786101336078,-1.3359417959714972,3.260324560709759,-6.798418037119089,-2.290422598827079,-2.13406845403314
-4.2310176534665125,-0.22489673173871283,2.4113729063164904,-0.9450483996641046,-3.4688897179318925,2.233689061364517,-1.8520853904637256,-1.6855340364528086,-3.82162702222413,2.664437566716319,-0.49798960457560293,2.825375297778204,-1.7006804917863831,3.9684209040899585
-0.0598050935450698,-2.93117941476806,-0.40117127388672613,2.2671492893218548,2.6306284561257165,-0.25265257693714904,-7.08358077444951,-3.2737457158109837,0.6490852526846131,-2.443213556260007,-1.1645060894467738,-4.657260421282084,-1.411078738774432,-1.331024455838433
-1.9623224820506,-3.128855897297938,-2.2860135335204066,-3.807193703603809,-5.8259104020137205,-0.7975653152592557,-1.731358126526294,0.7358728198527831,-8.615459258710494,-0.16886492103533657,-0.3929117162278766,-2.003622707927131,-2.3406087354698166,-0.6039789785643943
-2.515331537968903,-4.522955968819773,-3.5907296607426504,-4.332591238537768,-7.113668694813771,-1.6367287576388707,-2.029264832531158,-3.240005184595224,-9.14503678169941,-4.372234661403662,-2.6182516240533618,-6.037505423899367,-4.845215578934161,-2.236081019303697
-5.021905429609339,-7.173589739126932,-7.220499829968478,-5.728206032605919,-10.278543173301074,-4.240057773020629,-3.5688734354224287,1.6992282834620136,-0.23052361014690392,-2.6767283075121338,-4.692842859806838,-6.354573383914834,-5.099814464334333,-3.1341255565993205
-6.1093702000168735,-3.3206896021059484,-1.5924780047060003,-9.220370861515661,-6.511408213146601,-3.803558278187083,-5.846632571332459,-3.8482356612773856,-2.401980016404902,-5.58180228577281,-0.7780433808472953,-7.774372546509037,-9.06096131303427,-2.363282870656742
-5.498962606902108,-8.77342160331818,-1.6123554508013296,-5.721629667607197,-6.591707554549316,-3.958790484880196,-8.88339226620714,-7.612517720179086,-8.51871164234442,-5.371771161574784,-8.678706389463732,-7.840963059956693,-3.752488527563807,-9.830435319694091
-11.203312311842708,-9.92030935609338,-10.55895065555003,-12.988705610834351,-6.965393725590858,-7.896136670810692,-8.638487520272522,-4.5414943987737235,-7.854663416626205,-8.289481000648205,-7.173199403779006,-8.01772480256366,-5.366449080938352,-5.507828158163812
-9.092595226376066,-14.207275837730975,-6.948689218150118,-4.421539913469311,-6.589850276338707,-10.320581679384196,-13.647759762727574,-11.721733996486785,-6.0516859726545835,-13.59087091232282,-7.519648137919154,-10.483232378490355,-8.089614299520365,-7.568834634518261
-12.722716241336414,-11.181772290436193,-9.208210439121855,-13.336807342885418,-13.812361185940514,-8.902455081884527,-9.05277092339732,-6.905014418011285,-13.811662497044756,-6.381914706405818,-12.001339372472769,-11.684037656092894,-14.370201799550728,-10.635875592911846
-12.93063877801569,-12.492620362792112,-15.501461885446439,-12.527161771289858,-10.04556161630116,-11.976590128290683,-12.88037779197321,-11.336634904347608,-13.852645484406004,-11.185639429328983,-12.946888912808147,-14.461104824197898,-11.978713239227407,-15.076199384921031
-12.623407092919196,-13.581453619874953,-13.456494985203346,-15.532867253549616,-14.333625930032431,-16.938084312659136,-18.60738965115862,-16.04238888155783,-13.00721038371341,-10.631225707875561,-16.77043774215771,-21.15129197972692,-11.176344964509491,-12.683661915224011
-16.72641535201556,-16.245546313683665,-15.454869389063902,-15.690394726313848,-14.641240405031255,-14.291945914060124,-14.226530320311502,-19.8261341244312,-17.205036410611573,-17.22836371502198,-15.447911020115304,-17.010664814945667,-14.974106567621536,-18.138357907440877
-15.62760582922671,-10.32044287898095,-17.878769340048148,-12.464002182269523,-15.577646590996501,-19.328708298865664,-14.871745718738872,-17.934031962605008,-10.70766813806852,-9.62851713857535,-13.843252538316733,-14.137262939720895,-16.4346723921031,-14.425814813996508
-13.620279419124742,-12.585086643653574,-19.700728154452335,-15.577479415477567,-14.637539065229081,-17.86099499922029,-15.839377333646448,-20.222556618307568,-16.60040643365061,-19.432174165233253,-21.000472111001955,-17.502143495654483,-17.0732495909257,-14.625857262906072
-19.021724983504885,-12.641420357197692,-18.10042678357345,-14.932589717715308,-12.219836194379297,-16.77084178976661,-17.643036445269686,-17.102872360632958,-15.954547206074576,-15.7826766750413,-13.709472471436305,-15.60647445724796,-18.0690068360072,-16.90838850936693
-17.454224389017213,-12.032646710736845,-13.59694129988755,-17.641684043671674,-14.94774552711786,-13.7619865358848,-18.997134636019535,-15.02614440179337,-16.88337107692859,-15.736883339471223,-12.777609996480813,-17.81753828983047,-19.710005475164554,-18.703020662196835
-10.698294838166648,-14.814580932349559,-14.896951530558546,-18.574417522602797,-14.714890833850102,-16.49030159120544,-15.834057539408251,-16.9542280848433,-14.113569240865337,-15.230498883379763,-14.364438002819178,-15.854419880438336,-16.498527816424076,-16.646784112992812
-14.10570077568465,-13.343075544173844,-13.88929478087593,-15.094547661927871,-10.76046283677842,-11.056389877454425,-10.526513337866524,-16.05816750378006,-14.225060362388978,-10.237008467221184,-11.608023012873572,-12.962720375125727,-12.897586502720289,-14.623433796710282
-6.553751237766548,-13.742522082169826,-14.601054579773304,-16.491443502307256,-7.790210959460375,-11.772042848672514,-14.343914605552767,-8.752879127564215,-9.955112244753822,-12.246226989029543,-12.857494292531024,-16.410336543377525,-17.473971900750193,-10.122771803076482
-10.792087333452434,-5.354360690961933,-12.859792299233687,-6.618433731589759,-11.038217943675782,-5.107178591192307,-10.374685847022347,-11.316582248962952,-8.615287710110374,-10.54803031482415,-10.161376324182084,-9.485480817573956,-10.431451652741499,-7.277652971193701
-10.203532209664981,-8.422256659145502,-5.144106667895656,-11.426318992664457,-9.087210866788233,-7.889211447508159,-6.492330515059436,-6.682123864377484,-8.15549880754426,-7.697106556036339,-3.439108907780776,-6.5803467336871435,-6.140175431567815,-8.494882385116165
-3.0607391274082407,-6.808273333819756,-12.118242490437671,-3.0323112541193096,-5.785528627341718,-10.591052345165807,-3.0949734843932157,-2.898965464524255,-4.85552796856104,0.6504004261187788,-10.800142410646437,-3.222637482298317,-8.58526331310697,-9.839971983690456
-4.453714705914411,-0.7953880225482335,-5.785155980232052,-0.2690020802881059,-2.689805866952447,-1.1433776844076862,-1.1997984787192706,-5.369359782492391,-1.5191862318625857,-1.043768702330332,-4.666149873199511,-3.792351344778133,-1.0679517019399052,-8.906910931646792
-0.13346407067106575,0.30710971386184216,4.206701831316499,4.9061123292384625,-0.9179164167007421,3.4682371543464297,5.965720097805692,2.5568465636728925,-1.245890777757231,-0.35321601964902277,1.5307089363250028,0.8465616558474164,0.07677339455871834,0.5040046692979456
2.680384912684948,0.7290415580136727,2.4927916129126144,0.675903345423253,4.149607674981613,3.883312958826484,5.563172261231512,5.6917826817390536,0.15392264330548056,3.8091185729677712,5.946380040891347,7.655750507171412,2.8652133170678984,3.3118290435882187
2.3967961176647696,5.348714060860614,7.334926487359915,5.723699216454772,9.620087446795875,5.335982858069068,7.191422127718646,7.748326993503884,8.304083136913079,6.2557182215017955,6.714029612029229,9.34861695120252,1.7643592822007612,5.926642358999799
7.6694463868339,9.099384910947524,4.262046335887356,9.496878136984705,12.7571130582939,8.467253795581184,3.6317893731565416,12.35993241525151,6.614279373218418,9.48868742488551,5.672500281284039,11.852571457235639,8.820065456466187,10.656159025605042
12.488930290590236,12.607067246751114,8.738820749232689,11.485939360261511,14.331786491155265,10.29251709781009,10.535770808172828,8.999251297895077,14.876626128825135,9.914365890972732,13.953992854523744,13.413098993676783,8.505503855347708,11.245818934440216
13.476373706544944,15.53633133140696,13.915988699687556,15.67405137818411,7.518438938888464,15.54128894671125,12.607415170597429,16.364944856587133,13.98313141442341,13.629499474036749,14.130233519838944,15.344656944482871,13.089356706415252,10.565589486949285
15.666920455144597,12.30114786880874,12.037357621726073,12.618124760324331,14.240894397265768,18.46575094175174,12.670680813452456,14.85416968270911,13.924252151069256,13.13780878170081,21.534822245211743,12.577086890330705,16.800746933848316,16.32758321757515
18.69711782384063,14.239122879690333,15.504412077778085,16.281600091808098,14.432074278740128,17.833256295746043,12.587367397015447,12.846402896793753,14.26525237718031,16.408849626000528,9.965346261010506,15.664281742980414,18.29563946771181,16.756792987936723
17.75442237851646,15.206047390504956,17.53898495832775,15.864255184898054,16.229229683786595,20.270190075767474,15.042595751234215,15.91471908116448,20.27729436387843,17.311143446859152,15.232730121874287,21.292631857702922,16.816046662965753,18.580899821462253
17.40333614045612,20.62613111093321,14.427111888537127,12.317717660186645,15.563038385139835,16.460552585376522,20.26234376587647,16.08115416831735,17.30979097844502,17.968291431948742,13.780856278846754,16.4895953154692,22.65479488686401,16.817063326798078
17.77098091919256,18.527888708522994,22.932371536299357,16.03175903296414,16.893062649625723,15.149754517412282,13.841079584987236,14.963834101110807,16.08872287645959,16.040609560334026,11.584891962723454,17.55322344482748,15.632673828962181,12.977704431622795
12.676555705654376,16.921593515973132,13.221993990414244,17.608017208312937,18.08046669085524,11.525913606577937,18.38229535067296,16.26529849037698,12.708176474100732,15.728870757548714,17.3284552135704,18.733688815016098,16.87991754990068,19.59550887711507
11.934978855054233,13.579328396552555,11.062339338303712,14.699361160961482,17.309337408955884,16.142206744507167,15.220615797538468,17.154060376149758,12.11693896502164,14.74440300918053,12.510106595406336,13.735696137650287,15.8123445026853,16.768797010903874
13.754510996863484,13.92299484831703,10.271757862804225,17.098900985754227,15.897316764559278,12.17671863832653,12.569865418974024,13.061831941729722,9.506842643929824,15.964965266188551,11.955404598605341,11.3748232933489,13.738367980116575,14.857626685996792
8.525581964456292,16.101212062431898,9.852233673309353,10.140476945623558,13.22219945004223,15.602457130297536,11.669948261016163,15.92166186427123,11.90457858231978,11.014279089817181,14.148742750559862,10.984057575716948,9.908532228301809,8.799821844651493
12.546788731760941,12.332317783622043,8.611677331611133,11.74139580547954,7.018051111160156,10.199981661834624,14.582704380416995,10.489598530500391,10.432327102273225,7.652728224151196,11.732261278014835,10.975912471513642,10.148940750672876,10.46147143946174
7.870456827643897,6.564163305789327,12.672079933677313,3.9866802040490077,14.151980058665647,11.438126113349995,7.839648798975496,8.952995610294918,12.4665678207991,6.410772435684764,6.932508886347873,6.9789300838777155,9.158891195256963,13.40668793181422
8.161775902943855,6.9622142721882945,8.245509840191872,7.129031074794152,4.567947023819643,3.717612215389789,7.530265681324716,9.582230583331746,6.562221138323869,6.779856392890266,6.659810273400757,7.088348605563475,11.525119156565797,11.122405044668776
8.118113062158189,4.162972376270492,8.414719599708583,6.630398852878911,5.748136902284289,10.657584667936941,1.5937812188484015,5.522852895667848,8.017759988202972,5.2206604911504995,5.608760141153526,11.007270590001678,7.332112091224836,3.697493878066436
0.6832178990563778,5.37880208994503,4.495848979859163,4.282612678504313,1.7576850038875271,5.128320272991992,4.527572394640498,4.72214633130983,4.413624648703701,3.5686623404997566,2.9260308564707507,6.5698084908952525,0.4865832334738718,5.6745921345308
0.9957014935854023,5.713189611905498,2.4817777696628234,1.7525534961810063,0.007486438757415836,4.122182500788487,4.647607139184297,4.072224354440324,4.993556604333755,4.260936390585425,2.5102509162418434,7.467212655133851,1.1686756300431766,4.886481892983568
0.329052592762173,1.5458979768120562,-0.17696165306023426,3.5498055906850414,0.8351340013329784,3.4024706082075027,1.597845287687991,3.37752553149253,6.51434754906869,0.4489922106245521,3.9920429034562748,0.3934088927008923,5.235534244949866,3.053595991119072
1.9564079082027763,2.9533344020501584,2.744017502127094,0.9776815393220804,3.112243037983778,1.122030287700429,4.2131152408983015,3.086656191102826,0.02742224022402806,-0.648762925880964,1.2102829934770183,0.23049321271863832,1.06939168550914,6.212308393828753
4.323604980786441,2.4166931063728674,-0.9517480607404099,2.794453735545573,2.922447470930484,3.3050305945228593,0.5308713226276285,-2.0115486111324627,2.8348223256875675,2.577602082871847,1.5469194606759127,1.0358793907360209,-0.9920717547213433,0.6999159967378632
-1.1981002822250097,3.16497465822311,1.2275309106005454,3.9672005242793564,0.8371916909903654,0.46098549513246484,1.44029321309686,-0.5901309298925721,1.9157826835868887,0.2246214689818471,-6.900532406425674,3.0040941721872287,4.4386066203096615,-8.465031828866817
-2.901392621553452,-0.7979131551298754,1.8866789799352568,-0.6344915138913115,0.5692918449751473,-2.409796746163871,-0.3576580448227451,0.7541857718008077,5.784107704032374,3.492454892629876,-2.32903223015253,0.015103450771422444,-0.8506555128987722,2.7142874759069526
-2.154584356198626,-4.794569831554825,0.99008709237923,-1.6401514047994699,0.5347976648913071,-1.7918218324257567,-3.5298248870590516,-1.3371782857700585,2.501127321408296,1.4242340575143515,0.485128281122003,-0.20404089597052982,0.10952703104503181,0.7660720933976253
0.7085217415135276,-6.035964289824412,-0.7086423539743988,-2.2367309906437223,-2.0655230435136014,1.5073053456394503,-0.2363502600274785,-0.24000927702696095,-5.240399065555169,0.060837968404167664,1.3269850932207727,0.9289675018217873,-0.5315024185074569,-3.49382972751774
-0.20253240405105344,-2.810644919503889,1.56240602162787,-1.2754310808173748,-3.1449599625776017,0.3275351177897061,-3.4062998762370063,1.4520446466193015,-1.2072270242361058,-0.35781653800373814,-1.455648179392372,-2.7410928660396054,-1.0425617063516976,-4.265897839054528
-2.1128381548447837,1.6000813673081309,-1.2059828313683416,-1.7945868462857695,-3.188320880971932,-4.7347367540324,-4.405369482651663,-4.080531891369809,-5.183866813285835,2.496481030759911,-3.6633016329351547,-3.393756376176365,0.24999956182778327,1.7110015770507907
-4.170923683851511,0.9504361838719753,-2.2430288831514913,2.567388023791546,-3.037827179929236,-0.6489636176689499,-8.96626920645363,-6.095093595748913,-0.025530136166316275,-2.497494461552681,-6.952006125021373,-5.875205208322542,-4.090331922000227,-1.708548434978522
-8.82884857650776,-6.063135902907769,-4.7544246328313875,-3.615910856970994,-6.514905820053851,-1.2028820674658074,-2.094202075606724,-7.660153641449095,-7.716917800633372,-3.4517456400465516,-0.6292602471960431,-1.2598867542700112,-9.428301835183028,-5.853216057771622
-5.8182913549356625,-2.320266708962882,-6.040665875133165,-4.038476035304164,-6.329399531704323,-12.655348901317092,-0.1611378979753031,-6.231637895304518,-8.556283064962372,-4.7913720797331045,-3.480589823054512,-3.057558873361184,-6.116769765848821,-2.847442903105945
-2.6535630477977414,-7.259376044840851,-2.4592167346835256,-8.349056767994465,-4.666396440213694,-1.4351482856808007,-7.195378207489227,-6.688892524759287,-11.22195801314031,-6.924658027706273,-5.522956493049584,-7.134187605392659,-11.106957445714201,-7.256559254161088
-2.8415317156797197,-9.23474632744798,-9.435505521017397,-11.638915185876831,-8.570510538600022,-8.648390726157494,-5.867751313981415,-9.56308931750355,-12.714093818612628,-10.020359233285305,-9.35458379791594,-9.618635112541746,-6.087526131754605,-8.85168682948694
-9.787378337391807,-9.602926266003717,-3.384725014901683,-10.308255512423809,-15.432359795652044,-12.371448343182768,-6.126028026524466,-12.201202015538277,-12.469288448465269,-13.994272879268198,-11.201948702246488,-9.48499771264726,-8.690569224106794,-9.438171472205285
-13.995807309356042,-11.700332640830588,-10.885373118181365,-9.54504243696661,-9.955132357543208,-11.144790486212221,-15.273702742473155,-3.291460885516754,-5.270510492580263,-12.348359259947962,-10.86962796377616,-12.001760051534852,-10.116715273746943,-12.464716999548108
-7.771253941844063,-15.901227907242065,-14.728417857209052,-13.00470331517978,-13.680487138003805,-15.167354743235741,-12.947794859358389,-13.457515762000622,-10.897579560489788,-10.54528369062164,-14.766388182050969,-9.621097718420577,-13.77680156130829,-12.191577782390162
-18.17711831065074,-16.584049521339637,-17.878435320679948,-10.736345229446691,-14.523299749847643,-14.387560903821202,-17.165060091118164,-14.911153432864648,-12.955537892969764,-15.891496930641642,-17.78841504094536,-18.19034961933599,-9.542961025393318,-15.367108115444946
-14.416908565252097,-11.693181587341448,-14.530908162269325,-16.411306537510978,-14.653832596191972,-16.00544823439576,-12.132138179114925,-20.04766659229624,-10.890244916305937,-14.657169206718132,-16.10064038831746,-12.695833278373422,-15.00115713639061,-14.539621945785838
-13.323977792895658,-14.408212842795379,-15.16441365546126,-17.196843001215246,-13.937460495389963,-18.050328959719558,-13.50423213275935,-11.389658724445292,-20.269302755550765,-16.789356759419807,-22.483968263258298,-15.83280913000957,-18.803802799397722,-21.233650398617502
-15.603063207192008,-17.083926302555454,-15.419182975295534,-19.121724476072373,-13.57307343747831,-15.710508088873073,-17.360729253324717,-14.351885567501524,-11.4865292794876,-9.158725351145666,-16.56303965962473,-14.7438066798713,-16.1836209691705,-15.148181933166708
-16.01969960154751,-10.987689134053927,-20.8845880587152,-15.03631538432238,-17.59306707430587,-17.179276010640333,-20.540872502598297,-16.413859161893807,-13.013046003094493,-13.885823166288057,-16.791093700095725,-15.946021766621136,-17.188063096621878,-16.685529110092588
-14.062395379966956,-13.682194028535763,-15.546019614435282,-15.371941506347554,-17.490110924946716,-14.941246078269831,-17.784014951945796,-16.17537752005365,-19.788724175264193,-19.98253826028513,-14.053457005979345,-19.37028286402621,-13.884038577331326,-18.406540763197704
-16.044901322428416,-16.316528386935293,-13.99673326130894,-12.315569763829018,-13.076367032826374,-17.05537198321792,-19.13141932803285,-13.639976033948518,-21.52295461468284,-11.15205489813628,-12.83946324783999,-16.060223400525903,-19.11601606139781,-16.022707256076167
-14.631225164289285,-14.33963326013029,-14.912125481685914,-13.263244024215528,-14.880451178985112,-14.950343511679634,-18.658451222583405,-12.215828330970533,-14.663152818904376,-15.95223306394957,-14.076917513177255,-11.680756181581888,-15.677925390008511,-17.360748565035863
-14.007536550805067,-13.382306177302238,-14.436141311017739,-6.881603318968619,-12.076994584745787,-11.853567449765709,-12.791995124911558,-18.371490894407405,-9.31275809607125,-12.941672743981576,-15.94438541217616,-11.737912307625674,-9.034684321700313,-8.900918484516035
-16.2365605235696,-9.343295341416633,-14.424492187741254,-13.079955805705708,-10.964381031382938,-12.52651861806233,-7.507523011174937,-12.041550348348053,-10.032675614029674,-15.632820908663298,-7.324791606139295,-8.72511558238112,-8.749083351373809,-15.38627323623578
-4.253549703813129,-9.411473669601117,-3.1083069512659334,-9.26028720005103,-10.122441446426539,-11.906776950382232,-4.967576041772615,-7.7846634089481475,-10.647634151176684,-9.570436711558472,-8.76695676787263,-6.560136694976593,-5.576454888513667,-9.325508919229648
-3.996352609860867,-4.3733872990302025,-7.589130700150554,-4.278340260764855,-5.761586057994543,-6.744264840478647,-5.641831541015378,-3.5763567820803055,-5.502831834889744,-6.338936398335133,-3.9259600207799057,-3.907593334288504,-4.258517867914429,-5.427267800823004
-2.612984487592572,-3.653471386621251,-0.13460143181063966,-0.9053891893433574,-5.7717998896351626,-4.758049672880617,0.9738405593054011,-4.372202625088847,-4.471285312314469,0.4436983219491095,-2.5755290371618065,-0.4362531119061872,-4.959751035086887,-2.7812330772702167
-0.06521090263552352,1.2244272881380873,1.0727707871507883,0.9095755453933655,-0.15227948694802768,3.8502901546017445,0.34814264820345014,1.119172396912448,3.1096967415703136,-2.760373359732711,-2.487604915888754,1.6086119921060342,-0.25001604531373434,1.7233310358213654
